연도,레이어,시군,법정리,면적_ha
2000,EGIS:landcover_lv2_2000,서귀포시,가시리,75.679
2000,EGIS:landcover_lv2_2000,서귀포시,감산리,4.888
2000,EGIS:landcover_lv2_2000,서귀포시,강정동,226.166
2000,EGIS:landcover_lv2_2000,서귀포시,고성리,2.041
2000,EGIS:landcover_lv2_2000,서귀포시,구억리,9.451
2000,EGIS:landcover_lv2_2000,서귀포시,난산리,2.913
2000,EGIS:landcover_lv2_2000,서귀포시,남원리,73.267
2000,EGIS:landcover_lv2_2000,서귀포시,대포동,18.289
2000,EGIS:landcover_lv2_2000,서귀포시,덕수리,28.387
2000,EGIS:landcover_lv2_2000,서귀포시,도순동,50.718
2000,EGIS:landcover_lv2_2000,서귀포시,동광리,4.342
2000,EGIS:landcover_lv2_2000,서귀포시,동일리,11.063
2000,EGIS:landcover_lv2_2000,서귀포시,동홍동,28.1
2000,EGIS:landcover_lv2_2000,서귀포시,무릉리,31.109
2000,EGIS:landcover_lv2_2000,서귀포시,법환동,37.071
2000,EGIS:landcover_lv2_2000,서귀포시,보목동,47.299
2000,EGIS:landcover_lv2_2000,서귀포시,보성리,20.299
2000,EGIS:landcover_lv2_2000,서귀포시,사계리,8.847
2000,EGIS:landcover_lv2_2000,서귀포시,삼달리,4.418
2000,EGIS:landcover_lv2_2000,서귀포시,상모리,5.54
2000,EGIS:landcover_lv2_2000,서귀포시,상예동,37.848
2000,EGIS:landcover_lv2_2000,서귀포시,상창리,30.195
2000,EGIS:landcover_lv2_2000,서귀포시,상천리,0.058
2000,EGIS:landcover_lv2_2000,서귀포시,상효동,48.146
2000,EGIS:landcover_lv2_2000,서귀포시,색달동,12.254
2000,EGIS:landcover_lv2_2000,서귀포시,서광리,50.458
2000,EGIS:landcover_lv2_2000,서귀포시,서호동,9.63
2000,EGIS:landcover_lv2_2000,서귀포시,서홍동,24.621
2000,EGIS:landcover_lv2_2000,서귀포시,성읍리,12.858
2000,EGIS:landcover_lv2_2000,서귀포시,세화리,82.687
2000,EGIS:landcover_lv2_2000,서귀포시,수망리,13.085
2000,EGIS:landcover_lv2_2000,서귀포시,수산리,17.172
2000,EGIS:landcover_lv2_2000,서귀포시,시흥리,0.018
2000,EGIS:landcover_lv2_2000,서귀포시,신도리,3.857
2000,EGIS:landcover_lv2_2000,서귀포시,신례리,74.475
2000,EGIS:landcover_lv2_2000,서귀포시,신산리,14.955
2000,EGIS:landcover_lv2_2000,서귀포시,신천리,5.766
2000,EGIS:landcover_lv2_2000,서귀포시,신평리,16.924
2000,EGIS:landcover_lv2_2000,서귀포시,신풍리,8.864
2000,EGIS:landcover_lv2_2000,서귀포시,신효동,44.999
2000,EGIS:landcover_lv2_2000,서귀포시,신흥리,134.084
2000,EGIS:landcover_lv2_2000,서귀포시,안성리,19.396
2000,EGIS:landcover_lv2_2000,서귀포시,영남동,6.145
2000,EGIS:landcover_lv2_2000,서귀포시,영락리,9.339
2000,EGIS:landcover_lv2_2000,서귀포시,오조리,1.266
2000,EGIS:landcover_lv2_2000,서귀포시,온평리,5.445
2000,EGIS:landcover_lv2_2000,서귀포시,월평동,59.923
2000,EGIS:landcover_lv2_2000,서귀포시,위미리,164.067
2000,EGIS:landcover_lv2_2000,서귀포시,의귀리,89.314
2000,EGIS:landcover_lv2_2000,서귀포시,인성리,3.662
2000,EGIS:landcover_lv2_2000,서귀포시,일과리,12.088
2000,EGIS:landcover_lv2_2000,서귀포시,중문동,10.156
2000,EGIS:landcover_lv2_2000,서귀포시,창천리,11.583
2000,EGIS:landcover_lv2_2000,서귀포시,태흥리,121.044
2000,EGIS:landcover_lv2_2000,서귀포시,토산리,127.347
2000,EGIS:landcover_lv2_2000,서귀포시,토평동,85.249
2000,EGIS:landcover_lv2_2000,서귀포시,표선리,18.499
2000,EGIS:landcover_lv2_2000,서귀포시,하례리,81.861
2000,EGIS:landcover_lv2_2000,서귀포시,하모리,1.611
2000,EGIS:landcover_lv2_2000,서귀포시,하예동,10.802
2000,EGIS:landcover_lv2_2000,서귀포시,하원동,47.332
2000,EGIS:landcover_lv2_2000,서귀포시,하천리,12.71
2000,EGIS:landcover_lv2_2000,서귀포시,하효동,22.314
2000,EGIS:landcover_lv2_2000,서귀포시,한남리,44.392
2000,EGIS:landcover_lv2_2000,서귀포시,호근동,29.22
2000,EGIS:landcover_lv2_2000,서귀포시,화순리,5.018
2000,EGIS:landcover_lv2_2000,서귀포시,회수동,11.878
2000,EGIS:landcover_lv2_2000,제주시,건입동,0.915
2000,EGIS:landcover_lv2_2000,제주시,고내리,0.2
2000,EGIS:landcover_lv2_2000,제주시,고산리,6.052
2000,EGIS:landcover_lv2_2000,제주시,고성리,3.907
2000,EGIS:landcover_lv2_2000,제주시,곽지리,2.034
2000,EGIS:landcover_lv2_2000,제주시,광령리,10.738
2000,EGIS:landcover_lv2_2000,제주시,구엄리,9.498
2000,EGIS:landcover_lv2_2000,제주시,귀덕리,5.113
2000,EGIS:landcover_lv2_2000,제주시,금능리,11.535
2000,EGIS:landcover_lv2_2000,제주시,금등리,0.639
2000,EGIS:landcover_lv2_2000,제주시,금성리,1.445
2000,EGIS:landcover_lv2_2000,제주시,금악리,7.85
2000,EGIS:landcover_lv2_2000,제주시,김녕리,8.674
2000,EGIS:landcover_lv2_2000,제주시,낙천리,15.262
2000,EGIS:landcover_lv2_2000,제주시,납읍리,15.676
2000,EGIS:landcover_lv2_2000,제주시,내도동,3.812
2000,EGIS:landcover_lv2_2000,제주시,노형동,8.165
2000,EGIS:landcover_lv2_2000,제주시,대림리,4.964
2000,EGIS:landcover_lv2_2000,제주시,대흘리,5.395
2000,EGIS:landcover_lv2_2000,제주시,덕천리,0.405
2000,EGIS:landcover_lv2_2000,제주시,도남동,6.536
2000,EGIS:landcover_lv2_2000,제주시,도두이동,17.677
2000,EGIS:landcover_lv2_2000,제주시,도두일동,7.716
2000,EGIS:landcover_lv2_2000,제주시,도련이동,7.372
2000,EGIS:landcover_lv2_2000,제주시,도련일동,12.37
2000,EGIS:landcover_lv2_2000,제주시,도평동,6.855
2000,EGIS:landcover_lv2_2000,제주시,동명리,7.943
2000,EGIS:landcover_lv2_2000,제주시,동복리,0.695
2000,EGIS:landcover_lv2_2000,제주시,두모리,2.665
2000,EGIS:landcover_lv2_2000,제주시,명월리,4.919
2000,EGIS:landcover_lv2_2000,제주시,봉개동,8.076
2000,EGIS:landcover_lv2_2000,제주시,봉성리,22.122
2000,EGIS:landcover_lv2_2000,제주시,북촌리,3.011
2000,EGIS:landcover_lv2_2000,제주시,삼양이동,0.239
2000,EGIS:landcover_lv2_2000,제주시,삼양일동,3.745
2000,EGIS:landcover_lv2_2000,제주시,상가리,5.26
2000,EGIS:landcover_lv2_2000,제주시,상귀리,6.558
2000,EGIS:landcover_lv2_2000,제주시,상대리,27.376
2000,EGIS:landcover_lv2_2000,제주시,상도리,0.013
2000,EGIS:landcover_lv2_2000,제주시,상명리,12.169
2000,EGIS:landcover_lv2_2000,제주시,선흘리,13.746
2000,EGIS:landcover_lv2_2000,제주시,세화리,1.693
2000,EGIS:landcover_lv2_2000,제주시,소길리,1.473
2000,EGIS:landcover_lv2_2000,제주시,수산리,16.787
2000,EGIS:landcover_lv2_2000,제주시,수원리,4.292
2000,EGIS:landcover_lv2_2000,제주시,신엄리,20.604
2000,EGIS:landcover_lv2_2000,제주시,신창리,0.009
2000,EGIS:landcover_lv2_2000,제주시,신촌리,24.945
2000,EGIS:landcover_lv2_2000,제주시,신흥리,0.303
2000,EGIS:landcover_lv2_2000,제주시,아라이동,5.1
2000,EGIS:landcover_lv2_2000,제주시,아라일동,6.325
2000,EGIS:landcover_lv2_2000,제주시,애월리,0.773
2000,EGIS:landcover_lv2_2000,제주시,어음리,1.915
2000,EGIS:landcover_lv2_2000,제주시,연동,2.939
2000,EGIS:landcover_lv2_2000,제주시,영평동,19.69
2000,EGIS:landcover_lv2_2000,제주시,오등동,18.934
2000,EGIS:landcover_lv2_2000,제주시,오라삼동,3.1
2000,EGIS:landcover_lv2_2000,제주시,오라이동,8.66
2000,EGIS:landcover_lv2_2000,제주시,옹포리,1.259
2000,EGIS:landcover_lv2_2000,제주시,와산리,5.374
2000,EGIS:landcover_lv2_2000,제주시,와흘리,5.489
2000,EGIS:landcover_lv2_2000,제주시,외도일동,5.726
2000,EGIS:landcover_lv2_2000,제주시,용강동,7.524
2000,EGIS:landcover_lv2_2000,제주시,용담이동,9.387
2000,EGIS:landcover_lv2_2000,제주시,용담일동,0.688
2000,EGIS:landcover_lv2_2000,제주시,용수리,1.411
2000,EGIS:landcover_lv2_2000,제주시,월령리,1.236
2000,EGIS:landcover_lv2_2000,제주시,월림리,13.638
2000,EGIS:landcover_lv2_2000,제주시,월정리,0.404
2000,EGIS:landcover_lv2_2000,제주시,월평동,4.599
2000,EGIS:landcover_lv2_2000,제주시,유수암리,6.244
2000,EGIS:landcover_lv2_2000,제주시,이도이동,0.874
2000,EGIS:landcover_lv2_2000,제주시,이호이동,5.231
2000,EGIS:landcover_lv2_2000,제주시,이호일동,1.928
2000,EGIS:landcover_lv2_2000,제주시,장전리,11.278
2000,EGIS:landcover_lv2_2000,제주시,저지리,31.407
2000,EGIS:landcover_lv2_2000,제주시,조수리,31.672
2000,EGIS:landcover_lv2_2000,제주시,조천리,6.861
2000,EGIS:landcover_lv2_2000,제주시,종달리,2.479
2000,EGIS:landcover_lv2_2000,제주시,청수리,50.635
2000,EGIS:landcover_lv2_2000,제주시,판포리,7.821
2000,EGIS:landcover_lv2_2000,제주시,평대리,0.668
2000,EGIS:landcover_lv2_2000,제주시,하가리,6.655
2000,EGIS:landcover_lv2_2000,제주시,하귀1리,5.963
2000,EGIS:landcover_lv2_2000,제주시,하귀2리,7.987
2000,EGIS:landcover_lv2_2000,제주시,하도리,0.505
2000,EGIS:landcover_lv2_2000,제주시,한동리,1.97
2000,EGIS:landcover_lv2_2000,제주시,한림리,1.776
2000,EGIS:landcover_lv2_2000,제주시,함덕리,7.275
2000,EGIS:landcover_lv2_2000,제주시,해안동,6.846
2000,EGIS:landcover_lv2_2000,제주시,행원리,0.174
2000,EGIS:landcover_lv2_2000,제주시,협재리,3.162
2000,EGIS:landcover_lv2_2000,제주시,화북이동,10.311
2000,EGIS:landcover_lv2_2000,제주시,화북일동,0.883
2000,EGIS:landcover_lv2_2000,제주시,회천동,14.857
2007,EGIS:landcover_lv2_2007,서귀포시,가시리,79.019
2007,EGIS:landcover_lv2_2007,서귀포시,감산리,9.864
2007,EGIS:landcover_lv2_2007,서귀포시,강정동,230.675
2007,EGIS:landcover_lv2_2007,서귀포시,고성리,3.119
2007,EGIS:landcover_lv2_2007,서귀포시,구억리,13.97
2007,EGIS:landcover_lv2_2007,서귀포시,난산리,2.913
2007,EGIS:landcover_lv2_2007,서귀포시,남원리,78.779
2007,EGIS:landcover_lv2_2007,서귀포시,대포동,18.351
2007,EGIS:landcover_lv2_2007,서귀포시,덕수리,36.643
2007,EGIS:landcover_lv2_2007,서귀포시,도순동,62.513
2007,EGIS:landcover_lv2_2007,서귀포시,동광리,6.174
2007,EGIS:landcover_lv2_2007,서귀포시,동일리,24.073
2007,EGIS:landcover_lv2_2007,서귀포시,동홍동,26.934
2007,EGIS:landcover_lv2_2007,서귀포시,무릉리,48.948
2007,EGIS:landcover_lv2_2007,서귀포시,법환동,35.344
2007,EGIS:landcover_lv2_2007,서귀포시,보목동,57.693
2007,EGIS:landcover_lv2_2007,서귀포시,보성리,32.348
2007,EGIS:landcover_lv2_2007,서귀포시,사계리,14.219
2007,EGIS:landcover_lv2_2007,서귀포시,삼달리,5.437
2007,EGIS:landcover_lv2_2007,서귀포시,상모리,137.506
2007,EGIS:landcover_lv2_2007,서귀포시,상예동,44.402
2007,EGIS:landcover_lv2_2007,서귀포시,상창리,36.723
2007,EGIS:landcover_lv2_2007,서귀포시,상효동,50.812
2007,EGIS:landcover_lv2_2007,서귀포시,색달동,13.606
2007,EGIS:landcover_lv2_2007,서귀포시,서광리,19.857
2007,EGIS:landcover_lv2_2007,서귀포시,서호동,10.891
2007,EGIS:landcover_lv2_2007,서귀포시,서홍동,27.749
2007,EGIS:landcover_lv2_2007,서귀포시,성읍리,12.251
2007,EGIS:landcover_lv2_2007,서귀포시,세화리,99.961
2007,EGIS:landcover_lv2_2007,서귀포시,수망리,14.939
2007,EGIS:landcover_lv2_2007,서귀포시,수산리,17.119
2007,EGIS:landcover_lv2_2007,서귀포시,시흥리,0.018
2007,EGIS:landcover_lv2_2007,서귀포시,신도리,90.24
2007,EGIS:landcover_lv2_2007,서귀포시,신례리,82.585
2007,EGIS:landcover_lv2_2007,서귀포시,신산리,15.428
2007,EGIS:landcover_lv2_2007,서귀포시,신천리,5.835
2007,EGIS:landcover_lv2_2007,서귀포시,신평리,22.469
2007,EGIS:landcover_lv2_2007,서귀포시,신풍리,8.435
2007,EGIS:landcover_lv2_2007,서귀포시,신효동,46.864
2007,EGIS:landcover_lv2_2007,서귀포시,신흥리,149.245
2007,EGIS:landcover_lv2_2007,서귀포시,안성리,25.436
2007,EGIS:landcover_lv2_2007,서귀포시,영남동,6.145
2007,EGIS:landcover_lv2_2007,서귀포시,영락리,21.379
2007,EGIS:landcover_lv2_2007,서귀포시,오조리,1.233
2007,EGIS:landcover_lv2_2007,서귀포시,온평리,6.026
2007,EGIS:landcover_lv2_2007,서귀포시,월평동,62.879
2007,EGIS:landcover_lv2_2007,서귀포시,위미리,181.959
2007,EGIS:landcover_lv2_2007,서귀포시,의귀리,101.854
2007,EGIS:landcover_lv2_2007,서귀포시,인성리,14.806
2007,EGIS:landcover_lv2_2007,서귀포시,일과리,18.964
2007,EGIS:landcover_lv2_2007,서귀포시,중문동,15.239
2007,EGIS:landcover_lv2_2007,서귀포시,창천리,11.747
2007,EGIS:landcover_lv2_2007,서귀포시,태흥리,115.824
2007,EGIS:landcover_lv2_2007,서귀포시,토산리,146.71
2007,EGIS:landcover_lv2_2007,서귀포시,토평동,90.814
2007,EGIS:landcover_lv2_2007,서귀포시,표선리,19.895
2007,EGIS:landcover_lv2_2007,서귀포시,하례리,87.7
2007,EGIS:landcover_lv2_2007,서귀포시,하모리,9.771
2007,EGIS:landcover_lv2_2007,서귀포시,하예동,12.087
2007,EGIS:landcover_lv2_2007,서귀포시,하원동,52.12
2007,EGIS:landcover_lv2_2007,서귀포시,하천리,16.394
2007,EGIS:landcover_lv2_2007,서귀포시,하효동,25.596
2007,EGIS:landcover_lv2_2007,서귀포시,한남리,51.896
2007,EGIS:landcover_lv2_2007,서귀포시,호근동,29.047
2007,EGIS:landcover_lv2_2007,서귀포시,화순리,8.18
2007,EGIS:landcover_lv2_2007,서귀포시,회수동,16.857
2007,EGIS:landcover_lv2_2007,제주시,건입동,0.915
2007,EGIS:landcover_lv2_2007,제주시,고내리,0.2
2007,EGIS:landcover_lv2_2007,제주시,고산리,155.761
2007,EGIS:landcover_lv2_2007,제주시,고성리,3.284
2007,EGIS:landcover_lv2_2007,제주시,곽지리,2.257
2007,EGIS:landcover_lv2_2007,제주시,광령리,10.575
2007,EGIS:landcover_lv2_2007,제주시,구엄리,6.209
2007,EGIS:landcover_lv2_2007,제주시,귀덕리,6.402
2007,EGIS:landcover_lv2_2007,제주시,금능리,12.018
2007,EGIS:landcover_lv2_2007,제주시,금등리,1.237
2007,EGIS:landcover_lv2_2007,제주시,금성리,1.722
2007,EGIS:landcover_lv2_2007,제주시,금악리,6.192
2007,EGIS:landcover_lv2_2007,제주시,김녕리,9.009
2007,EGIS:landcover_lv2_2007,제주시,낙천리,25.904
2007,EGIS:landcover_lv2_2007,제주시,납읍리,15.505
2007,EGIS:landcover_lv2_2007,제주시,내도동,3.821
2007,EGIS:landcover_lv2_2007,제주시,노형동,7.074
2007,EGIS:landcover_lv2_2007,제주시,대림리,5.37
2007,EGIS:landcover_lv2_2007,제주시,대흘리,4.967
2007,EGIS:landcover_lv2_2007,제주시,덕천리,0.712
2007,EGIS:landcover_lv2_2007,제주시,도남동,0.436
2007,EGIS:landcover_lv2_2007,제주시,도두이동,2.822
2007,EGIS:landcover_lv2_2007,제주시,도두일동,4.589
2007,EGIS:landcover_lv2_2007,제주시,도련이동,7.331
2007,EGIS:landcover_lv2_2007,제주시,도련일동,8.073
2007,EGIS:landcover_lv2_2007,제주시,도평동,5.873
2007,EGIS:landcover_lv2_2007,제주시,동명리,8.014
2007,EGIS:landcover_lv2_2007,제주시,동복리,0.695
2007,EGIS:landcover_lv2_2007,제주시,두모리,12.961
2007,EGIS:landcover_lv2_2007,제주시,명월리,5.409
2007,EGIS:landcover_lv2_2007,제주시,봉개동,1.297
2007,EGIS:landcover_lv2_2007,제주시,봉성리,32.544
2007,EGIS:landcover_lv2_2007,제주시,북촌리,3.005
2007,EGIS:landcover_lv2_2007,제주시,삼양이동,0.239
2007,EGIS:landcover_lv2_2007,제주시,삼양일동,3.659
2007,EGIS:landcover_lv2_2007,제주시,상가리,5.96
2007,EGIS:landcover_lv2_2007,제주시,상귀리,6.558
2007,EGIS:landcover_lv2_2007,제주시,상대리,27.802
2007,EGIS:landcover_lv2_2007,제주시,상도리,0.013
2007,EGIS:landcover_lv2_2007,제주시,상명리,13.42
2007,EGIS:landcover_lv2_2007,제주시,선흘리,13.669
2007,EGIS:landcover_lv2_2007,제주시,세화리,1.717
2007,EGIS:landcover_lv2_2007,제주시,소길리,1.473
2007,EGIS:landcover_lv2_2007,제주시,수산리,16.787
2007,EGIS:landcover_lv2_2007,제주시,수원리,4.291
2007,EGIS:landcover_lv2_2007,제주시,신엄리,21.202
2007,EGIS:landcover_lv2_2007,제주시,신창리,0.721
2007,EGIS:landcover_lv2_2007,제주시,신촌리,24.656
2007,EGIS:landcover_lv2_2007,제주시,신흥리,0.303
2007,EGIS:landcover_lv2_2007,제주시,아라이동,0.87
2007,EGIS:landcover_lv2_2007,제주시,아라일동,0.144
2007,EGIS:landcover_lv2_2007,제주시,애월리,0.773
2007,EGIS:landcover_lv2_2007,제주시,어음리,1.923
2007,EGIS:landcover_lv2_2007,제주시,연동,2.579
2007,EGIS:landcover_lv2_2007,제주시,영평동,1.645
2007,EGIS:landcover_lv2_2007,제주시,오등동,2.641
2007,EGIS:landcover_lv2_2007,제주시,오라이동,1.829
2007,EGIS:landcover_lv2_2007,제주시,옹포리,1.259
2007,EGIS:landcover_lv2_2007,제주시,와산리,4.09
2007,EGIS:landcover_lv2_2007,제주시,와흘리,3.631
2007,EGIS:landcover_lv2_2007,제주시,외도일동,5.726
2007,EGIS:landcover_lv2_2007,제주시,용강동,3.462
2007,EGIS:landcover_lv2_2007,제주시,용담이동,6.215
2007,EGIS:landcover_lv2_2007,제주시,용담일동,0.688
2007,EGIS:landcover_lv2_2007,제주시,용수리,74.11
2007,EGIS:landcover_lv2_2007,제주시,월령리,3.197
2007,EGIS:landcover_lv2_2007,제주시,월림리,16.093
2007,EGIS:landcover_lv2_2007,제주시,월정리,0.404
2007,EGIS:landcover_lv2_2007,제주시,월평동,0.215
2007,EGIS:landcover_lv2_2007,제주시,유수암리,6.244
2007,EGIS:landcover_lv2_2007,제주시,이호이동,4.115
2007,EGIS:landcover_lv2_2007,제주시,이호일동,0.802
2007,EGIS:landcover_lv2_2007,제주시,장전리,11.278
2007,EGIS:landcover_lv2_2007,제주시,저지리,35.495
2007,EGIS:landcover_lv2_2007,제주시,조수리,37.793
2007,EGIS:landcover_lv2_2007,제주시,조천리,6.941
2007,EGIS:landcover_lv2_2007,제주시,종달리,2.608
2007,EGIS:landcover_lv2_2007,제주시,청수리,64.46
2007,EGIS:landcover_lv2_2007,제주시,판포리,20.533
2007,EGIS:landcover_lv2_2007,제주시,평대리,0.668
2007,EGIS:landcover_lv2_2007,제주시,하가리,7.014
2007,EGIS:landcover_lv2_2007,제주시,하귀1리,5.963
2007,EGIS:landcover_lv2_2007,제주시,하귀2리,7.987
2007,EGIS:landcover_lv2_2007,제주시,한동리,1.913
2007,EGIS:landcover_lv2_2007,제주시,한림리,2.562
2007,EGIS:landcover_lv2_2007,제주시,함덕리,7.275
2007,EGIS:landcover_lv2_2007,제주시,해안동,5.402
2007,EGIS:landcover_lv2_2007,제주시,행원리,0.174
2007,EGIS:landcover_lv2_2007,제주시,협재리,4.155
2007,EGIS:landcover_lv2_2007,제주시,화북이동,7.352
2007,EGIS:landcover_lv2_2007,제주시,화북일동,0.883
2007,EGIS:landcover_lv2_2007,제주시,회천동,13.113
2013,EGIS:landcover_lv3_7th,서귀포시,가시리,99.184
2013,EGIS:landcover_lv3_7th,서귀포시,감산리,14.103
2013,EGIS:landcover_lv3_7th,서귀포시,강정동,249.11
2013,EGIS:landcover_lv3_7th,서귀포시,고성리,6.171
2013,EGIS:landcover_lv3_7th,서귀포시,광평리,1.989
2013,EGIS:landcover_lv3_7th,서귀포시,구억리,17.379
2013,EGIS:landcover_lv3_7th,서귀포시,난산리,14.077
2013,EGIS:landcover_lv3_7th,서귀포시,남원리,139.824
2013,EGIS:landcover_lv3_7th,서귀포시,대포동,30.92
2013,EGIS:landcover_lv3_7th,서귀포시,덕수리,59.009
2013,EGIS:landcover_lv3_7th,서귀포시,도순동,85.883
2013,EGIS:landcover_lv3_7th,서귀포시,동광리,4.723
2013,EGIS:landcover_lv3_7th,서귀포시,동일리,23.378
2013,EGIS:landcover_lv3_7th,서귀포시,동홍동,34.407
2013,EGIS:landcover_lv3_7th,서귀포시,무릉리,51.611
2013,EGIS:landcover_lv3_7th,서귀포시,법환동,29.645
2013,EGIS:landcover_lv3_7th,서귀포시,보목동,79.019
2013,EGIS:landcover_lv3_7th,서귀포시,보성리,55.285
2013,EGIS:landcover_lv3_7th,서귀포시,사계리,12.043
2013,EGIS:landcover_lv3_7th,서귀포시,삼달리,16.289
2013,EGIS:landcover_lv3_7th,서귀포시,상모리,15.234
2013,EGIS:landcover_lv3_7th,서귀포시,상예동,61.718
2013,EGIS:landcover_lv3_7th,서귀포시,상창리,49.002
2013,EGIS:landcover_lv3_7th,서귀포시,상천리,0.627
2013,EGIS:landcover_lv3_7th,서귀포시,상효동,54.743
2013,EGIS:landcover_lv3_7th,서귀포시,색달동,16.598
2013,EGIS:landcover_lv3_7th,서귀포시,서광리,33.974
2013,EGIS:landcover_lv3_7th,서귀포시,서호동,10.239
2013,EGIS:landcover_lv3_7th,서귀포시,서홍동,41.105
2013,EGIS:landcover_lv3_7th,서귀포시,성읍리,17.002
2013,EGIS:landcover_lv3_7th,서귀포시,세화리,152.123
2013,EGIS:landcover_lv3_7th,서귀포시,수망리,22.422
2013,EGIS:landcover_lv3_7th,서귀포시,수산리,29.72
2013,EGIS:landcover_lv3_7th,서귀포시,시흥리,1.168
2013,EGIS:landcover_lv3_7th,서귀포시,신도리,17.744
2013,EGIS:landcover_lv3_7th,서귀포시,신례리,134.896
2013,EGIS:landcover_lv3_7th,서귀포시,신산리,55.389
2013,EGIS:landcover_lv3_7th,서귀포시,신천리,11.682
2013,EGIS:landcover_lv3_7th,서귀포시,신평리,31.798
2013,EGIS:landcover_lv3_7th,서귀포시,신풍리,26.192
2013,EGIS:landcover_lv3_7th,서귀포시,신효동,63.764
2013,EGIS:landcover_lv3_7th,서귀포시,신흥리,221.691
2013,EGIS:landcover_lv3_7th,서귀포시,안성리,45.247
2013,EGIS:landcover_lv3_7th,서귀포시,영남동,1.934
2013,EGIS:landcover_lv3_7th,서귀포시,영락리,20.292
2013,EGIS:landcover_lv3_7th,서귀포시,오조리,3.585
2013,EGIS:landcover_lv3_7th,서귀포시,온평리,14.913
2013,EGIS:landcover_lv3_7th,서귀포시,월평동,68.136
2013,EGIS:landcover_lv3_7th,서귀포시,위미리,330.12
2013,EGIS:landcover_lv3_7th,서귀포시,의귀리,170.068
2013,EGIS:landcover_lv3_7th,서귀포시,인성리,9.974
2013,EGIS:landcover_lv3_7th,서귀포시,일과리,18.258
2013,EGIS:landcover_lv3_7th,서귀포시,중문동,25.018
2013,EGIS:landcover_lv3_7th,서귀포시,창천리,16.337
2013,EGIS:landcover_lv3_7th,서귀포시,태흥리,159.152
2013,EGIS:landcover_lv3_7th,서귀포시,토산리,201.664
2013,EGIS:landcover_lv3_7th,서귀포시,토평동,103.282
2013,EGIS:landcover_lv3_7th,서귀포시,표선리,34.396
2013,EGIS:landcover_lv3_7th,서귀포시,하례리,132.507
2013,EGIS:landcover_lv3_7th,서귀포시,하모리,2.973
2013,EGIS:landcover_lv3_7th,서귀포시,하예동,16.833
2013,EGIS:landcover_lv3_7th,서귀포시,하원동,59.368
2013,EGIS:landcover_lv3_7th,서귀포시,하천리,36.98
2013,EGIS:landcover_lv3_7th,서귀포시,하효동,39.577
2013,EGIS:landcover_lv3_7th,서귀포시,한남리,80.465
2013,EGIS:landcover_lv3_7th,서귀포시,호근동,39.698
2013,EGIS:landcover_lv3_7th,서귀포시,화순리,14.365
2013,EGIS:landcover_lv3_7th,서귀포시,회수동,22.472
2013,EGIS:landcover_lv3_7th,제주시,건입동,0.736
2013,EGIS:landcover_lv3_7th,제주시,고내리,0.876
2013,EGIS:landcover_lv3_7th,제주시,고산리,28.889
2013,EGIS:landcover_lv3_7th,제주시,고성리,10.857
2013,EGIS:landcover_lv3_7th,제주시,곽지리,14.454
2013,EGIS:landcover_lv3_7th,제주시,광령리,36.51
2013,EGIS:landcover_lv3_7th,제주시,교래리,0.552
2013,EGIS:landcover_lv3_7th,제주시,구엄리,16.433
2013,EGIS:landcover_lv3_7th,제주시,귀덕리,18.04
2013,EGIS:landcover_lv3_7th,제주시,금능리,21.158
2013,EGIS:landcover_lv3_7th,제주시,금등리,2.936
2013,EGIS:landcover_lv3_7th,제주시,금성리,6.41
2013,EGIS:landcover_lv3_7th,제주시,금악리,13.607
2013,EGIS:landcover_lv3_7th,제주시,김녕리,14.873
2013,EGIS:landcover_lv3_7th,제주시,낙천리,39.122
2013,EGIS:landcover_lv3_7th,제주시,납읍리,41.044
2013,EGIS:landcover_lv3_7th,제주시,내도동,4.826
2013,EGIS:landcover_lv3_7th,제주시,노형동,17.35
2013,EGIS:landcover_lv3_7th,제주시,대림리,11.797
2013,EGIS:landcover_lv3_7th,제주시,대흘리,34.3
2013,EGIS:landcover_lv3_7th,제주시,덕천리,1.253
2013,EGIS:landcover_lv3_7th,제주시,도남동,4.35
2013,EGIS:landcover_lv3_7th,제주시,도두이동,7.87
2013,EGIS:landcover_lv3_7th,제주시,도두일동,5.511
2013,EGIS:landcover_lv3_7th,제주시,도련이동,13.527
2013,EGIS:landcover_lv3_7th,제주시,도련일동,22.64
2013,EGIS:landcover_lv3_7th,제주시,도평동,9.517
2013,EGIS:landcover_lv3_7th,제주시,동명리,14.246
2013,EGIS:landcover_lv3_7th,제주시,동복리,2.879
2013,EGIS:landcover_lv3_7th,제주시,두모리,9.27
2013,EGIS:landcover_lv3_7th,제주시,명월리,15.071
2013,EGIS:landcover_lv3_7th,제주시,봉개동,13.953
2013,EGIS:landcover_lv3_7th,제주시,봉성리,33.356
2013,EGIS:landcover_lv3_7th,제주시,북촌리,9.206
2013,EGIS:landcover_lv3_7th,제주시,삼도일동,0.015
2013,EGIS:landcover_lv3_7th,제주시,삼양삼동,0.027
2013,EGIS:landcover_lv3_7th,제주시,삼양이동,0.355
2013,EGIS:landcover_lv3_7th,제주시,삼양일동,10.481
2013,EGIS:landcover_lv3_7th,제주시,상가리,22.765
2013,EGIS:landcover_lv3_7th,제주시,상귀리,18.302
2013,EGIS:landcover_lv3_7th,제주시,상대리,49.396
2013,EGIS:landcover_lv3_7th,제주시,상도리,4.96
2013,EGIS:landcover_lv3_7th,제주시,상명리,24.921
2013,EGIS:landcover_lv3_7th,제주시,선흘리,37.197
2013,EGIS:landcover_lv3_7th,제주시,세화리,6.898
2013,EGIS:landcover_lv3_7th,제주시,소길리,4.516
2013,EGIS:landcover_lv3_7th,제주시,송당리,1.863
2013,EGIS:landcover_lv3_7th,제주시,수산리,31.686
2013,EGIS:landcover_lv3_7th,제주시,수원리,5.197
2013,EGIS:landcover_lv3_7th,제주시,신엄리,36.043
2013,EGIS:landcover_lv3_7th,제주시,신창리,1.264
2013,EGIS:landcover_lv3_7th,제주시,신촌리,46.621
2013,EGIS:landcover_lv3_7th,제주시,신흥리,0.628
2013,EGIS:landcover_lv3_7th,제주시,아라이동,4.874
2013,EGIS:landcover_lv3_7th,제주시,아라일동,6.186
2013,EGIS:landcover_lv3_7th,제주시,애월리,4.452
2013,EGIS:landcover_lv3_7th,제주시,어음리,11.096
2013,EGIS:landcover_lv3_7th,제주시,연동,2.481
2013,EGIS:landcover_lv3_7th,제주시,영평동,29.502
2013,EGIS:landcover_lv3_7th,제주시,오등동,22.412
2013,EGIS:landcover_lv3_7th,제주시,오라삼동,1.391
2013,EGIS:landcover_lv3_7th,제주시,오라이동,15.211
2013,EGIS:landcover_lv3_7th,제주시,오라일동,0.238
2013,EGIS:landcover_lv3_7th,제주시,옹포리,1.143
2013,EGIS:landcover_lv3_7th,제주시,와산리,18.971
2013,EGIS:landcover_lv3_7th,제주시,와흘리,10.961
2013,EGIS:landcover_lv3_7th,제주시,외도이동,0.015
2013,EGIS:landcover_lv3_7th,제주시,외도일동,11.428
2013,EGIS:landcover_lv3_7th,제주시,용강동,9.893
2013,EGIS:landcover_lv3_7th,제주시,용담삼동,0.609
2013,EGIS:landcover_lv3_7th,제주시,용담이동,4.083
2013,EGIS:landcover_lv3_7th,제주시,용담일동,0.212
2013,EGIS:landcover_lv3_7th,제주시,용수리,12.675
2013,EGIS:landcover_lv3_7th,제주시,월령리,3.899
2013,EGIS:landcover_lv3_7th,제주시,월림리,33.435
2013,EGIS:landcover_lv3_7th,제주시,월정리,3.095
2013,EGIS:landcover_lv3_7th,제주시,월평동,6.255
2013,EGIS:landcover_lv3_7th,제주시,유수암리,10.092
2013,EGIS:landcover_lv3_7th,제주시,이도이동,0.354
2013,EGIS:landcover_lv3_7th,제주시,이호이동,8.312
2013,EGIS:landcover_lv3_7th,제주시,이호일동,1.01
2013,EGIS:landcover_lv3_7th,제주시,일도이동,0.03
2013,EGIS:landcover_lv3_7th,제주시,장전리,26.186
2013,EGIS:landcover_lv3_7th,제주시,저지리,64.313
2013,EGIS:landcover_lv3_7th,제주시,조수리,72.531
2013,EGIS:landcover_lv3_7th,제주시,조천리,37.376
2013,EGIS:landcover_lv3_7th,제주시,종달리,7.831
2013,EGIS:landcover_lv3_7th,제주시,청수리,92.718
2013,EGIS:landcover_lv3_7th,제주시,판포리,24.072
2013,EGIS:landcover_lv3_7th,제주시,평대리,4.327
2013,EGIS:landcover_lv3_7th,제주시,하가리,16.47
2013,EGIS:landcover_lv3_7th,제주시,하귀1리,10.221
2013,EGIS:landcover_lv3_7th,제주시,하귀2리,9.631
2013,EGIS:landcover_lv3_7th,제주시,하도리,5.15
2013,EGIS:landcover_lv3_7th,제주시,한동리,3.988
2013,EGIS:landcover_lv3_7th,제주시,한림리,3.818
2013,EGIS:landcover_lv3_7th,제주시,한수리,0.013
2013,EGIS:landcover_lv3_7th,제주시,함덕리,31.095
2013,EGIS:landcover_lv3_7th,제주시,해안동,11.716
2013,EGIS:landcover_lv3_7th,제주시,행원리,2.935
2013,EGIS:landcover_lv3_7th,제주시,협재리,4.806
2013,EGIS:landcover_lv3_7th,제주시,화북이동,11.741
2013,EGIS:landcover_lv3_7th,제주시,화북일동,0.87
2013,EGIS:landcover_lv3_7th,제주시,회천동,37.579
2018,EGIS:landcover_lv3_9th,서귀포시,가시리,99.41
2018,EGIS:landcover_lv3_9th,서귀포시,감산리,14.103
2018,EGIS:landcover_lv3_9th,서귀포시,강정동,248.718
2018,EGIS:landcover_lv3_9th,서귀포시,고성리,6.171
2018,EGIS:landcover_lv3_9th,서귀포시,광평리,1.989
2018,EGIS:landcover_lv3_9th,서귀포시,구억리,17.379
2018,EGIS:landcover_lv3_9th,서귀포시,난산리,14.102
2018,EGIS:landcover_lv3_9th,서귀포시,남원리,139.828
2018,EGIS:landcover_lv3_9th,서귀포시,대포동,30.92
2018,EGIS:landcover_lv3_9th,서귀포시,덕수리,59.009
2018,EGIS:landcover_lv3_9th,서귀포시,도순동,86.393
2018,EGIS:landcover_lv3_9th,서귀포시,동광리,4.576
2018,EGIS:landcover_lv3_9th,서귀포시,동일리,23.378
2018,EGIS:landcover_lv3_9th,서귀포시,동홍동,34.407
2018,EGIS:landcover_lv3_9th,서귀포시,무릉리,51.611
2018,EGIS:landcover_lv3_9th,서귀포시,법환동,29.515
2018,EGIS:landcover_lv3_9th,서귀포시,보목동,79.019
2018,EGIS:landcover_lv3_9th,서귀포시,보성리,59.407
2018,EGIS:landcover_lv3_9th,서귀포시,사계리,12.043
2018,EGIS:landcover_lv3_9th,서귀포시,삼달리,16.214
2018,EGIS:landcover_lv3_9th,서귀포시,상모리,15.19
2018,EGIS:landcover_lv3_9th,서귀포시,상예동,62.56
2018,EGIS:landcover_lv3_9th,서귀포시,상창리,49.002
2018,EGIS:landcover_lv3_9th,서귀포시,상천리,0.627
2018,EGIS:landcover_lv3_9th,서귀포시,상효동,54.589
2018,EGIS:landcover_lv3_9th,서귀포시,색달동,16.598
2018,EGIS:landcover_lv3_9th,서귀포시,서광리,33.974
2018,EGIS:landcover_lv3_9th,서귀포시,서호동,10.239
2018,EGIS:landcover_lv3_9th,서귀포시,서홍동,40.874
2018,EGIS:landcover_lv3_9th,서귀포시,성읍리,17.002
2018,EGIS:landcover_lv3_9th,서귀포시,세화리,151.904
2018,EGIS:landcover_lv3_9th,서귀포시,수망리,22.422
2018,EGIS:landcover_lv3_9th,서귀포시,수산리,29.946
2018,EGIS:landcover_lv3_9th,서귀포시,시흥리,1.168
2018,EGIS:landcover_lv3_9th,서귀포시,신도리,17.972
2018,EGIS:landcover_lv3_9th,서귀포시,신례리,134.896
2018,EGIS:landcover_lv3_9th,서귀포시,신산리,55.389
2018,EGIS:landcover_lv3_9th,서귀포시,신천리,11.682
2018,EGIS:landcover_lv3_9th,서귀포시,신평리,31.798
2018,EGIS:landcover_lv3_9th,서귀포시,신풍리,26.192
2018,EGIS:landcover_lv3_9th,서귀포시,신효동,63.764
2018,EGIS:landcover_lv3_9th,서귀포시,신흥리,221.691
2018,EGIS:landcover_lv3_9th,서귀포시,안성리,45.247
2018,EGIS:landcover_lv3_9th,서귀포시,영남동,1.934
2018,EGIS:landcover_lv3_9th,서귀포시,영락리,20.292
2018,EGIS:landcover_lv3_9th,서귀포시,오조리,3.76
2018,EGIS:landcover_lv3_9th,서귀포시,온평리,15.687
2018,EGIS:landcover_lv3_9th,서귀포시,월평동,68.136
2018,EGIS:landcover_lv3_9th,서귀포시,위미리,330.092
2018,EGIS:landcover_lv3_9th,서귀포시,의귀리,170.068
2018,EGIS:landcover_lv3_9th,서귀포시,인성리,9.974
2018,EGIS:landcover_lv3_9th,서귀포시,일과리,18.258
2018,EGIS:landcover_lv3_9th,서귀포시,중문동,24.821
2018,EGIS:landcover_lv3_9th,서귀포시,창천리,16.337
2018,EGIS:landcover_lv3_9th,서귀포시,태흥리,159.871
2018,EGIS:landcover_lv3_9th,서귀포시,토산리,201.66
2018,EGIS:landcover_lv3_9th,서귀포시,토평동,102.744
2018,EGIS:landcover_lv3_9th,서귀포시,표선리,34.856
2018,EGIS:landcover_lv3_9th,서귀포시,하례리,132.507
2018,EGIS:landcover_lv3_9th,서귀포시,하모리,2.973
2018,EGIS:landcover_lv3_9th,서귀포시,하예동,16.833
2018,EGIS:landcover_lv3_9th,서귀포시,하원동,59.368
2018,EGIS:landcover_lv3_9th,서귀포시,하천리,36.98
2018,EGIS:landcover_lv3_9th,서귀포시,하효동,39.577
2018,EGIS:landcover_lv3_9th,서귀포시,한남리,80.066
2018,EGIS:landcover_lv3_9th,서귀포시,호근동,39.678
2018,EGIS:landcover_lv3_9th,서귀포시,화순리,14.365
2018,EGIS:landcover_lv3_9th,서귀포시,회수동,22.472
2018,EGIS:landcover_lv3_9th,제주시,건입동,0.736
2018,EGIS:landcover_lv3_9th,제주시,고내리,0.876
2018,EGIS:landcover_lv3_9th,제주시,고산리,28.889
2018,EGIS:landcover_lv3_9th,제주시,고성리,11.086
2018,EGIS:landcover_lv3_9th,제주시,곽지리,15.409
2018,EGIS:landcover_lv3_9th,제주시,광령리,38.604
2018,EGIS:landcover_lv3_9th,제주시,교래리,0.552
2018,EGIS:landcover_lv3_9th,제주시,구엄리,16.702
2018,EGIS:landcover_lv3_9th,제주시,귀덕리,18.766
2018,EGIS:landcover_lv3_9th,제주시,금능리,21.158
2018,EGIS:landcover_lv3_9th,제주시,금등리,2.936
2018,EGIS:landcover_lv3_9th,제주시,금성리,7.741
2018,EGIS:landcover_lv3_9th,제주시,금악리,13.607
2018,EGIS:landcover_lv3_9th,제주시,김녕리,15.66
2018,EGIS:landcover_lv3_9th,제주시,낙천리,40.244
2018,EGIS:landcover_lv3_9th,제주시,납읍리,44.178
2018,EGIS:landcover_lv3_9th,제주시,내도동,4.826
2018,EGIS:landcover_lv3_9th,제주시,노형동,16.986
2018,EGIS:landcover_lv3_9th,제주시,대림리,12.905
2018,EGIS:landcover_lv3_9th,제주시,대흘리,41.422
2018,EGIS:landcover_lv3_9th,제주시,덕천리,1.253
2018,EGIS:landcover_lv3_9th,제주시,도남동,4.35
2018,EGIS:landcover_lv3_9th,제주시,도두이동,7.457
2018,EGIS:landcover_lv3_9th,제주시,도두일동,5.157
2018,EGIS:landcover_lv3_9th,제주시,도련이동,13.527
2018,EGIS:landcover_lv3_9th,제주시,도련일동,22.618
2018,EGIS:landcover_lv3_9th,제주시,도평동,9.719
2018,EGIS:landcover_lv3_9th,제주시,동명리,14.246
2018,EGIS:landcover_lv3_9th,제주시,동복리,2.891
2018,EGIS:landcover_lv3_9th,제주시,두모리,9.27
2018,EGIS:landcover_lv3_9th,제주시,명월리,15.135
2018,EGIS:landcover_lv3_9th,제주시,봉개동,12.818
2018,EGIS:landcover_lv3_9th,제주시,봉성리,34.504
2018,EGIS:landcover_lv3_9th,제주시,북촌리,10.704
2018,EGIS:landcover_lv3_9th,제주시,삼도일동,0.015
2018,EGIS:landcover_lv3_9th,제주시,삼양삼동,0.027
2018,EGIS:landcover_lv3_9th,제주시,삼양이동,0.355
2018,EGIS:landcover_lv3_9th,제주시,삼양일동,11.091
2018,EGIS:landcover_lv3_9th,제주시,상가리,27.108
2018,EGIS:landcover_lv3_9th,제주시,상귀리,20.669
2018,EGIS:landcover_lv3_9th,제주시,상대리,51.964
2018,EGIS:landcover_lv3_9th,제주시,상도리,5.429
2018,EGIS:landcover_lv3_9th,제주시,상명리,24.921
2018,EGIS:landcover_lv3_9th,제주시,선흘리,39.858
2018,EGIS:landcover_lv3_9th,제주시,세화리,7.555
2018,EGIS:landcover_lv3_9th,제주시,소길리,5.584
2018,EGIS:landcover_lv3_9th,제주시,송당리,2.218
2018,EGIS:landcover_lv3_9th,제주시,수산리,33.314
2018,EGIS:landcover_lv3_9th,제주시,수원리,5.076
2018,EGIS:landcover_lv3_9th,제주시,신엄리,36.934
2018,EGIS:landcover_lv3_9th,제주시,신창리,1.264
2018,EGIS:landcover_lv3_9th,제주시,신촌리,50.677
2018,EGIS:landcover_lv3_9th,제주시,신흥리,0.628
2018,EGIS:landcover_lv3_9th,제주시,아라이동,4.845
2018,EGIS:landcover_lv3_9th,제주시,아라일동,6.902
2018,EGIS:landcover_lv3_9th,제주시,애월리,4.452
2018,EGIS:landcover_lv3_9th,제주시,어음리,12.001
2018,EGIS:landcover_lv3_9th,제주시,연동,2.481
2018,EGIS:landcover_lv3_9th,제주시,영평동,29.552
2018,EGIS:landcover_lv3_9th,제주시,오등동,22.335
2018,EGIS:landcover_lv3_9th,제주시,오라삼동,1.391
2018,EGIS:landcover_lv3_9th,제주시,오라이동,15.124
2018,EGIS:landcover_lv3_9th,제주시,오라일동,0.238
2018,EGIS:landcover_lv3_9th,제주시,옹포리,1.143
2018,EGIS:landcover_lv3_9th,제주시,와산리,18.971
2018,EGIS:landcover_lv3_9th,제주시,와흘리,11.922
2018,EGIS:landcover_lv3_9th,제주시,외도이동,0.015
2018,EGIS:landcover_lv3_9th,제주시,외도일동,11.991
2018,EGIS:landcover_lv3_9th,제주시,용강동,10.074
2018,EGIS:landcover_lv3_9th,제주시,용담삼동,0.609
2018,EGIS:landcover_lv3_9th,제주시,용담이동,4.157
2018,EGIS:landcover_lv3_9th,제주시,용담일동,0.212
2018,EGIS:landcover_lv3_9th,제주시,용수리,12.675
2018,EGIS:landcover_lv3_9th,제주시,월령리,3.899
2018,EGIS:landcover_lv3_9th,제주시,월림리,33.435
2018,EGIS:landcover_lv3_9th,제주시,월정리,3.281
2018,EGIS:landcover_lv3_9th,제주시,월평동,6.764
2018,EGIS:landcover_lv3_9th,제주시,유수암리,10.092
2018,EGIS:landcover_lv3_9th,제주시,이도이동,0.354
2018,EGIS:landcover_lv3_9th,제주시,이호이동,8.312
2018,EGIS:landcover_lv3_9th,제주시,이호일동,1.222
2018,EGIS:landcover_lv3_9th,제주시,일도이동,0.012
2018,EGIS:landcover_lv3_9th,제주시,장전리,29.107
2018,EGIS:landcover_lv3_9th,제주시,저지리,64.313
2018,EGIS:landcover_lv3_9th,제주시,조수리,72.531
2018,EGIS:landcover_lv3_9th,제주시,조천리,40.726
2018,EGIS:landcover_lv3_9th,제주시,종달리,8.046
2018,EGIS:landcover_lv3_9th,제주시,청수리,92.718
2018,EGIS:landcover_lv3_9th,제주시,판포리,24.072
2018,EGIS:landcover_lv3_9th,제주시,평대리,6.306
2018,EGIS:landcover_lv3_9th,제주시,하가리,17.898
2018,EGIS:landcover_lv3_9th,제주시,하귀1리,10.866
2018,EGIS:landcover_lv3_9th,제주시,하귀2리,9.886
2018,EGIS:landcover_lv3_9th,제주시,하도리,5.111
2018,EGIS:landcover_lv3_9th,제주시,한동리,5.296
2018,EGIS:landcover_lv3_9th,제주시,한림리,3.997
2018,EGIS:landcover_lv3_9th,제주시,한수리,0.013
2018,EGIS:landcover_lv3_9th,제주시,함덕리,32.507
2018,EGIS:landcover_lv3_9th,제주시,해안동,12.795
2018,EGIS:landcover_lv3_9th,제주시,행원리,2.935
2018,EGIS:landcover_lv3_9th,제주시,협재리,4.847
2018,EGIS:landcover_lv3_9th,제주시,화북이동,11.741
2018,EGIS:landcover_lv3_9th,제주시,화북일동,0.87
2018,EGIS:landcover_lv3_9th,제주시,회천동,40.278
2019,EGIS:landcover_lv3_10th,서귀포시,가시리,107.383
2019,EGIS:landcover_lv3_10th,서귀포시,감산리,17.505
2019,EGIS:landcover_lv3_10th,서귀포시,강정동,255.109
2019,EGIS:landcover_lv3_10th,서귀포시,고성리,7.222
2019,EGIS:landcover_lv3_10th,서귀포시,광평리,2.018
2019,EGIS:landcover_lv3_10th,서귀포시,구억리,19.222
2019,EGIS:landcover_lv3_10th,서귀포시,난산리,19.373
2019,EGIS:landcover_lv3_10th,서귀포시,남원리,163.951
2019,EGIS:landcover_lv3_10th,서귀포시,대포동,34.652
2019,EGIS:landcover_lv3_10th,서귀포시,덕수리,73.975
2019,EGIS:landcover_lv3_10th,서귀포시,도순동,92.925
2019,EGIS:landcover_lv3_10th,서귀포시,동광리,7.416
2019,EGIS:landcover_lv3_10th,서귀포시,동일리,33.742
2019,EGIS:landcover_lv3_10th,서귀포시,동홍동,35.285
2019,EGIS:landcover_lv3_10th,서귀포시,무릉리,62.11
2019,EGIS:landcover_lv3_10th,서귀포시,법환동,29.942
2019,EGIS:landcover_lv3_10th,서귀포시,보목동,93.434
2019,EGIS:landcover_lv3_10th,서귀포시,보성리,69.672
2019,EGIS:landcover_lv3_10th,서귀포시,사계리,13.216
2019,EGIS:landcover_lv3_10th,서귀포시,삼달리,22.796
2019,EGIS:landcover_lv3_10th,서귀포시,상모리,18.001
2019,EGIS:landcover_lv3_10th,서귀포시,상예동,71.399
2019,EGIS:landcover_lv3_10th,서귀포시,상창리,58.981
2019,EGIS:landcover_lv3_10th,서귀포시,상천리,0.61
2019,EGIS:landcover_lv3_10th,서귀포시,상효동,64.585
2019,EGIS:landcover_lv3_10th,서귀포시,색달동,23.003
2019,EGIS:landcover_lv3_10th,서귀포시,서광리,34.175
2019,EGIS:landcover_lv3_10th,서귀포시,서호동,11.387
2019,EGIS:landcover_lv3_10th,서귀포시,서홍동,47.116
2019,EGIS:landcover_lv3_10th,서귀포시,성산리,0.461
2019,EGIS:landcover_lv3_10th,서귀포시,성읍리,19.412
2019,EGIS:landcover_lv3_10th,서귀포시,세화리,162.572
2019,EGIS:landcover_lv3_10th,서귀포시,수망리,33.878
2019,EGIS:landcover_lv3_10th,서귀포시,수산리,33.091
2019,EGIS:landcover_lv3_10th,서귀포시,시흥리,1.87
2019,EGIS:landcover_lv3_10th,서귀포시,신도리,21.631
2019,EGIS:landcover_lv3_10th,서귀포시,신례리,160.846
2019,EGIS:landcover_lv3_10th,서귀포시,신산리,64.506
2019,EGIS:landcover_lv3_10th,서귀포시,신천리,14.203
2019,EGIS:landcover_lv3_10th,서귀포시,신평리,42.921
2019,EGIS:landcover_lv3_10th,서귀포시,신풍리,33.347
2019,EGIS:landcover_lv3_10th,서귀포시,신효동,75.27
2019,EGIS:landcover_lv3_10th,서귀포시,신흥리,275.515
2019,EGIS:landcover_lv3_10th,서귀포시,안성리,53.916
2019,EGIS:landcover_lv3_10th,서귀포시,영남동,1.341
2019,EGIS:landcover_lv3_10th,서귀포시,영락리,24.46
2019,EGIS:landcover_lv3_10th,서귀포시,오조리,4.717
2019,EGIS:landcover_lv3_10th,서귀포시,온평리,17.761
2019,EGIS:landcover_lv3_10th,서귀포시,월평동,72.302
2019,EGIS:landcover_lv3_10th,서귀포시,위미리,384.37
2019,EGIS:landcover_lv3_10th,서귀포시,의귀리,233.747
2019,EGIS:landcover_lv3_10th,서귀포시,인성리,11.125
2019,EGIS:landcover_lv3_10th,서귀포시,일과리,21.876
2019,EGIS:landcover_lv3_10th,서귀포시,중문동,27.703
2019,EGIS:landcover_lv3_10th,서귀포시,창천리,19.288
2019,EGIS:landcover_lv3_10th,서귀포시,태흥리,188.133
2019,EGIS:landcover_lv3_10th,서귀포시,토산리,227.712
2019,EGIS:landcover_lv3_10th,서귀포시,토평동,109.465
2019,EGIS:landcover_lv3_10th,서귀포시,표선리,38.72
2019,EGIS:landcover_lv3_10th,서귀포시,하례리,154.292
2019,EGIS:landcover_lv3_10th,서귀포시,하모리,4.095
2019,EGIS:landcover_lv3_10th,서귀포시,하예동,19.292
2019,EGIS:landcover_lv3_10th,서귀포시,하원동,65.822
2019,EGIS:landcover_lv3_10th,서귀포시,하천리,43.689
2019,EGIS:landcover_lv3_10th,서귀포시,하효동,47.14
2019,EGIS:landcover_lv3_10th,서귀포시,한남리,102.297
2019,EGIS:landcover_lv3_10th,서귀포시,호근동,43.19
2019,EGIS:landcover_lv3_10th,서귀포시,화순리,18.358
2019,EGIS:landcover_lv3_10th,서귀포시,회수동,23.122
2019,EGIS:landcover_lv3_10th,제주시,건입동,0.231
2019,EGIS:landcover_lv3_10th,제주시,고내리,0.62
2019,EGIS:landcover_lv3_10th,제주시,고산리,38.529
2019,EGIS:landcover_lv3_10th,제주시,고성리,11.447
2019,EGIS:landcover_lv3_10th,제주시,곽지리,16.522
2019,EGIS:landcover_lv3_10th,제주시,광령리,40.179
2019,EGIS:landcover_lv3_10th,제주시,교래리,0.872
2019,EGIS:landcover_lv3_10th,제주시,구엄리,16.8
2019,EGIS:landcover_lv3_10th,제주시,귀덕리,16.189
2019,EGIS:landcover_lv3_10th,제주시,금능리,24.949
2019,EGIS:landcover_lv3_10th,제주시,금등리,8.862
2019,EGIS:landcover_lv3_10th,제주시,금성리,8.442
2019,EGIS:landcover_lv3_10th,제주시,금악리,19.764
2019,EGIS:landcover_lv3_10th,제주시,김녕리,17.24
2019,EGIS:landcover_lv3_10th,제주시,낙천리,54.229
2019,EGIS:landcover_lv3_10th,제주시,납읍리,47.104
2019,EGIS:landcover_lv3_10th,제주시,내도동,4.991
2019,EGIS:landcover_lv3_10th,제주시,노형동,18.022
2019,EGIS:landcover_lv3_10th,제주시,대림리,13.921
2019,EGIS:landcover_lv3_10th,제주시,대흘리,49.413
2019,EGIS:landcover_lv3_10th,제주시,덕천리,1.577
2019,EGIS:landcover_lv3_10th,제주시,도남동,4.089
2019,EGIS:landcover_lv3_10th,제주시,도두이동,4.694
2019,EGIS:landcover_lv3_10th,제주시,도두일동,4.859
2019,EGIS:landcover_lv3_10th,제주시,도련이동,15.092
2019,EGIS:landcover_lv3_10th,제주시,도련일동,22.912
2019,EGIS:landcover_lv3_10th,제주시,도평동,10.177
2019,EGIS:landcover_lv3_10th,제주시,동명리,17.693
2019,EGIS:landcover_lv3_10th,제주시,동복리,3.015
2019,EGIS:landcover_lv3_10th,제주시,두모리,14.694
2019,EGIS:landcover_lv3_10th,제주시,명월리,17.583
2019,EGIS:landcover_lv3_10th,제주시,봉개동,13.38
2019,EGIS:landcover_lv3_10th,제주시,봉성리,41.46
2019,EGIS:landcover_lv3_10th,제주시,북촌리,11.466
2019,EGIS:landcover_lv3_10th,제주시,삼양삼동,0.083
2019,EGIS:landcover_lv3_10th,제주시,삼양이동,0.187
2019,EGIS:landcover_lv3_10th,제주시,삼양일동,13.592
2019,EGIS:landcover_lv3_10th,제주시,상가리,29.425
2019,EGIS:landcover_lv3_10th,제주시,상귀리,21.385
2019,EGIS:landcover_lv3_10th,제주시,상대리,63.259
2019,EGIS:landcover_lv3_10th,제주시,상도리,10.343
2019,EGIS:landcover_lv3_10th,제주시,상명리,30.438
2019,EGIS:landcover_lv3_10th,제주시,선흘리,43.397
2019,EGIS:landcover_lv3_10th,제주시,세화리,8.953
2019,EGIS:landcover_lv3_10th,제주시,소길리,6.869
2019,EGIS:landcover_lv3_10th,제주시,송당리,2.409
2019,EGIS:landcover_lv3_10th,제주시,수산리,37.53
2019,EGIS:landcover_lv3_10th,제주시,수원리,4.496
2019,EGIS:landcover_lv3_10th,제주시,신엄리,38.801
2019,EGIS:landcover_lv3_10th,제주시,신창리,1.039
2019,EGIS:landcover_lv3_10th,제주시,신촌리,53.66
2019,EGIS:landcover_lv3_10th,제주시,신흥리,0.599
2019,EGIS:landcover_lv3_10th,제주시,아라이동,5.228
2019,EGIS:landcover_lv3_10th,제주시,아라일동,6.028
2019,EGIS:landcover_lv3_10th,제주시,애월리,4.028
2019,EGIS:landcover_lv3_10th,제주시,어음리,18.292
2019,EGIS:landcover_lv3_10th,제주시,연동,2.208
2019,EGIS:landcover_lv3_10th,제주시,영평동,31.447
2019,EGIS:landcover_lv3_10th,제주시,오등동,21.859
2019,EGIS:landcover_lv3_10th,제주시,오라삼동,0.841
2019,EGIS:landcover_lv3_10th,제주시,오라이동,13.272
2019,EGIS:landcover_lv3_10th,제주시,오라일동,0.239
2019,EGIS:landcover_lv3_10th,제주시,옹포리,1.182
2019,EGIS:landcover_lv3_10th,제주시,와산리,23.085
2019,EGIS:landcover_lv3_10th,제주시,와흘리,14.437
2019,EGIS:landcover_lv3_10th,제주시,외도이동,0.015
2019,EGIS:landcover_lv3_10th,제주시,외도일동,12.909
2019,EGIS:landcover_lv3_10th,제주시,용강동,10.501
2019,EGIS:landcover_lv3_10th,제주시,용담삼동,0.623
2019,EGIS:landcover_lv3_10th,제주시,용담이동,2.894
2019,EGIS:landcover_lv3_10th,제주시,용담일동,0.055
2019,EGIS:landcover_lv3_10th,제주시,용수리,17.9
2019,EGIS:landcover_lv3_10th,제주시,월령리,4.648
2019,EGIS:landcover_lv3_10th,제주시,월림리,40.738
2019,EGIS:landcover_lv3_10th,제주시,월정리,3.783
2019,EGIS:landcover_lv3_10th,제주시,월평동,7.097
2019,EGIS:landcover_lv3_10th,제주시,유수암리,10.042
2019,EGIS:landcover_lv3_10th,제주시,이도이동,0.354
2019,EGIS:landcover_lv3_10th,제주시,이호이동,8.318
2019,EGIS:landcover_lv3_10th,제주시,이호일동,1.222
2019,EGIS:landcover_lv3_10th,제주시,일도이동,0.012
2019,EGIS:landcover_lv3_10th,제주시,장전리,31.018
2019,EGIS:landcover_lv3_10th,제주시,저지리,79.954
2019,EGIS:landcover_lv3_10th,제주시,조수리,90.965
2019,EGIS:landcover_lv3_10th,제주시,조천리,48.398
2019,EGIS:landcover_lv3_10th,제주시,종달리,10.506
2019,EGIS:landcover_lv3_10th,제주시,청수리,110.472
2019,EGIS:landcover_lv3_10th,제주시,판포리,30.929
2019,EGIS:landcover_lv3_10th,제주시,평대리,7.746
2019,EGIS:landcover_lv3_10th,제주시,하가리,20.407
2019,EGIS:landcover_lv3_10th,제주시,하귀1리,10.782
2019,EGIS:landcover_lv3_10th,제주시,하귀2리,10.149
2019,EGIS:landcover_lv3_10th,제주시,하도리,5.446
2019,EGIS:landcover_lv3_10th,제주시,한동리,8.55
2019,EGIS:landcover_lv3_10th,제주시,한림리,4.214
2019,EGIS:landcover_lv3_10th,제주시,함덕리,36.241
2019,EGIS:landcover_lv3_10th,제주시,해안동,13.679
2019,EGIS:landcover_lv3_10th,제주시,행원리,3.515
2019,EGIS:landcover_lv3_10th,제주시,협재리,5.109
2019,EGIS:landcover_lv3_10th,제주시,화북이동,10.776
2019,EGIS:landcover_lv3_10th,제주시,화북일동,0.906
2019,EGIS:landcover_lv3_10th,제주시,회천동,45.854
2021,EGIS:landcover_lv3_11th,서귀포시,가시리,107.171
2021,EGIS:landcover_lv3_11th,서귀포시,감산리,17.505
2021,EGIS:landcover_lv3_11th,서귀포시,강정동,254.676
2021,EGIS:landcover_lv3_11th,서귀포시,고성리,7.222
2021,EGIS:landcover_lv3_11th,서귀포시,광평리,2.018
2021,EGIS:landcover_lv3_11th,서귀포시,구억리,19.325
2021,EGIS:landcover_lv3_11th,서귀포시,난산리,19.231
2021,EGIS:landcover_lv3_11th,서귀포시,남원리,163.865
2021,EGIS:landcover_lv3_11th,서귀포시,대포동,34.678
2021,EGIS:landcover_lv3_11th,서귀포시,덕수리,74.31
2021,EGIS:landcover_lv3_11th,서귀포시,도순동,92.785
2021,EGIS:landcover_lv3_11th,서귀포시,동광리,7.446
2021,EGIS:landcover_lv3_11th,서귀포시,동일리,32.995
2021,EGIS:landcover_lv3_11th,서귀포시,동홍동,35.278
2021,EGIS:landcover_lv3_11th,서귀포시,무릉리,61.857
2021,EGIS:landcover_lv3_11th,서귀포시,법환동,29.817
2021,EGIS:landcover_lv3_11th,서귀포시,보목동,93.417
2021,EGIS:landcover_lv3_11th,서귀포시,보성리,69.675
2021,EGIS:landcover_lv3_11th,서귀포시,사계리,13.407
2021,EGIS:landcover_lv3_11th,서귀포시,삼달리,22.518
2021,EGIS:landcover_lv3_11th,서귀포시,상모리,17.981
2021,EGIS:landcover_lv3_11th,서귀포시,상예동,71.34
2021,EGIS:landcover_lv3_11th,서귀포시,상창리,58.987
2021,EGIS:landcover_lv3_11th,서귀포시,상천리,0.61
2021,EGIS:landcover_lv3_11th,서귀포시,상효동,65.141
2021,EGIS:landcover_lv3_11th,서귀포시,색달동,22.957
2021,EGIS:landcover_lv3_11th,서귀포시,서광리,34.193
2021,EGIS:landcover_lv3_11th,서귀포시,서호동,11.324
2021,EGIS:landcover_lv3_11th,서귀포시,서홍동,47.093
2021,EGIS:landcover_lv3_11th,서귀포시,성산리,0.461
2021,EGIS:landcover_lv3_11th,서귀포시,성읍리,19.507
2021,EGIS:landcover_lv3_11th,서귀포시,세화리,162.421
2021,EGIS:landcover_lv3_11th,서귀포시,수망리,33.878
2021,EGIS:landcover_lv3_11th,서귀포시,수산리,33.091
2021,EGIS:landcover_lv3_11th,서귀포시,시흥리,1.87
2021,EGIS:landcover_lv3_11th,서귀포시,신도리,21.826
2021,EGIS:landcover_lv3_11th,서귀포시,신례리,160.872
2021,EGIS:landcover_lv3_11th,서귀포시,신산리,64.483
2021,EGIS:landcover_lv3_11th,서귀포시,신천리,14.09
2021,EGIS:landcover_lv3_11th,서귀포시,신평리,42.921
2021,EGIS:landcover_lv3_11th,서귀포시,신풍리,33.542
2021,EGIS:landcover_lv3_11th,서귀포시,신효동,75.27
2021,EGIS:landcover_lv3_11th,서귀포시,신흥리,275.509
2021,EGIS:landcover_lv3_11th,서귀포시,안성리,53.92
2021,EGIS:landcover_lv3_11th,서귀포시,영남동,1.341
2021,EGIS:landcover_lv3_11th,서귀포시,영락리,24.46
2021,EGIS:landcover_lv3_11th,서귀포시,오조리,4.575
2021,EGIS:landcover_lv3_11th,서귀포시,온평리,17.323
2021,EGIS:landcover_lv3_11th,서귀포시,월평동,72.076
2021,EGIS:landcover_lv3_11th,서귀포시,위미리,383.195
2021,EGIS:landcover_lv3_11th,서귀포시,의귀리,230.313
2021,EGIS:landcover_lv3_11th,서귀포시,인성리,11.125
2021,EGIS:landcover_lv3_11th,서귀포시,일과리,21.652
2021,EGIS:landcover_lv3_11th,서귀포시,중문동,27.672
2021,EGIS:landcover_lv3_11th,서귀포시,창천리,19.288
2021,EGIS:landcover_lv3_11th,서귀포시,태흥리,188.08
2021,EGIS:landcover_lv3_11th,서귀포시,토산리,227.488
2021,EGIS:landcover_lv3_11th,서귀포시,토평동,109.433
2021,EGIS:landcover_lv3_11th,서귀포시,표선리,38.714
2021,EGIS:landcover_lv3_11th,서귀포시,하례리,154.284
2021,EGIS:landcover_lv3_11th,서귀포시,하모리,4.131
2021,EGIS:landcover_lv3_11th,서귀포시,하예동,19.27
2021,EGIS:landcover_lv3_11th,서귀포시,하원동,65.659
2021,EGIS:landcover_lv3_11th,서귀포시,하천리,43.688
2021,EGIS:landcover_lv3_11th,서귀포시,하효동,45.802
2021,EGIS:landcover_lv3_11th,서귀포시,한남리,102.314
2021,EGIS:landcover_lv3_11th,서귀포시,호근동,43.602
2021,EGIS:landcover_lv3_11th,서귀포시,화순리,18.358
2021,EGIS:landcover_lv3_11th,서귀포시,회수동,23.117
2021,EGIS:landcover_lv3_11th,제주시,건입동,0.231
2021,EGIS:landcover_lv3_11th,제주시,고내리,0.62
2021,EGIS:landcover_lv3_11th,제주시,고산리,38.529
2021,EGIS:landcover_lv3_11th,제주시,고성리,11.447
2021,EGIS:landcover_lv3_11th,제주시,곽지리,16.636
2021,EGIS:landcover_lv3_11th,제주시,광령리,40.207
2021,EGIS:landcover_lv3_11th,제주시,교래리,0.996
2021,EGIS:landcover_lv3_11th,제주시,구엄리,16.392
2021,EGIS:landcover_lv3_11th,제주시,귀덕리,16.207
2021,EGIS:landcover_lv3_11th,제주시,금능리,24.808
2021,EGIS:landcover_lv3_11th,제주시,금등리,8.862
2021,EGIS:landcover_lv3_11th,제주시,금성리,8.402
2021,EGIS:landcover_lv3_11th,제주시,금악리,19.817
2021,EGIS:landcover_lv3_11th,제주시,김녕리,17.068
2021,EGIS:landcover_lv3_11th,제주시,낙천리,54.12
2021,EGIS:landcover_lv3_11th,제주시,납읍리,47.171
2021,EGIS:landcover_lv3_11th,제주시,내도동,4.991
2021,EGIS:landcover_lv3_11th,제주시,노형동,18.195
2021,EGIS:landcover_lv3_11th,제주시,대림리,13.991
2021,EGIS:landcover_lv3_11th,제주시,대흘리,49.413
2021,EGIS:landcover_lv3_11th,제주시,덕천리,1.575
2021,EGIS:landcover_lv3_11th,제주시,도남동,3.953
2021,EGIS:landcover_lv3_11th,제주시,도두이동,4.414
2021,EGIS:landcover_lv3_11th,제주시,도두일동,4.859
2021,EGIS:landcover_lv3_11th,제주시,도련이동,15.092
2021,EGIS:landcover_lv3_11th,제주시,도련일동,22.912
2021,EGIS:landcover_lv3_11th,제주시,도평동,9.789
2021,EGIS:landcover_lv3_11th,제주시,동명리,17.923
2021,EGIS:landcover_lv3_11th,제주시,동복리,3.006
2021,EGIS:landcover_lv3_11th,제주시,두모리,14.712
2021,EGIS:landcover_lv3_11th,제주시,명월리,17.626
2021,EGIS:landcover_lv3_11th,제주시,봉개동,14.15
2021,EGIS:landcover_lv3_11th,제주시,봉성리,42.04
2021,EGIS:landcover_lv3_11th,제주시,북촌리,11.625
2021,EGIS:landcover_lv3_11th,제주시,삼양삼동,0.083
2021,EGIS:landcover_lv3_11th,제주시,삼양이동,0.187
2021,EGIS:landcover_lv3_11th,제주시,삼양일동,13.575
2021,EGIS:landcover_lv3_11th,제주시,상가리,29.446
2021,EGIS:landcover_lv3_11th,제주시,상귀리,21.483
2021,EGIS:landcover_lv3_11th,제주시,상대리,63.205
2021,EGIS:landcover_lv3_11th,제주시,상도리,10.343
2021,EGIS:landcover_lv3_11th,제주시,상명리,31.223
2021,EGIS:landcover_lv3_11th,제주시,선흘리,43.415
2021,EGIS:landcover_lv3_11th,제주시,세화리,8.779
2021,EGIS:landcover_lv3_11th,제주시,소길리,6.869
2021,EGIS:landcover_lv3_11th,제주시,송당리,2.461
2021,EGIS:landcover_lv3_11th,제주시,수산리,37.657
2021,EGIS:landcover_lv3_11th,제주시,수원리,4.496
2021,EGIS:landcover_lv3_11th,제주시,신엄리,39.483
2021,EGIS:landcover_lv3_11th,제주시,신창리,1.039
2021,EGIS:landcover_lv3_11th,제주시,신촌리,54.265
2021,EGIS:landcover_lv3_11th,제주시,신흥리,0.586
2021,EGIS:landcover_lv3_11th,제주시,아라이동,5.249
2021,EGIS:landcover_lv3_11th,제주시,아라일동,6.581
2021,EGIS:landcover_lv3_11th,제주시,애월리,4.009
2021,EGIS:landcover_lv3_11th,제주시,어음리,18.257
2021,EGIS:landcover_lv3_11th,제주시,연동,2.42
2021,EGIS:landcover_lv3_11th,제주시,영평동,33.495
2021,EGIS:landcover_lv3_11th,제주시,오등동,22.213
2021,EGIS:landcover_lv3_11th,제주시,오라삼동,0.841
2021,EGIS:landcover_lv3_11th,제주시,오라이동,13.338
2021,EGIS:landcover_lv3_11th,제주시,오라일동,0.239
2021,EGIS:landcover_lv3_11th,제주시,옹포리,1.182
2021,EGIS:landcover_lv3_11th,제주시,와산리,23.06
2021,EGIS:landcover_lv3_11th,제주시,와흘리,14.381
2021,EGIS:landcover_lv3_11th,제주시,외도이동,0.015
2021,EGIS:landcover_lv3_11th,제주시,외도일동,12.431
2021,EGIS:landcover_lv3_11th,제주시,용강동,10.914
2021,EGIS:landcover_lv3_11th,제주시,용담삼동,0.623
2021,EGIS:landcover_lv3_11th,제주시,용담이동,2.894
2021,EGIS:landcover_lv3_11th,제주시,용담일동,0.055
2021,EGIS:landcover_lv3_11th,제주시,용수리,18.085
2021,EGIS:landcover_lv3_11th,제주시,월령리,4.648
2021,EGIS:landcover_lv3_11th,제주시,월림리,40.739
2021,EGIS:landcover_lv3_11th,제주시,월정리,3.519
2021,EGIS:landcover_lv3_11th,제주시,월평동,7.117
2021,EGIS:landcover_lv3_11th,제주시,유수암리,10.033
2021,EGIS:landcover_lv3_11th,제주시,이도이동,0.354
2021,EGIS:landcover_lv3_11th,제주시,이호이동,8.714
2021,EGIS:landcover_lv3_11th,제주시,이호일동,1.052
2021,EGIS:landcover_lv3_11th,제주시,일도이동,0.012
2021,EGIS:landcover_lv3_11th,제주시,장전리,31.024
2021,EGIS:landcover_lv3_11th,제주시,저지리,80.669
2021,EGIS:landcover_lv3_11th,제주시,조수리,90.96
2021,EGIS:landcover_lv3_11th,제주시,조천리,48.967
2021,EGIS:landcover_lv3_11th,제주시,종달리,10.677
2021,EGIS:landcover_lv3_11th,제주시,청수리,110.524
2021,EGIS:landcover_lv3_11th,제주시,판포리,31.244
2021,EGIS:landcover_lv3_11th,제주시,평대리,7.746
2021,EGIS:landcover_lv3_11th,제주시,하가리,20.572
2021,EGIS:landcover_lv3_11th,제주시,하귀1리,10.573
2021,EGIS:landcover_lv3_11th,제주시,하귀2리,10.116
2021,EGIS:landcover_lv3_11th,제주시,하도리,5.446
2021,EGIS:landcover_lv3_11th,제주시,한동리,8.543
2021,EGIS:landcover_lv3_11th,제주시,한림리,4.214
2021,EGIS:landcover_lv3_11th,제주시,함덕리,36.279
2021,EGIS:landcover_lv3_11th,제주시,해안동,13.06
2021,EGIS:landcover_lv3_11th,제주시,행원리,3.515
2021,EGIS:landcover_lv3_11th,제주시,협재리,5.04
2021,EGIS:landcover_lv3_11th,제주시,화북이동,10.811
2021,EGIS:landcover_lv3_11th,제주시,화북일동,0.906
2021,EGIS:landcover_lv3_11th,제주시,회천동,45.884
2022,EGIS:lv3_2022y,서귀포시,가시리,111.941
2022,EGIS:lv3_2022y,서귀포시,감산리,18.512
2022,EGIS:lv3_2022y,서귀포시,강정동,258.566
2022,EGIS:lv3_2022y,서귀포시,고성리,7.463
2022,EGIS:lv3_2022y,서귀포시,광평리,1.962
2022,EGIS:lv3_2022y,서귀포시,구억리,20.357
2022,EGIS:lv3_2022y,서귀포시,난산리,20.181
2022,EGIS:lv3_2022y,서귀포시,남원리,169.546
2022,EGIS:lv3_2022y,서귀포시,대포동,37.329
2022,EGIS:lv3_2022y,서귀포시,덕수리,81.052
2022,EGIS:lv3_2022y,서귀포시,도순동,92.609
2022,EGIS:lv3_2022y,서귀포시,동광리,8.044
2022,EGIS:lv3_2022y,서귀포시,동일리,35.078
2022,EGIS:lv3_2022y,서귀포시,동홍동,35.801
2022,EGIS:lv3_2022y,서귀포시,무릉리,65.5
2022,EGIS:lv3_2022y,서귀포시,법환동,30.017
2022,EGIS:lv3_2022y,서귀포시,보목동,96.624
2022,EGIS:lv3_2022y,서귀포시,보성리,72.196
2022,EGIS:lv3_2022y,서귀포시,사계리,13.308
2022,EGIS:lv3_2022y,서귀포시,삼달리,29.577
2022,EGIS:lv3_2022y,서귀포시,상모리,17.916
2022,EGIS:lv3_2022y,서귀포시,상예동,74.896
2022,EGIS:lv3_2022y,서귀포시,상창리,62.822
2022,EGIS:lv3_2022y,서귀포시,상천리,0.576
2022,EGIS:lv3_2022y,서귀포시,상효동,67.366
2022,EGIS:lv3_2022y,서귀포시,색달동,24.981
2022,EGIS:lv3_2022y,서귀포시,서광리,34.384
2022,EGIS:lv3_2022y,서귀포시,서호동,11.904
2022,EGIS:lv3_2022y,서귀포시,서홍동,48.319
2022,EGIS:lv3_2022y,서귀포시,성산리,0.461
2022,EGIS:lv3_2022y,서귀포시,성읍리,19.894
2022,EGIS:lv3_2022y,서귀포시,세화리,169.406
2022,EGIS:lv3_2022y,서귀포시,수망리,36.833
2022,EGIS:lv3_2022y,서귀포시,수산리,36.614
2022,EGIS:lv3_2022y,서귀포시,시흥리,2.315
2022,EGIS:lv3_2022y,서귀포시,신도리,24.925
2022,EGIS:lv3_2022y,서귀포시,신례리,171.078
2022,EGIS:lv3_2022y,서귀포시,신산리,67.071
2022,EGIS:lv3_2022y,서귀포시,신천리,15.645
2022,EGIS:lv3_2022y,서귀포시,신평리,45.879
2022,EGIS:lv3_2022y,서귀포시,신풍리,36.032
2022,EGIS:lv3_2022y,서귀포시,신효동,76.725
2022,EGIS:lv3_2022y,서귀포시,신흥리,283.473
2022,EGIS:lv3_2022y,서귀포시,안성리,57.069
2022,EGIS:lv3_2022y,서귀포시,영남동,1.829
2022,EGIS:lv3_2022y,서귀포시,영락리,27.882
2022,EGIS:lv3_2022y,서귀포시,오조리,6.193
2022,EGIS:lv3_2022y,서귀포시,온평리,17.625
2022,EGIS:lv3_2022y,서귀포시,월평동,71.53
2022,EGIS:lv3_2022y,서귀포시,위미리,407.99
2022,EGIS:lv3_2022y,서귀포시,의귀리,231.929
2022,EGIS:lv3_2022y,서귀포시,인성리,10.889
2022,EGIS:lv3_2022y,서귀포시,일과리,24.306
2022,EGIS:lv3_2022y,서귀포시,중문동,29.14
2022,EGIS:lv3_2022y,서귀포시,창천리,18.446
2022,EGIS:lv3_2022y,서귀포시,태흥리,189.158
2022,EGIS:lv3_2022y,서귀포시,토산리,231.483
2022,EGIS:lv3_2022y,서귀포시,토평동,111.923
2022,EGIS:lv3_2022y,서귀포시,표선리,40.496
2022,EGIS:lv3_2022y,서귀포시,하례리,158.438
2022,EGIS:lv3_2022y,서귀포시,하모리,3.921
2022,EGIS:lv3_2022y,서귀포시,하예동,19.866
2022,EGIS:lv3_2022y,서귀포시,하원동,67.863
2022,EGIS:lv3_2022y,서귀포시,하천리,46.956
2022,EGIS:lv3_2022y,서귀포시,하효동,48.626
2022,EGIS:lv3_2022y,서귀포시,한남리,106.608
2022,EGIS:lv3_2022y,서귀포시,호근동,43.085
2022,EGIS:lv3_2022y,서귀포시,화순리,19.303
2022,EGIS:lv3_2022y,서귀포시,회수동,24.403
2022,EGIS:lv3_2022y,제주시,건입동,0.231
2022,EGIS:lv3_2022y,제주시,고내리,0.585
2022,EGIS:lv3_2022y,제주시,고산리,43.22
2022,EGIS:lv3_2022y,제주시,고성리,11.631
2022,EGIS:lv3_2022y,제주시,곽지리,18.055
2022,EGIS:lv3_2022y,제주시,광령리,40.308
2022,EGIS:lv3_2022y,제주시,교래리,1.483
2022,EGIS:lv3_2022y,제주시,구엄리,17.259
2022,EGIS:lv3_2022y,제주시,귀덕리,16.016
2022,EGIS:lv3_2022y,제주시,금능리,25.307
2022,EGIS:lv3_2022y,제주시,금등리,9.233
2022,EGIS:lv3_2022y,제주시,금성리,9.154
2022,EGIS:lv3_2022y,제주시,금악리,20.817
2022,EGIS:lv3_2022y,제주시,김녕리,19.684
2022,EGIS:lv3_2022y,제주시,낙천리,63.537
2022,EGIS:lv3_2022y,제주시,납읍리,50.956
2022,EGIS:lv3_2022y,제주시,내도동,5.161
2022,EGIS:lv3_2022y,제주시,노형동,18.665
2022,EGIS:lv3_2022y,제주시,대림리,14.618
2022,EGIS:lv3_2022y,제주시,대흘리,53.144
2022,EGIS:lv3_2022y,제주시,덕천리,1.627
2022,EGIS:lv3_2022y,제주시,도남동,4.291
2022,EGIS:lv3_2022y,제주시,도두이동,4.057
2022,EGIS:lv3_2022y,제주시,도두일동,4.924
2022,EGIS:lv3_2022y,제주시,도련이동,14.933
2022,EGIS:lv3_2022y,제주시,도련일동,23.006
2022,EGIS:lv3_2022y,제주시,도평동,9.888
2022,EGIS:lv3_2022y,제주시,동명리,18.83
2022,EGIS:lv3_2022y,제주시,동복리,3.135
2022,EGIS:lv3_2022y,제주시,두모리,17.556
2022,EGIS:lv3_2022y,제주시,명월리,19.764
2022,EGIS:lv3_2022y,제주시,봉개동,13.832
2022,EGIS:lv3_2022y,제주시,봉성리,46.047
2022,EGIS:lv3_2022y,제주시,북촌리,12.843
2022,EGIS:lv3_2022y,제주시,삼양삼동,0.068
2022,EGIS:lv3_2022y,제주시,삼양이동,0.084
2022,EGIS:lv3_2022y,제주시,삼양일동,14.16
2022,EGIS:lv3_2022y,제주시,상가리,33.036
2022,EGIS:lv3_2022y,제주시,상귀리,22.33
2022,EGIS:lv3_2022y,제주시,상대리,66.569
2022,EGIS:lv3_2022y,제주시,상도리,9.783
2022,EGIS:lv3_2022y,제주시,상명리,32.261
2022,EGIS:lv3_2022y,제주시,선흘리,50.639
2022,EGIS:lv3_2022y,제주시,세화리,9.504
2022,EGIS:lv3_2022y,제주시,소길리,7.474
2022,EGIS:lv3_2022y,제주시,송당리,2.816
2022,EGIS:lv3_2022y,제주시,수산리,41.417
2022,EGIS:lv3_2022y,제주시,수원리,4.314
2022,EGIS:lv3_2022y,제주시,신엄리,40.782
2022,EGIS:lv3_2022y,제주시,신창리,1.592
2022,EGIS:lv3_2022y,제주시,신촌리,54.188
2022,EGIS:lv3_2022y,제주시,신흥리,0.912
2022,EGIS:lv3_2022y,제주시,아라이동,4.931
2022,EGIS:lv3_2022y,제주시,아라일동,7.124
2022,EGIS:lv3_2022y,제주시,애월리,5.076
2022,EGIS:lv3_2022y,제주시,어음리,21.683
2022,EGIS:lv3_2022y,제주시,연동,2.614
2022,EGIS:lv3_2022y,제주시,영평동,33.785
2022,EGIS:lv3_2022y,제주시,오등동,22.487
2022,EGIS:lv3_2022y,제주시,오라삼동,0.954
2022,EGIS:lv3_2022y,제주시,오라이동,13.914
2022,EGIS:lv3_2022y,제주시,오라일동,0.239
2022,EGIS:lv3_2022y,제주시,옹포리,1.465
2022,EGIS:lv3_2022y,제주시,와산리,24.752
2022,EGIS:lv3_2022y,제주시,와흘리,16.465
2022,EGIS:lv3_2022y,제주시,외도이동,0.015
2022,EGIS:lv3_2022y,제주시,외도일동,12.618
2022,EGIS:lv3_2022y,제주시,용강동,12.079
2022,EGIS:lv3_2022y,제주시,용담삼동,0.619
2022,EGIS:lv3_2022y,제주시,용담이동,3.099
2022,EGIS:lv3_2022y,제주시,용담일동,0.055
2022,EGIS:lv3_2022y,제주시,용수리,20.614
2022,EGIS:lv3_2022y,제주시,월령리,5.39
2022,EGIS:lv3_2022y,제주시,월림리,46.126
2022,EGIS:lv3_2022y,제주시,월정리,3.411
2022,EGIS:lv3_2022y,제주시,월평동,7.146
2022,EGIS:lv3_2022y,제주시,유수암리,10.663
2022,EGIS:lv3_2022y,제주시,이도이동,0.354
2022,EGIS:lv3_2022y,제주시,이호이동,8.224
2022,EGIS:lv3_2022y,제주시,이호일동,1.143
2022,EGIS:lv3_2022y,제주시,일도이동,0.012
2022,EGIS:lv3_2022y,제주시,장전리,31.462
2022,EGIS:lv3_2022y,제주시,저지리,88.852
2022,EGIS:lv3_2022y,제주시,조수리,95.764
2022,EGIS:lv3_2022y,제주시,조천리,51.5
2022,EGIS:lv3_2022y,제주시,종달리,11.993
2022,EGIS:lv3_2022y,제주시,청수리,120.365
2022,EGIS:lv3_2022y,제주시,판포리,34.721
2022,EGIS:lv3_2022y,제주시,평대리,8.063
2022,EGIS:lv3_2022y,제주시,하가리,23.247
2022,EGIS:lv3_2022y,제주시,하귀1리,11.388
2022,EGIS:lv3_2022y,제주시,하귀2리,9.994
2022,EGIS:lv3_2022y,제주시,하도리,6.192
2022,EGIS:lv3_2022y,제주시,한동리,12.082
2022,EGIS:lv3_2022y,제주시,한림리,5.605
2022,EGIS:lv3_2022y,제주시,함덕리,39.844
2022,EGIS:lv3_2022y,제주시,해안동,13.538
2022,EGIS:lv3_2022y,제주시,행원리,4.358
2022,EGIS:lv3_2022y,제주시,협재리,5.506
2022,EGIS:lv3_2022y,제주시,화북이동,11.402
2022,EGIS:lv3_2022y,제주시,화북일동,0.84
2022,EGIS:lv3_2022y,제주시,회천동,45.521
2023,EGIS:lv3_2023y,서귀포시,가시리,120.245
2023,EGIS:lv3_2023y,서귀포시,감산리,19.753
2023,EGIS:lv3_2023y,서귀포시,강정동,269.416
2023,EGIS:lv3_2023y,서귀포시,고성리,8.931
2023,EGIS:lv3_2023y,서귀포시,광평리,1.963
2023,EGIS:lv3_2023y,서귀포시,구억리,21.788
2023,EGIS:lv3_2023y,서귀포시,난산리,21.077
2023,EGIS:lv3_2023y,서귀포시,남원리,175.641
2023,EGIS:lv3_2023y,서귀포시,대포동,38.624
2023,EGIS:lv3_2023y,서귀포시,덕수리,88.874
2023,EGIS:lv3_2023y,서귀포시,도순동,98.837
2023,EGIS:lv3_2023y,서귀포시,동광리,8.808
2023,EGIS:lv3_2023y,서귀포시,동일리,39.268
2023,EGIS:lv3_2023y,서귀포시,동홍동,36.717
2023,EGIS:lv3_2023y,서귀포시,무릉리,71.275
2023,EGIS:lv3_2023y,서귀포시,법환동,30.513
2023,EGIS:lv3_2023y,서귀포시,보목동,99.044
2023,EGIS:lv3_2023y,서귀포시,보성리,77.93
2023,EGIS:lv3_2023y,서귀포시,사계리,13.74
2023,EGIS:lv3_2023y,서귀포시,삼달리,32.869
2023,EGIS:lv3_2023y,서귀포시,상모리,21.098
2023,EGIS:lv3_2023y,서귀포시,상예동,78.466
2023,EGIS:lv3_2023y,서귀포시,상창리,66.104
2023,EGIS:lv3_2023y,서귀포시,상천리,0.571
2023,EGIS:lv3_2023y,서귀포시,상효동,68.827
2023,EGIS:lv3_2023y,서귀포시,색달동,25.485
2023,EGIS:lv3_2023y,서귀포시,서광리,36.524
2023,EGIS:lv3_2023y,서귀포시,서호동,12.73
2023,EGIS:lv3_2023y,서귀포시,서홍동,50.474
2023,EGIS:lv3_2023y,서귀포시,성산리,0.461
2023,EGIS:lv3_2023y,서귀포시,성읍리,19.885
2023,EGIS:lv3_2023y,서귀포시,세화리,173.853
2023,EGIS:lv3_2023y,서귀포시,수망리,40.051
2023,EGIS:lv3_2023y,서귀포시,수산리,36.707
2023,EGIS:lv3_2023y,서귀포시,시흥리,4.094
2023,EGIS:lv3_2023y,서귀포시,신도리,29.177
2023,EGIS:lv3_2023y,서귀포시,신례리,177.136
2023,EGIS:lv3_2023y,서귀포시,신산리,70.361
2023,EGIS:lv3_2023y,서귀포시,신천리,17.111
2023,EGIS:lv3_2023y,서귀포시,신평리,50.232
2023,EGIS:lv3_2023y,서귀포시,신풍리,37.348
2023,EGIS:lv3_2023y,서귀포시,신효동,79.8
2023,EGIS:lv3_2023y,서귀포시,신흥리,299.666
2023,EGIS:lv3_2023y,서귀포시,안성리,62.752
2023,EGIS:lv3_2023y,서귀포시,영남동,2.235
2023,EGIS:lv3_2023y,서귀포시,영락리,29.002
2023,EGIS:lv3_2023y,서귀포시,오조리,6.389
2023,EGIS:lv3_2023y,서귀포시,온평리,18.746
2023,EGIS:lv3_2023y,서귀포시,월평동,73.003
2023,EGIS:lv3_2023y,서귀포시,위미리,427.809
2023,EGIS:lv3_2023y,서귀포시,의귀리,248.59
2023,EGIS:lv3_2023y,서귀포시,인성리,12.974
2023,EGIS:lv3_2023y,서귀포시,일과리,25.088
2023,EGIS:lv3_2023y,서귀포시,중문동,29.389
2023,EGIS:lv3_2023y,서귀포시,창천리,18.723
2023,EGIS:lv3_2023y,서귀포시,태흥리,199.013
2023,EGIS:lv3_2023y,서귀포시,토산리,240.518
2023,EGIS:lv3_2023y,서귀포시,토평동,115.941
2023,EGIS:lv3_2023y,서귀포시,표선리,42.042
2023,EGIS:lv3_2023y,서귀포시,하례리,164.574
2023,EGIS:lv3_2023y,서귀포시,하모리,4.065
2023,EGIS:lv3_2023y,서귀포시,하예동,20.952
2023,EGIS:lv3_2023y,서귀포시,하원동,70.184
2023,EGIS:lv3_2023y,서귀포시,하천리,49.189
2023,EGIS:lv3_2023y,서귀포시,하효동,50.445
2023,EGIS:lv3_2023y,서귀포시,한남리,113.228
2023,EGIS:lv3_2023y,서귀포시,호근동,44.479
2023,EGIS:lv3_2023y,서귀포시,화순리,19.506
2023,EGIS:lv3_2023y,서귀포시,회수동,25.695
2023,EGIS:lv3_2023y,제주시,건입동,0.279
2023,EGIS:lv3_2023y,제주시,고내리,0.652
2023,EGIS:lv3_2023y,제주시,고산리,48.155
2023,EGIS:lv3_2023y,제주시,고성리,12.132
2023,EGIS:lv3_2023y,제주시,곽지리,19.448
2023,EGIS:lv3_2023y,제주시,광령리,42.144
2023,EGIS:lv3_2023y,제주시,교래리,1.528
2023,EGIS:lv3_2023y,제주시,구엄리,17.295
2023,EGIS:lv3_2023y,제주시,귀덕리,17.381
2023,EGIS:lv3_2023y,제주시,금능리,27.351
2023,EGIS:lv3_2023y,제주시,금등리,10.775
2023,EGIS:lv3_2023y,제주시,금성리,9.202
2023,EGIS:lv3_2023y,제주시,금악리,22.631
2023,EGIS:lv3_2023y,제주시,김녕리,22.267
2023,EGIS:lv3_2023y,제주시,낙천리,68.866
2023,EGIS:lv3_2023y,제주시,납읍리,54.327
2023,EGIS:lv3_2023y,제주시,내도동,5.118
2023,EGIS:lv3_2023y,제주시,노형동,19.392
2023,EGIS:lv3_2023y,제주시,대림리,16.221
2023,EGIS:lv3_2023y,제주시,대흘리,56.541
2023,EGIS:lv3_2023y,제주시,덕천리,1.894
2023,EGIS:lv3_2023y,제주시,도남동,4.819
2023,EGIS:lv3_2023y,제주시,도두이동,3.821
2023,EGIS:lv3_2023y,제주시,도두일동,5.027
2023,EGIS:lv3_2023y,제주시,도련이동,14.865
2023,EGIS:lv3_2023y,제주시,도련일동,24.056
2023,EGIS:lv3_2023y,제주시,도평동,11.146
2023,EGIS:lv3_2023y,제주시,동명리,20.621
2023,EGIS:lv3_2023y,제주시,동복리,3.563
2023,EGIS:lv3_2023y,제주시,두모리,21.224
2023,EGIS:lv3_2023y,제주시,명월리,22.259
2023,EGIS:lv3_2023y,제주시,봉개동,15.423
2023,EGIS:lv3_2023y,제주시,봉성리,49.1
2023,EGIS:lv3_2023y,제주시,북촌리,14.443
2023,EGIS:lv3_2023y,제주시,삼도이동,0.021
2023,EGIS:lv3_2023y,제주시,삼양삼동,0.068
2023,EGIS:lv3_2023y,제주시,삼양이동,0.468
2023,EGIS:lv3_2023y,제주시,삼양일동,14.371
2023,EGIS:lv3_2023y,제주시,상가리,35.528
2023,EGIS:lv3_2023y,제주시,상귀리,22.56
2023,EGIS:lv3_2023y,제주시,상대리,70.512
2023,EGIS:lv3_2023y,제주시,상도리,9.813
2023,EGIS:lv3_2023y,제주시,상명리,34.052
2023,EGIS:lv3_2023y,제주시,선흘리,53.897
2023,EGIS:lv3_2023y,제주시,세화리,9.215
2023,EGIS:lv3_2023y,제주시,소길리,7.786
2023,EGIS:lv3_2023y,제주시,송당리,4.201
2023,EGIS:lv3_2023y,제주시,수산리,45.813
2023,EGIS:lv3_2023y,제주시,수원리,5.956
2023,EGIS:lv3_2023y,제주시,신엄리,43.096
2023,EGIS:lv3_2023y,제주시,신창리,1.662
2023,EGIS:lv3_2023y,제주시,신촌리,58.571
2023,EGIS:lv3_2023y,제주시,신흥리,0.912
2023,EGIS:lv3_2023y,제주시,아라이동,4.862
2023,EGIS:lv3_2023y,제주시,아라일동,7.289
2023,EGIS:lv3_2023y,제주시,애월리,5.376
2023,EGIS:lv3_2023y,제주시,어음리,23.009
2023,EGIS:lv3_2023y,제주시,연동,2.61
2023,EGIS:lv3_2023y,제주시,영평동,34.899
2023,EGIS:lv3_2023y,제주시,오등동,23.362
2023,EGIS:lv3_2023y,제주시,오라삼동,0.965
2023,EGIS:lv3_2023y,제주시,오라이동,14.186
2023,EGIS:lv3_2023y,제주시,오라일동,0.24
2023,EGIS:lv3_2023y,제주시,옹포리,1.574
2023,EGIS:lv3_2023y,제주시,와산리,25.967
2023,EGIS:lv3_2023y,제주시,와흘리,17.081
2023,EGIS:lv3_2023y,제주시,외도이동,0.015
2023,EGIS:lv3_2023y,제주시,외도일동,13.665
2023,EGIS:lv3_2023y,제주시,용강동,13.097
2023,EGIS:lv3_2023y,제주시,용담삼동,0.619
2023,EGIS:lv3_2023y,제주시,용담이동,3.002
2023,EGIS:lv3_2023y,제주시,용담일동,0.065
2023,EGIS:lv3_2023y,제주시,용수리,24.193
2023,EGIS:lv3_2023y,제주시,월령리,5.805
2023,EGIS:lv3_2023y,제주시,월림리,49.834
2023,EGIS:lv3_2023y,제주시,월정리,3.357
2023,EGIS:lv3_2023y,제주시,월평동,7.413
2023,EGIS:lv3_2023y,제주시,유수암리,11.323
2023,EGIS:lv3_2023y,제주시,이도이동,0.387
2023,EGIS:lv3_2023y,제주시,이호이동,8.271
2023,EGIS:lv3_2023y,제주시,이호일동,1.102
2023,EGIS:lv3_2023y,제주시,일도이동,0.028
2023,EGIS:lv3_2023y,제주시,장전리,32.649
2023,EGIS:lv3_2023y,제주시,저지리,93.415
2023,EGIS:lv3_2023y,제주시,조수리,102.058
2023,EGIS:lv3_2023y,제주시,조천리,57.213
2023,EGIS:lv3_2023y,제주시,종달리,12.203
2023,EGIS:lv3_2023y,제주시,청수리,127.15
2023,EGIS:lv3_2023y,제주시,판포리,38.343
2023,EGIS:lv3_2023y,제주시,평대리,7.651
2023,EGIS:lv3_2023y,제주시,하가리,24.793
2023,EGIS:lv3_2023y,제주시,하귀1리,12.013
2023,EGIS:lv3_2023y,제주시,하귀2리,10.918
2023,EGIS:lv3_2023y,제주시,하도리,6.078
2023,EGIS:lv3_2023y,제주시,한동리,12.369
2023,EGIS:lv3_2023y,제주시,한림리,6.351
2023,EGIS:lv3_2023y,제주시,한수리,0.006
2023,EGIS:lv3_2023y,제주시,함덕리,44.729
2023,EGIS:lv3_2023y,제주시,해안동,14.372
2023,EGIS:lv3_2023y,제주시,행원리,4.46
2023,EGIS:lv3_2023y,제주시,협재리,6.142
2023,EGIS:lv3_2023y,제주시,화북이동,12.26
2023,EGIS:lv3_2023y,제주시,화북일동,0.921
2023,EGIS:lv3_2023y,제주시,회천동,47.422
2024,EGIS:lv3_2024y,서귀포시,가시리,121.48
2024,EGIS:lv3_2024y,서귀포시,감산리,20.673
2024,EGIS:lv3_2024y,서귀포시,강정동,273.859
2024,EGIS:lv3_2024y,서귀포시,고성리,10.051
2024,EGIS:lv3_2024y,서귀포시,광평리,1.963
2024,EGIS:lv3_2024y,서귀포시,구억리,21.569
2024,EGIS:lv3_2024y,서귀포시,난산리,22.996
2024,EGIS:lv3_2024y,서귀포시,남원리,179.286
2024,EGIS:lv3_2024y,서귀포시,대포동,39.744
2024,EGIS:lv3_2024y,서귀포시,덕수리,90.633
2024,EGIS:lv3_2024y,서귀포시,도순동,101.883
2024,EGIS:lv3_2024y,서귀포시,동광리,9.223
2024,EGIS:lv3_2024y,서귀포시,동일리,39.907
2024,EGIS:lv3_2024y,서귀포시,동홍동,37.397
2024,EGIS:lv3_2024y,서귀포시,무릉리,75.023
2024,EGIS:lv3_2024y,서귀포시,법환동,30.365
2024,EGIS:lv3_2024y,서귀포시,보목동,100.966
2024,EGIS:lv3_2024y,서귀포시,보성리,77.688
2024,EGIS:lv3_2024y,서귀포시,사계리,13.909
2024,EGIS:lv3_2024y,서귀포시,삼달리,34.337
2024,EGIS:lv3_2024y,서귀포시,상모리,22.274
2024,EGIS:lv3_2024y,서귀포시,상예동,80.936
2024,EGIS:lv3_2024y,서귀포시,상창리,68.157
2024,EGIS:lv3_2024y,서귀포시,상천리,0.583
2024,EGIS:lv3_2024y,서귀포시,상효동,70.893
2024,EGIS:lv3_2024y,서귀포시,색달동,26.976
2024,EGIS:lv3_2024y,서귀포시,서광리,36.461
2024,EGIS:lv3_2024y,서귀포시,서호동,14.335
2024,EGIS:lv3_2024y,서귀포시,서홍동,50.389
2024,EGIS:lv3_2024y,서귀포시,성산리,0.461
2024,EGIS:lv3_2024y,서귀포시,성읍리,20.116
2024,EGIS:lv3_2024y,서귀포시,세화리,177.875
2024,EGIS:lv3_2024y,서귀포시,수망리,40.693
2024,EGIS:lv3_2024y,서귀포시,수산리,40.862
2024,EGIS:lv3_2024y,서귀포시,시흥리,4.667
2024,EGIS:lv3_2024y,서귀포시,신도리,29.868
2024,EGIS:lv3_2024y,서귀포시,신례리,183.073
2024,EGIS:lv3_2024y,서귀포시,신산리,72.982
2024,EGIS:lv3_2024y,서귀포시,신천리,17.981
2024,EGIS:lv3_2024y,서귀포시,신평리,51.235
2024,EGIS:lv3_2024y,서귀포시,신풍리,37.465
2024,EGIS:lv3_2024y,서귀포시,신효동,81.701
2024,EGIS:lv3_2024y,서귀포시,신흥리,304.194
2024,EGIS:lv3_2024y,서귀포시,안성리,63.212
2024,EGIS:lv3_2024y,서귀포시,영남동,2.224
2024,EGIS:lv3_2024y,서귀포시,영락리,30.154
2024,EGIS:lv3_2024y,서귀포시,오조리,6.495
2024,EGIS:lv3_2024y,서귀포시,온평리,19.224
2024,EGIS:lv3_2024y,서귀포시,월평동,73.335
2024,EGIS:lv3_2024y,서귀포시,위미리,434.094
2024,EGIS:lv3_2024y,서귀포시,의귀리,249.457
2024,EGIS:lv3_2024y,서귀포시,인성리,13.556
2024,EGIS:lv3_2024y,서귀포시,일과리,25.215
2024,EGIS:lv3_2024y,서귀포시,중문동,30.16
2024,EGIS:lv3_2024y,서귀포시,창천리,19.489
2024,EGIS:lv3_2024y,서귀포시,태흥리,201.41
2024,EGIS:lv3_2024y,서귀포시,토산리,241.64
2024,EGIS:lv3_2024y,서귀포시,토평동,118.075
2024,EGIS:lv3_2024y,서귀포시,표선리,42.534
2024,EGIS:lv3_2024y,서귀포시,하례리,169.554
2024,EGIS:lv3_2024y,서귀포시,하모리,4.102
2024,EGIS:lv3_2024y,서귀포시,하예동,21.425
2024,EGIS:lv3_2024y,서귀포시,하원동,74.355
2024,EGIS:lv3_2024y,서귀포시,하천리,50.899
2024,EGIS:lv3_2024y,서귀포시,하효동,51.221
2024,EGIS:lv3_2024y,서귀포시,한남리,114.096
2024,EGIS:lv3_2024y,서귀포시,호근동,45.482
2024,EGIS:lv3_2024y,서귀포시,화순리,21.103
2024,EGIS:lv3_2024y,서귀포시,회수동,28.046
2024,EGIS:lv3_2024y,제주시,건입동,0.279
2024,EGIS:lv3_2024y,제주시,고내리,1.221
2024,EGIS:lv3_2024y,제주시,고산리,53.267
2024,EGIS:lv3_2024y,제주시,고성리,12.798
2024,EGIS:lv3_2024y,제주시,곽지리,19.554
2024,EGIS:lv3_2024y,제주시,광령리,43.436
2024,EGIS:lv3_2024y,제주시,교래리,1.282
2024,EGIS:lv3_2024y,제주시,구엄리,17.131
2024,EGIS:lv3_2024y,제주시,귀덕리,18.169
2024,EGIS:lv3_2024y,제주시,금능리,29.192
2024,EGIS:lv3_2024y,제주시,금등리,10.573
2024,EGIS:lv3_2024y,제주시,금성리,9.226
2024,EGIS:lv3_2024y,제주시,금악리,23.789
2024,EGIS:lv3_2024y,제주시,김녕리,23.056
2024,EGIS:lv3_2024y,제주시,낙천리,72.441
2024,EGIS:lv3_2024y,제주시,납읍리,54.541
2024,EGIS:lv3_2024y,제주시,내도동,5.17
2024,EGIS:lv3_2024y,제주시,노형동,19.538
2024,EGIS:lv3_2024y,제주시,대림리,16.001
2024,EGIS:lv3_2024y,제주시,대흘리,58.516
2024,EGIS:lv3_2024y,제주시,덕천리,1.961
2024,EGIS:lv3_2024y,제주시,도남동,4.954
2024,EGIS:lv3_2024y,제주시,도두이동,2.18
2024,EGIS:lv3_2024y,제주시,도두일동,4.764
2024,EGIS:lv3_2024y,제주시,도련이동,15.211
2024,EGIS:lv3_2024y,제주시,도련일동,24.542
2024,EGIS:lv3_2024y,제주시,도평동,11.081
2024,EGIS:lv3_2024y,제주시,동명리,21.521
2024,EGIS:lv3_2024y,제주시,동복리,3.902
2024,EGIS:lv3_2024y,제주시,두모리,21.603
2024,EGIS:lv3_2024y,제주시,명월리,22.29
2024,EGIS:lv3_2024y,제주시,봉개동,15.384
2024,EGIS:lv3_2024y,제주시,봉성리,50.035
2024,EGIS:lv3_2024y,제주시,북촌리,15.427
2024,EGIS:lv3_2024y,제주시,삼도이동,0.021
2024,EGIS:lv3_2024y,제주시,삼양삼동,0.068
2024,EGIS:lv3_2024y,제주시,삼양이동,0.468
2024,EGIS:lv3_2024y,제주시,삼양일동,13.825
2024,EGIS:lv3_2024y,제주시,상가리,35.069
2024,EGIS:lv3_2024y,제주시,상귀리,22.569
2024,EGIS:lv3_2024y,제주시,상대리,75.498
2024,EGIS:lv3_2024y,제주시,상도리,9.893
2024,EGIS:lv3_2024y,제주시,상명리,34.598
2024,EGIS:lv3_2024y,제주시,선흘리,57.112
2024,EGIS:lv3_2024y,제주시,세화리,10.085
2024,EGIS:lv3_2024y,제주시,소길리,8.031
2024,EGIS:lv3_2024y,제주시,송당리,4.359
2024,EGIS:lv3_2024y,제주시,수산리,46.215
2024,EGIS:lv3_2024y,제주시,수원리,6.532
2024,EGIS:lv3_2024y,제주시,신엄리,44.736
2024,EGIS:lv3_2024y,제주시,신창리,1.679
2024,EGIS:lv3_2024y,제주시,신촌리,61.002
2024,EGIS:lv3_2024y,제주시,신흥리,0.912
2024,EGIS:lv3_2024y,제주시,아라이동,5.046
2024,EGIS:lv3_2024y,제주시,아라일동,7.097
2024,EGIS:lv3_2024y,제주시,애월리,5.416
2024,EGIS:lv3_2024y,제주시,어음리,23.401
2024,EGIS:lv3_2024y,제주시,연동,2.54
2024,EGIS:lv3_2024y,제주시,영평동,35.152
2024,EGIS:lv3_2024y,제주시,오등동,24.084
2024,EGIS:lv3_2024y,제주시,오라삼동,1.012
2024,EGIS:lv3_2024y,제주시,오라이동,12.778
2024,EGIS:lv3_2024y,제주시,오라일동,0.22
2024,EGIS:lv3_2024y,제주시,옹포리,1.521
2024,EGIS:lv3_2024y,제주시,와산리,26.859
2024,EGIS:lv3_2024y,제주시,와흘리,18.769
2024,EGIS:lv3_2024y,제주시,외도이동,0.015
2024,EGIS:lv3_2024y,제주시,외도일동,13.894
2024,EGIS:lv3_2024y,제주시,용강동,13.285
2024,EGIS:lv3_2024y,제주시,용담삼동,0.609
2024,EGIS:lv3_2024y,제주시,용담이동,2.856
2024,EGIS:lv3_2024y,제주시,용담일동,0.065
2024,EGIS:lv3_2024y,제주시,용수리,25.794
2024,EGIS:lv3_2024y,제주시,월령리,5.815
2024,EGIS:lv3_2024y,제주시,월림리,52.303
2024,EGIS:lv3_2024y,제주시,월정리,3.347
2024,EGIS:lv3_2024y,제주시,월평동,7.517
2024,EGIS:lv3_2024y,제주시,유수암리,11.633
2024,EGIS:lv3_2024y,제주시,이도이동,0.387
2024,EGIS:lv3_2024y,제주시,이호이동,7.962
2024,EGIS:lv3_2024y,제주시,이호일동,1.118
2024,EGIS:lv3_2024y,제주시,일도이동,0.028
2024,EGIS:lv3_2024y,제주시,장전리,33.597
2024,EGIS:lv3_2024y,제주시,저지리,94.604
2024,EGIS:lv3_2024y,제주시,조수리,105.925
2024,EGIS:lv3_2024y,제주시,조천리,57.213
2024,EGIS:lv3_2024y,제주시,종달리,13.024
2024,EGIS:lv3_2024y,제주시,청수리,129.564
2024,EGIS:lv3_2024y,제주시,판포리,40.526
2024,EGIS:lv3_2024y,제주시,평대리,8.274
2024,EGIS:lv3_2024y,제주시,하가리,25.5
2024,EGIS:lv3_2024y,제주시,하귀1리,12.093
2024,EGIS:lv3_2024y,제주시,하귀2리,10.636
2024,EGIS:lv3_2024y,제주시,하도리,6.343
2024,EGIS:lv3_2024y,제주시,한동리,12.675
2024,EGIS:lv3_2024y,제주시,한림리,6.374
2024,EGIS:lv3_2024y,제주시,한수리,0.006
2024,EGIS:lv3_2024y,제주시,함덕리,46.028
2024,EGIS:lv3_2024y,제주시,해안동,14.563
2024,EGIS:lv3_2024y,제주시,행원리,4.359
2024,EGIS:lv3_2024y,제주시,협재리,6.076
2024,EGIS:lv3_2024y,제주시,화북이동,12.032
2024,EGIS:lv3_2024y,제주시,화북일동,0.558
2024,EGIS:lv3_2024y,제주시,회천동,49.13
2025,EGIS:lv3_2025y,서귀포시,가시리,124.124
2025,EGIS:lv3_2025y,서귀포시,감산리,21.044
2025,EGIS:lv3_2025y,서귀포시,강정동,277.437
2025,EGIS:lv3_2025y,서귀포시,고성리,10.386
2025,EGIS:lv3_2025y,서귀포시,광평리,1.991
2025,EGIS:lv3_2025y,서귀포시,구억리,22.304
2025,EGIS:lv3_2025y,서귀포시,난산리,22.768
2025,EGIS:lv3_2025y,서귀포시,남원리,184.486
2025,EGIS:lv3_2025y,서귀포시,대포동,40.872
2025,EGIS:lv3_2025y,서귀포시,덕수리,91.907
2025,EGIS:lv3_2025y,서귀포시,도순동,102.286
2025,EGIS:lv3_2025y,서귀포시,동광리,9.269
2025,EGIS:lv3_2025y,서귀포시,동일리,41.05
2025,EGIS:lv3_2025y,서귀포시,동홍동,37.437
2025,EGIS:lv3_2025y,서귀포시,무릉리,80.265
2025,EGIS:lv3_2025y,서귀포시,법환동,30.448
2025,EGIS:lv3_2025y,서귀포시,보목동,101.196
2025,EGIS:lv3_2025y,서귀포시,보성리,78.21
2025,EGIS:lv3_2025y,서귀포시,사계리,14.354
2025,EGIS:lv3_2025y,서귀포시,삼달리,34.458
2025,EGIS:lv3_2025y,서귀포시,상모리,23.426
2025,EGIS:lv3_2025y,서귀포시,상예동,81.273
2025,EGIS:lv3_2025y,서귀포시,상창리,69.994
2025,EGIS:lv3_2025y,서귀포시,상천리,0.597
2025,EGIS:lv3_2025y,서귀포시,상효동,74.48
2025,EGIS:lv3_2025y,서귀포시,색달동,27.966
2025,EGIS:lv3_2025y,서귀포시,서광리,37.408
2025,EGIS:lv3_2025y,서귀포시,서호동,15.165
2025,EGIS:lv3_2025y,서귀포시,서홍동,50.854
2025,EGIS:lv3_2025y,서귀포시,성산리,0.461
2025,EGIS:lv3_2025y,서귀포시,성읍리,19.812
2025,EGIS:lv3_2025y,서귀포시,세화리,178.904
2025,EGIS:lv3_2025y,서귀포시,수망리,45.866
2025,EGIS:lv3_2025y,서귀포시,수산리,42.18
2025,EGIS:lv3_2025y,서귀포시,시흥리,5.13
2025,EGIS:lv3_2025y,서귀포시,신도리,31.84
2025,EGIS:lv3_2025y,서귀포시,신례리,186.695
2025,EGIS:lv3_2025y,서귀포시,신산리,71.981
2025,EGIS:lv3_2025y,서귀포시,신천리,18.655
2025,EGIS:lv3_2025y,서귀포시,신평리,54.093
2025,EGIS:lv3_2025y,서귀포시,신풍리,37.712
2025,EGIS:lv3_2025y,서귀포시,신효동,80.983
2025,EGIS:lv3_2025y,서귀포시,신흥리,315.542
2025,EGIS:lv3_2025y,서귀포시,안성리,64.152
2025,EGIS:lv3_2025y,서귀포시,영남동,2.224
2025,EGIS:lv3_2025y,서귀포시,영락리,30.565
2025,EGIS:lv3_2025y,서귀포시,오조리,6.318
2025,EGIS:lv3_2025y,서귀포시,온평리,19.45
2025,EGIS:lv3_2025y,서귀포시,월평동,73.648
2025,EGIS:lv3_2025y,서귀포시,위미리,443.947
2025,EGIS:lv3_2025y,서귀포시,의귀리,257.047
2025,EGIS:lv3_2025y,서귀포시,인성리,13.74
2025,EGIS:lv3_2025y,서귀포시,일과리,26.034
2025,EGIS:lv3_2025y,서귀포시,중문동,31.195
2025,EGIS:lv3_2025y,서귀포시,창천리,19.719
2025,EGIS:lv3_2025y,서귀포시,태흥리,204.527
2025,EGIS:lv3_2025y,서귀포시,토산리,246.016
2025,EGIS:lv3_2025y,서귀포시,토평동,120.467
2025,EGIS:lv3_2025y,서귀포시,표선리,42.215
2025,EGIS:lv3_2025y,서귀포시,하례리,172.411
2025,EGIS:lv3_2025y,서귀포시,하모리,4.169
2025,EGIS:lv3_2025y,서귀포시,하예동,21.255
2025,EGIS:lv3_2025y,서귀포시,하원동,75.498
2025,EGIS:lv3_2025y,서귀포시,하천리,50.179
2025,EGIS:lv3_2025y,서귀포시,하효동,52.037
2025,EGIS:lv3_2025y,서귀포시,한남리,121.384
2025,EGIS:lv3_2025y,서귀포시,호근동,46.336
2025,EGIS:lv3_2025y,서귀포시,화순리,21.888
2025,EGIS:lv3_2025y,서귀포시,회수동,28.128
2025,EGIS:lv3_2025y,제주시,건입동,0.184
2025,EGIS:lv3_2025y,제주시,고내리,1.228
2025,EGIS:lv3_2025y,제주시,고산리,53.673
2025,EGIS:lv3_2025y,제주시,고성리,12.757
2025,EGIS:lv3_2025y,제주시,곽지리,19.872
2025,EGIS:lv3_2025y,제주시,광령리,43.358
2025,EGIS:lv3_2025y,제주시,교래리,1.322
2025,EGIS:lv3_2025y,제주시,구엄리,16.791
2025,EGIS:lv3_2025y,제주시,귀덕리,18.624
2025,EGIS:lv3_2025y,제주시,금능리,29.005
2025,EGIS:lv3_2025y,제주시,금등리,10.852
2025,EGIS:lv3_2025y,제주시,금성리,9.236
2025,EGIS:lv3_2025y,제주시,금악리,24.063
2025,EGIS:lv3_2025y,제주시,김녕리,23.116
2025,EGIS:lv3_2025y,제주시,낙천리,77.708
2025,EGIS:lv3_2025y,제주시,납읍리,54.963
2025,EGIS:lv3_2025y,제주시,내도동,4.64
2025,EGIS:lv3_2025y,제주시,노형동,18.903
2025,EGIS:lv3_2025y,제주시,대림리,16.739
2025,EGIS:lv3_2025y,제주시,대흘리,60.283
2025,EGIS:lv3_2025y,제주시,덕천리,2.005
2025,EGIS:lv3_2025y,제주시,도남동,4.938
2025,EGIS:lv3_2025y,제주시,도두이동,1.554
2025,EGIS:lv3_2025y,제주시,도두일동,4.764
2025,EGIS:lv3_2025y,제주시,도련이동,15.852
2025,EGIS:lv3_2025y,제주시,도련일동,25.038
2025,EGIS:lv3_2025y,제주시,도평동,11.09
2025,EGIS:lv3_2025y,제주시,동명리,21.951
2025,EGIS:lv3_2025y,제주시,동복리,4.143
2025,EGIS:lv3_2025y,제주시,두모리,21.038
2025,EGIS:lv3_2025y,제주시,명월리,22.663
2025,EGIS:lv3_2025y,제주시,봉개동,15.904
2025,EGIS:lv3_2025y,제주시,봉성리,50.099
2025,EGIS:lv3_2025y,제주시,북촌리,15.924
2025,EGIS:lv3_2025y,제주시,삼도이동,0.021
2025,EGIS:lv3_2025y,제주시,삼양삼동,0.08
2025,EGIS:lv3_2025y,제주시,삼양이동,0.486
2025,EGIS:lv3_2025y,제주시,삼양일동,14.564
2025,EGIS:lv3_2025y,제주시,상가리,35.477
2025,EGIS:lv3_2025y,제주시,상귀리,22.569
2025,EGIS:lv3_2025y,제주시,상대리,75.657
2025,EGIS:lv3_2025y,제주시,상도리,10.177
2025,EGIS:lv3_2025y,제주시,상명리,35.103
2025,EGIS:lv3_2025y,제주시,선흘리,56.937
2025,EGIS:lv3_2025y,제주시,세화리,11.623
2025,EGIS:lv3_2025y,제주시,소길리,8.031
2025,EGIS:lv3_2025y,제주시,송당리,4.791
2025,EGIS:lv3_2025y,제주시,수산리,46.998
2025,EGIS:lv3_2025y,제주시,수원리,6.168
2025,EGIS:lv3_2025y,제주시,신엄리,44.669
2025,EGIS:lv3_2025y,제주시,신창리,1.73
2025,EGIS:lv3_2025y,제주시,신촌리,63.103
2025,EGIS:lv3_2025y,제주시,신흥리,0.907
2025,EGIS:lv3_2025y,제주시,아라이동,5.087
2025,EGIS:lv3_2025y,제주시,아라일동,7.455
2025,EGIS:lv3_2025y,제주시,애월리,5.471
2025,EGIS:lv3_2025y,제주시,어음리,24.067
2025,EGIS:lv3_2025y,제주시,연동,2.612
2025,EGIS:lv3_2025y,제주시,영평동,35.568
2025,EGIS:lv3_2025y,제주시,오등동,24.204
2025,EGIS:lv3_2025y,제주시,오라삼동,0.695
2025,EGIS:lv3_2025y,제주시,오라이동,12.877
2025,EGIS:lv3_2025y,제주시,오라일동,0.205
2025,EGIS:lv3_2025y,제주시,옹포리,1.508
2025,EGIS:lv3_2025y,제주시,와산리,27.547
2025,EGIS:lv3_2025y,제주시,와흘리,18.985
2025,EGIS:lv3_2025y,제주시,외도이동,0.015
2025,EGIS:lv3_2025y,제주시,외도일동,13.854
2025,EGIS:lv3_2025y,제주시,용강동,14.312
2025,EGIS:lv3_2025y,제주시,용담삼동,0.575
2025,EGIS:lv3_2025y,제주시,용담이동,2.81
2025,EGIS:lv3_2025y,제주시,용담일동,0.07
2025,EGIS:lv3_2025y,제주시,용수리,26.64
2025,EGIS:lv3_2025y,제주시,월령리,6.341
2025,EGIS:lv3_2025y,제주시,월림리,55.463
2025,EGIS:lv3_2025y,제주시,월정리,3.052
2025,EGIS:lv3_2025y,제주시,월평동,7.795
2025,EGIS:lv3_2025y,제주시,유수암리,11.885
2025,EGIS:lv3_2025y,제주시,이도이동,0.401
2025,EGIS:lv3_2025y,제주시,이호이동,7.761
2025,EGIS:lv3_2025y,제주시,이호일동,1.102
2025,EGIS:lv3_2025y,제주시,일도이동,0.036
2025,EGIS:lv3_2025y,제주시,장전리,33.597
2025,EGIS:lv3_2025y,제주시,저지리,95.131
2025,EGIS:lv3_2025y,제주시,조수리,108.508
2025,EGIS:lv3_2025y,제주시,조천리,59.436
2025,EGIS:lv3_2025y,제주시,종달리,13.722
2025,EGIS:lv3_2025y,제주시,청수리,131.478
2025,EGIS:lv3_2025y,제주시,판포리,41.915
2025,EGIS:lv3_2025y,제주시,평대리,8.343
2025,EGIS:lv3_2025y,제주시,하가리,25.858
2025,EGIS:lv3_2025y,제주시,하귀1리,12.143
2025,EGIS:lv3_2025y,제주시,하귀2리,10.636
2025,EGIS:lv3_2025y,제주시,하도리,6.304
2025,EGIS:lv3_2025y,제주시,한동리,12.926
2025,EGIS:lv3_2025y,제주시,한림리,6.136
2025,EGIS:lv3_2025y,제주시,한수리,0.016
2025,EGIS:lv3_2025y,제주시,함덕리,47.989
2025,EGIS:lv3_2025y,제주시,해안동,14.899
2025,EGIS:lv3_2025y,제주시,행원리,4.261
2025,EGIS:lv3_2025y,제주시,협재리,6.04
2025,EGIS:lv3_2025y,제주시,화북이동,12.081
2025,EGIS:lv3_2025y,제주시,화북일동,0.478
2025,EGIS:lv3_2025y,제주시,회천동,50.003
