관측소명,날짜,EL,센서,GL,Pressure,Temp,EC,Barometa,Battery
JQ금악4,2021-01-27,50.56,,,,,,,
JQ금악4,2021-01-28,50.57,,,,,,,
JQ금악4,2021-01-29,50.55,,,,,,,
JQ금악4,2021-01-30,50.6,,,,,,,
JQ금악4,2021-01-31,50.62,,,,,,,
JQ금악4,2021-02-01,50.69,,,,,,,
JQ금악4,2021-02-02,50.64,,,,,,,
JQ금악4,2021-02-03,50.63,,,,,,,
JQ금악4,2021-02-04,50.64,,,,,,,
JQ금악4,2021-02-05,50.68,,,,,,,
JQ금악4,2021-02-06,50.72,,,,,,,
JQ금악4,2021-02-07,50.7,,,,,,,
JQ금악4,2021-02-08,50.64,,,,,,,
JQ금악4,2021-02-09,50.63,,,,,,,
JQ금악4,2021-02-10,50.66,,,,,,,
JQ금악4,2021-02-11,50.68,,,,,,,
JQ금악4,2021-02-12,50.7,,,,,,,
JQ금악4,2021-02-13,50.75,,,,,,,
JQ금악4,2021-02-14,50.82,,,,,,,
JQ금악4,2021-02-15,50.81,,,,,,,
JQ금악4,2021-02-16,50.77,,,,,,,
JQ금악4,2021-02-17,50.74,,,,,,,
JQ금악4,2021-02-18,50.71,,,,,,,
JQ금악4,2021-02-19,50.72,,,,,,,
JQ금악4,2021-02-20,50.76,,,,,,,
JQ금악4,2021-02-21,50.75,,,,,,,
JQ금악4,2021-02-22,50.74,,,,,,,
JQ금악4,2021-02-23,50.67,,,,,,,
JQ금악4,2021-02-24,50.67,,,,,,,
JQ금악4,2021-02-25,50.71,,,,,,,
JQ금악4,2021-02-26,50.72,,,,,,,
JQ금악4,2021-02-27,50.66,,,,,,,
JQ금악4,2021-02-28,50.65,,,,,,,
JQ금악4,2021-03-01,50.74,,,,,,,
JQ금악4,2021-03-02,50.66,,,,,,,
JQ금악4,2021-03-03,50.62,,,,,,,
JQ금악4,2021-03-04,50.68,,,,,,,
JQ금악4,2021-03-05,50.69,,,,,,,
JQ금악4,2021-03-06,50.64,,,,,,,
JQ금악4,2021-03-07,50.61,,,,,,,
JQ금악4,2021-03-08,50.61,,,,,,,
JQ금악4,2021-03-09,50.61,,,,,,,
JQ금악4,2021-03-10,50.59,,,,,,,
JQ금악4,2021-03-11,50.6,,,,,,,
JQ금악4,2021-03-12,50.65,,,,,,,
JQ금악4,2021-03-13,50.6,,,,,,,
JQ금악4,2021-03-14,50.6,,,,,,,
JQ금악4,2021-03-15,50.62,,,,,,,
JQ금악4,2021-03-16,50.62,,,,,,,
JQ금악4,2021-03-17,50.58,,,,,,,
JQ금악4,2021-03-18,50.56,,,,,,,
JQ금악4,2021-03-19,50.57,,,,,,,
JQ금악4,2021-03-20,50.6,,,,,,,
JQ금악4,2021-03-21,50.53,,,,,,,
JQ금악4,2021-03-22,50.46,,,,,,,
JQ금악4,2021-03-23,50.46,,,,,,,
JQ금악4,2021-03-24,50.49,,,,,,,
JQ금악4,2021-03-25,50.47,,,,,,,
JQ금악4,2021-03-26,50.46,,,,,,,
JQ금악4,2021-03-27,50.53,,,,,,,
JQ금악4,2021-03-28,50.54,,,,,,,
JQ금악4,2021-03-29,50.49,,,,,,,
JQ금악4,2021-03-30,50.46,,,,,,,
JQ금악4,2021-03-31,50.43,,,,,,,
JQ금악4,2021-04-01,50.41,,,,,,,
JQ금악4,2021-04-02,50.39,,,,,,,
JQ금악4,2021-04-03,50.4,,,,,,,
JQ금악4,2021-04-04,50.37,,,,,,,
JQ금악4,2021-04-05,50.31,,,,,,,
JQ금악4,2021-04-06,50.3,,,,,,,
JQ금악4,2021-04-07,50.3,,,,,,,
JQ금악4,2021-04-08,50.3,,,,,,,
JQ금악4,2021-04-09,50.27,,,,,,,
JQ금악4,2021-04-10,50.21,,,,,,,
JQ금악4,2021-04-11,50.21,,,,,,,
JQ금악4,2021-04-12,50.29,,,,,,,
JQ금악4,2021-04-13,50.28,,,,,,,
JQ금악4,2021-04-14,50.23,,,,,,,
JQ금악4,2021-04-15,50.22,,,,,,,
JQ금악4,2021-04-16,50.21,,,,,,,
JQ금악4,2021-04-17,50.19,,,,,,,
JQ금악4,2021-04-18,50.16,,,,,,,
JQ금악4,2021-04-19,50.15,,,,,,,
JQ금악4,2021-04-20,50.12,,,,,,,
JQ금악4,2021-04-21,50.1,,,,,,,
JQ금악4,2021-04-22,50.12,,,,,,,
JQ금악4,2021-04-23,50.12,,,,,,,
JQ금악4,2021-04-24,50.08,,,,,,,
JQ금악4,2021-04-25,50.06,,,,,,,
JQ금악4,2021-04-26,50.03,,,,,,,
JQ금악4,2021-04-27,50.03,,,,,,,
JQ금악4,2021-04-28,50.03,,,,,,,
JQ금악4,2021-04-29,50.08,,,,,,,
JQ금악4,2021-04-30,50.06,,,,,,,
JQ금악4,2021-05-01,50.03,,,,,,,
JQ금악4,2021-05-02,49.93,,,,,,,
JQ금악4,2021-05-03,49.91,,,,,,,
JQ금악4,2021-05-04,49.98,,,,,,,
JQ금악4,2021-05-05,49.93,,,,,,,
JQ금악4,2021-05-06,49.9,,,,,,,
JQ금악4,2021-05-07,49.95,,,,,,,
JQ금악4,2021-05-08,49.95,,,,,,,
JQ금악4,2021-05-09,49.91,,,,,,,
JQ금악4,2021-05-10,49.88,,,,,,,
JQ금악4,2021-05-11,49.89,,,,,,,
JQ금악4,2021-05-12,49.87,,,,,,,
JQ금악4,2021-05-13,49.84,,,,,,,
JQ금악4,2021-05-14,49.83,,,,,,,
JQ금악4,2021-05-15,49.84,,,,,,,
JQ금악4,2021-05-16,49.84,,,,,,,
JQ금악4,2021-05-17,49.79,,,,,,,
JQ금악4,2021-05-18,49.76,,,,,,,
JQ금악4,2021-05-19,49.76,,,,,,,
JQ금악4,2021-05-20,49.81,,,,,,,
JQ금악4,2021-05-21,49.74,,,,,,,
JQ금악4,2021-05-22,49.71,,,,,,,
JQ금악4,2021-05-23,49.72,,,,,,,
JQ금악4,2021-05-24,49.72,,,,,,,
JQ금악4,2021-05-25,49.7,,,,,,,
JQ금악4,2021-05-26,49.7,,,,,,,
JQ금악4,2021-05-27,49.73,,,,,,,
JQ금악4,2021-05-28,49.71,,,,,,,
JQ금악4,2021-05-29,49.66,,,,,,,
JQ금악4,2021-05-30,49.65,,,,,,,
JQ금악4,2021-05-31,49.62,,,,,,,
JQ금악4,2021-06-01,49.6,,,,,,,
JQ금악4,2021-06-02,49.6,,,,,,,
JQ금악4,2021-06-03,49.67,,,,,,,
JQ금악4,2021-06-04,49.65,,,,,,,
JQ금악4,2021-06-05,49.62,,,,,,,
JQ금악4,2021-06-06,49.58,,,,,,,
JQ금악4,2021-06-07,49.52,,,,,,,
JQ금악4,2021-06-08,49.51,,,,,,,
JQ금악4,2021-06-09,49.54,,,,,,,
JQ금악4,2021-06-10,49.6,,,,,,,
JQ금악4,2021-06-11,49.6,,,,,,,
JQ금악4,2021-06-12,49.58,,,,,,,
JQ금악4,2021-06-13,49.59,,,,,,,
JQ금악4,2021-06-14,49.6,,,,,,,
JQ금악4,2021-06-15,49.63,,,,,,,
JQ금악4,2021-06-16,49.61,,,,,,,
JQ금악4,2021-06-17,49.54,,,,,,,
JQ금악4,2021-06-18,49.56,,,,,,,
JQ금악4,2021-06-19,49.55,,,,,,,
JQ금악4,2021-06-20,49.54,,,,,,,
JQ금악4,2021-06-21,49.51,,,,,,,
JQ금악4,2021-06-22,49.47,,,,,,,
JQ금악4,2021-06-23,49.45,,,,,,,
JQ금악4,2021-06-24,49.45,,,,,,,
JQ금악4,2021-06-25,49.45,,,,,,,
JQ금악4,2021-06-26,49.46,,,,,,,
JQ금악4,2021-06-27,49.47,,,,,,,
JQ금악4,2021-06-28,49.48,,,,,,,
JQ금악4,2021-06-29,49.45,,,,,,,
JQ금악4,2021-06-30,49.43,,,,,,,
JQ금악4,2021-07-01,49.43,,,,,,,
JQ금악4,2021-07-02,49.4,,,,,,,
JQ금악4,2021-07-03,49.41,,,,,,,
JQ금악4,2021-07-04,49.38,,,,,,,
JQ금악4,2021-07-05,49.35,,,,,,,
JQ금악4,2021-07-06,49.36,,,,,,,
JQ금악4,2021-07-07,49.36,,,,,,,
JQ금악4,2021-07-08,49.37,,,,,,,
JQ금악4,2021-07-09,49.36,,,,,,,
JQ금악4,2021-07-10,49.33,,,,,,,
JQ금악4,2021-07-11,49.32,,,,,,,
JQ금악4,2021-07-12,49.32,,,,,,,
JQ금악4,2021-07-13,49.32,,,,,,,
JQ금악4,2021-07-14,49.3,,,,,,,
JQ금악4,2021-07-15,49.28,,,,,,,
JQ금악4,2021-07-16,49.28,,,,,,,
JQ금악4,2021-07-17,49.31,,,,,,,
JQ금악4,2021-07-20,49.31,,,,,,,
JQ금악4,2021-07-21,49.32,,,,,,,
JQ금악4,2021-07-22,49.33,,,,,,,
JQ금악4,2021-07-23,49.33,,,,,,,
JQ금악4,2021-07-24,49.33,,,,,,,
JQ금악4,2021-07-25,49.34,,,,,,,
JQ금악4,2021-07-26,49.33,,,,,,,
JQ금악4,2021-07-27,49.32,,,,,,,
JQ금악4,2021-07-28,49.29,,,,,,,
JQ금악4,2021-07-29,49.28,,,,,,,
JQ금악4,2021-07-30,49.28,,,,,,,
JQ금악4,2021-07-31,49.27,,,,,,,
JQ금악4,2021-08-01,49.26,,,,,,,
JQ금악4,2021-08-02,49.23,,,,,,,
JQ금악4,2021-08-03,49.19,,,,,,,
JQ금악4,2021-08-04,49.18,,,,,,,
JQ금악4,2021-08-05,49.2,,,,,,,
JQ금악4,2021-08-06,49.21,,,,,,,
JQ금악4,2021-08-07,49.2,,,,,,,
JQ금악4,2021-08-08,49.21,,,,,,,
JQ금악4,2021-08-09,49.17,,,,,,,
JQ금악4,2021-08-10,49.12,,,,,,,
JQ금악4,2021-08-11,49.12,,,,,,,
JQ금악4,2021-08-12,49.12,,,,,,,
JQ금악4,2021-08-13,49.16,,,,,,,
JQ금악4,2021-08-14,49.15,,,,,,,
JQ금악4,2021-08-15,49.08,,,,,,,
JQ금악4,2021-08-16,49.09,,,,,,,
JQ금악4,2021-08-17,49.03,,,,,,,
JQ금악4,2021-08-18,48.85,,,,,,,
JQ금악4,2021-08-19,48.83,,,,,,,
JQ금악4,2021-08-20,48.83,,,,,,,
JQ금악4,2021-08-21,48.86,,,,,,,
JQ금악4,2021-08-22,48.82,,,,,,,
JQ금악4,2021-08-23,48.85,,,,,,,
JQ금악4,2021-08-24,48.87,,,,,,,
JQ금악4,2021-08-25,48.82,,,,,,,
JQ금악4,2021-08-26,48.77,,,,,,,
JQ금악4,2021-08-27,48.77,,,,,,,
JQ금악4,2021-08-28,48.77,,,,,,,
JQ금악4,2021-08-29,48.77,,,,,,,
JQ금악4,2021-08-30,48.76,,,,,,,
JQ금악4,2021-08-31,48.77,,,,,,,
JQ금악4,2021-09-01,48.79,,,,,,,
JQ금악4,2021-09-02,48.8,,,,,,,
JQ금악4,2021-09-03,48.8,,,,,,,
JQ금악4,2021-09-04,48.75,,,,,,,
JQ금악4,2021-09-05,48.73,,,,,,,
JQ금악4,2021-09-06,48.74,,,,,,,
JQ금악4,2021-09-07,48.76,,,,,,,
JQ금악4,2021-09-08,48.75,,,,,,,
JQ금악4,2021-09-09,48.73,,,,,,,
JQ금악4,2021-09-10,48.74,,,,,,,
JQ금악4,2021-09-11,48.75,,,,,,,
JQ금악4,2021-09-12,48.75,,,,,,,
JQ금악4,2021-09-13,48.75,,,,,,,
JQ금악4,2021-09-14,48.79,,,,,,,
JQ금악4,2021-09-15,48.77,,,,,,,
JQ금악4,2021-09-16,48.79,,,,,,,
JQ금악4,2021-09-17,48.81,,,,,,,
JQ금악4,2021-09-18,48.73,,,,,,,
JQ금악4,2021-09-19,48.73,,,,,,,
JQ금악4,2021-09-20,48.77,,,,,,,
JQ금악4,2021-09-21,48.8,,,,,,,
JQ금악4,2021-09-22,48.77,,,,,,,
JQ금악4,2021-09-23,48.73,,,,,,,
JQ금악4,2021-09-24,48.72,,,,,,,
JQ금악4,2021-09-25,48.75,,,,,,,
JQ금악4,2021-09-26,48.77,,,,,,,
JQ금악4,2021-09-27,48.8,,,,,,,
JQ금악4,2021-09-28,48.83,,,,,,,
JQ금악4,2021-09-29,48.85,,,,,,,
JQ금악4,2021-09-30,48.86,,,,,,,
JQ금악4,2021-10-01,48.85,,,,,,,
JQ금악4,2021-10-02,48.81,,,,,,,
JQ금악4,2021-10-03,48.78,,,,,,,
JQ금악4,2021-10-04,48.77,,,,,,,
JQ금악4,2021-10-05,48.79,,,,,,,
JQ금악4,2021-10-06,48.82,,,,,,,
JQ금악4,2021-10-07,48.85,,,,,,,
JQ금악4,2021-10-08,48.84,,,,,,,
JQ금악4,2021-10-09,48.83,,,,,,,
JQ금악4,2021-10-10,48.86,,,,,,,
JQ금악4,2021-10-11,48.87,,,,,,,
JQ금악4,2021-10-12,48.86,,,,,,,
JQ금악4,2021-10-13,48.86,,,,,,,
JQ금악4,2021-10-14,48.89,,,,,,,
JQ금악4,2021-10-15,48.92,,,,,,,
JQ금악4,2021-10-16,48.89,,,,,,,
JQ금악4,2021-10-17,48.87,,,,,,,
JQ금악4,2021-10-18,48.9,,,,,,,
JQ금악4,2021-10-19,48.93,,,,,,,
JQ금악4,2021-10-20,48.93,,,,,,,
JQ금악4,2021-10-21,48.95,,,,,,,
JQ금악4,2021-10-22,48.93,,,,,,,
JQ금악4,2021-10-23,48.9,,,,,,,
JQ금악4,2021-10-24,48.93,,,,,,,
JQ금악4,2021-10-25,48.97,,,,,,,
JQ금악4,2021-10-26,48.98,,,,,,,
JQ금악4,2021-10-27,48.98,,,,,,,
JQ금악4,2021-10-28,48.97,,,,,,,
JQ금악4,2021-10-29,48.97,,,,,,,
JQ금악4,2021-10-30,48.98,,,,,,,
JQ금악4,2021-10-31,48.98,,,,,,,
JQ금악4,2021-11-01,48.98,,,,,,,
JQ금악4,2021-11-02,49.0,,,,,,,
JQ금악4,2021-11-03,49.02,,,,,,,
JQ금악4,2021-11-04,49.02,,,,,,,
JQ금악4,2021-11-05,49.02,,,,,,,
JQ금악4,2021-11-06,49.04,,,,,,,
JQ금악4,2021-11-07,49.03,,,,,,,
JQ금악4,2021-11-08,49.05,,,,,,,
JQ금악4,2021-11-09,49.05,,,,,,,
JQ금악4,2021-11-10,49.07,,,,,,,
JQ금악4,2021-11-11,49.05,,,,,,,
JQ금악4,2021-11-12,49.02,,,,,,,
JQ금악4,2021-11-13,49.01,,,,,,,
JQ금악4,2021-11-14,49.02,,,,,,,
JQ금악4,2021-11-15,49.01,,,,,,,
JQ금악4,2021-11-16,48.98,,,,,,,
JQ금악4,2021-11-17,49.0,,,,,,,
JQ금악4,2021-11-18,49.03,,,,,,,
JQ금악4,2021-11-19,49.04,,,,,,,
JQ금악4,2021-11-20,49.04,,,,,,,
JQ금악4,2021-11-21,49.06,,,,,,,
JQ금악4,2021-11-22,49.06,,,,,,,
JQ금악4,2021-11-23,49.04,,,,,,,
JQ금악4,2021-11-24,49.03,,,,,,,
JQ금악4,2021-11-25,49.04,,,,,,,
JQ금악4,2021-11-26,49.0,,,,,,,
JQ금악4,2021-11-27,48.95,,,,,,,
JQ금악4,2021-11-28,48.97,,,,,,,
JQ금악4,2021-11-29,49.03,,,,,,,
JQ금악4,2021-11-30,49.12,,,,,,,
JQ금악4,2021-12-01,49.05,,,,,,,
JQ금악4,2021-12-02,49.05,,,,,,,
JQ금악4,2021-12-03,49.06,,,,,,,
JQ금악4,2021-12-04,49.0,,,,,,,
JQ금악4,2021-12-05,49.0,,,,,,,
JQ금악4,2021-12-06,49.02,,,,,,,
JQ금악4,2021-12-07,49.0,,,,,,,
JQ금악4,2021-12-08,48.98,,,,,,,
JQ금악4,2021-12-09,49.0,,,,,,,
JQ금악4,2021-12-10,49.02,,,,,,,
JQ금악4,2021-12-11,49.0,,,,,,,
JQ금악4,2021-12-12,49.01,,,,,,,
JQ금악4,2021-12-13,48.99,,,,,,,
JQ금악4,2021-12-14,49.01,,,,,,,
JQ금악4,2021-12-15,49.02,,,,,,,
JQ금악4,2021-12-16,49.04,,,,,,,
JQ금악4,2021-12-17,48.99,,,,,,,
JQ금악4,2021-12-18,48.96,,,,,,,
JQ금악4,2021-12-19,48.98,,,,,,,
JQ금악4,2021-12-20,49.0,,,,,,,
JQ금악4,2021-12-21,49.01,,,,,,,
JQ금악4,2021-12-22,48.98,,,,,,,
JQ금악4,2021-12-23,48.96,,,,,,,
JQ금악4,2021-12-24,48.97,,,,,,,
JQ금악4,2021-12-25,48.9,,,,,,,
JQ금악4,2021-12-26,48.87,,,,,,,
JQ금악4,2021-12-27,48.88,,,,,,,
JQ금악4,2021-12-28,48.9,,,,,,,
JQ금악4,2021-12-29,48.95,,,,,,,
JQ금악4,2021-12-30,48.91,,,,,,,
JQ금악4,2021-12-31,48.87,,,,,,,
JQ금악4,2022-01-01,48.87,,,,,,,
JQ금악4,2022-01-02,48.89,,,,,,,
JQ금악4,2022-01-03,48.88,,,,,,,
JQ금악4,2022-01-04,48.86,,,,,,,
JQ금악4,2022-01-05,48.87,,,,,,,
JQ금악4,2022-01-06,48.87,,,,,,,
JQ금악4,2022-01-07,48.95,,,,,,,
JQ금악4,2022-01-08,48.98,,,,,,,
JQ금악4,2022-01-09,49.0,,,,,,,
JQ금악4,2022-01-10,48.99,,,,,,,
JQ금악4,2022-01-11,48.98,,,,,,,
JQ금악4,2022-01-12,48.95,,,,,,,
JQ금악4,2022-01-13,48.95,,,,,,,
JQ금악4,2022-01-14,48.91,,,,,,,
JQ금악4,2022-01-15,48.91,,,,,,,
JQ금악4,2022-01-16,48.88,,,,,,,
JQ금악4,2022-01-17,48.86,,,,,,,
JQ금악4,2022-01-18,48.86,,,,,,,
JQ금악4,2022-01-19,48.88,,,,,,,
JQ금악4,2022-01-20,48.85,,,,,,,
JQ금악4,2022-01-21,48.82,,,,,,,
JQ금악4,2022-01-22,48.85,,,,,,,
JQ금악4,2022-01-23,48.88,,,,,,,
JQ금악4,2022-01-24,48.85,,,,,,,
JQ금악4,2022-01-25,48.81,,,,,,,
JQ금악4,2022-01-26,48.77,,,,,,,
JQ금악4,2022-01-27,48.77,,,,,,,
JQ금악4,2022-01-28,48.76,,,,,,,
JQ금악4,2022-01-29,48.77,,,,,,,
JQ금악4,2022-01-30,48.75,,,,,,,
JQ금악4,2022-01-31,48.7,,,,,,,
JQ금악4,2022-02-01,48.68,,,,,,,
JQ금악4,2022-02-02,48.66,,,,,,,
JQ금악4,2022-02-03,48.67,,,,,,,
JQ금악4,2022-02-04,48.66,,,,,,,
JQ금악4,2022-02-05,48.63,,,,,,,
JQ금악4,2022-02-06,48.6,,,,,,,
JQ금악4,2022-02-07,48.61,,,,,,,
JQ금악4,2022-02-08,48.6,,,,,,,
JQ금악4,2022-02-09,48.6,,,,,,,
JQ금악4,2022-02-10,48.59,,,,,,,
JQ금악4,2022-02-11,48.56,,,,,,,
JQ금악4,2022-02-12,48.56,,,,,,,
JQ금악4,2022-02-13,48.57,,,,,,,
JQ금악4,2022-02-14,48.53,,,,,,,
JQ금악4,2022-02-15,48.5,,,,,,,
JQ금악4,2022-02-16,48.47,,,,,,,
JQ금악4,2022-02-17,48.44,,,,,,,
JQ금악4,2022-02-18,48.43,,,,,,,
JQ금악4,2022-02-19,48.45,,,,,,,
JQ금악4,2022-02-20,48.39,,,,,,,
JQ금악4,2022-02-21,48.36,,,,,,,
JQ금악4,2022-02-22,48.34,,,,,,,
JQ금악4,2022-02-23,48.33,,,,,,,
JQ금악4,2022-02-24,48.32,,,,,,,
JQ금악4,2022-02-25,48.31,,,,,,,
JQ금악4,2022-02-26,48.34,,,,,,,
JQ금악4,2022-02-27,48.31,,,,,,,
JQ금악4,2022-02-28,48.31,,,,,,,
JQ금악4,2022-03-01,48.33,,,,,,,
JQ금악4,2022-03-02,48.27,,,,,,,
JQ금악4,2022-03-03,48.25,,,,,,,
JQ금악4,2022-03-04,48.25,,,,,,,
JQ금악4,2022-03-05,48.22,,,,,,,
JQ금악4,2022-03-06,48.16,,,,,,,
JQ금악4,2022-03-07,48.15,,,,,,,
JQ금악4,2022-03-08,48.13,,,,,,,
JQ금악4,2022-03-09,48.1,,,,,,,
JQ금악4,2022-03-10,48.08,,,,,,,
JQ금악4,2022-03-11,48.08,,,,,,,
JQ금악4,2022-03-12,48.06,,,,,,,
JQ금악4,2022-03-13,48.07,,,,,,,
JQ금악4,2022-03-14,48.04,,,,,,,
JQ금악4,2022-03-15,48.0,,,,,,,
JQ금악4,2022-03-16,47.97,,,,,,,
JQ금악4,2022-03-17,47.96,,,,,,,
JQ금악4,2022-03-18,47.99,,,,,,,
JQ금악4,2022-03-19,47.92,,,,,,,
JQ금악4,2022-03-20,47.83,,,,,,,
JQ금악4,2022-03-21,47.8,,,,,,,
JQ금악4,2022-03-22,47.8,,,,,,,
JQ금악4,2022-03-23,47.8,,,,,,,
JQ금악4,2022-03-24,47.76,,,,,,,
JQ금악4,2022-03-25,47.79,,,,,,,
JQ금악4,2022-03-26,47.82,,,,,,,
JQ금악4,2022-03-27,47.71,,,,,,,
JQ금악4,2022-03-28,47.64,,,,,,,
JQ금악4,2022-03-29,47.63,,,,,,,
JQ금악4,2022-03-30,47.65,,,,,,,
JQ금악4,2022-03-31,47.61,,,,,,,
JQ금악4,2022-04-01,47.56,,,,,,,
JQ금악4,2022-04-02,47.55,,,,,,,
JQ금악4,2022-04-03,47.53,,,,,,,
JQ금악4,2022-04-04,47.51,,,,,,,
JQ금악4,2022-04-05,47.51,,,,,,,
JQ금악4,2022-04-06,47.5,,,,,,,
JQ금악4,2022-04-07,47.49,,,,,,,
JQ금악4,2022-04-08,47.45,,,,,,,
JQ금악4,2022-04-09,47.44,,,,,,,
JQ금악4,2022-04-10,47.42,,,,,,,
JQ금악4,2022-04-11,47.41,,,,,,,
JQ금악4,2022-04-12,47.39,,,,,,,
JQ금악4,2022-04-13,47.36,,,,,,,
JQ금악4,2022-04-14,47.32,,,,,,,
JQ금악4,2022-04-15,47.27,,,,,,,
JQ금악4,2022-04-16,47.23,,,,,,,
JQ금악4,2022-04-17,47.2,,,,,,,
JQ금악4,2022-04-18,47.19,,,,,,,
JQ금악4,2022-04-19,47.16,,,,,,,
JQ금악4,2022-04-20,47.14,,,,,,,
JQ금악4,2022-04-21,47.14,,,,,,,
JQ금악4,2022-04-22,47.11,,,,,,,
JQ금악4,2022-04-23,47.1,,,,,,,
JQ금악4,2022-04-24,47.07,,,,,,,
JQ금악4,2022-04-25,47.05,,,,,,,
JQ금악4,2022-04-26,47.07,,,,,,,
JQ금악4,2022-04-27,46.96,,,,,,,
JQ금악4,2022-04-28,46.94,,,,,,,
JQ금악4,2022-04-29,46.93,,,,,,,
JQ금악4,2022-04-30,46.87,,,,,,,
JQ금악4,2022-05-01,46.88,,,,,,,
JQ금악4,2022-05-02,46.86,,,,,,,
JQ금악4,2022-05-03,46.8,,,,,,,
JQ금악4,2022-05-04,46.78,,,,,,,
JQ금악4,2022-05-05,46.77,,,,,,,
JQ금악4,2022-05-06,46.76,,,,,,,
JQ금악4,2022-05-07,46.73,,,,,,,
JQ금악4,2022-05-08,46.7,,,,,,,
JQ금악4,2022-05-09,46.68,,,,,,,
JQ금악4,2022-05-10,46.66,,,,,,,
JQ금악4,2022-05-11,46.63,,,,,,,
JQ금악4,2022-05-12,46.63,,,,,,,
JQ금악4,2022-05-13,46.62,,,,,,,
JQ금악4,2022-05-14,46.54,,,,,,,
JQ금악4,2022-05-15,46.51,,,,,,,
JQ금악4,2022-05-16,46.5,,,,,,,
JQ금악4,2022-05-17,46.46,,,,,,,
JQ금악4,2022-05-18,46.41,,,,,,,
JQ금악4,2022-05-19,46.39,,,,,,,
JQ금악4,2022-05-20,46.41,,,,,,,
JQ금악4,2022-05-21,46.4,,,,,,,
JQ금악4,2022-05-22,46.36,,,,,,,
JQ금악4,2022-05-23,46.3,,,,,,,
JQ금악4,2022-05-24,46.28,,,,,,,
JQ금악4,2022-05-25,46.28,,,,,,,
JQ금악4,2022-05-26,46.28,,,,,,,
JQ금악4,2022-05-27,46.24,,,,,,,
JQ금악4,2022-05-28,46.19,,,,,,,
JQ금악4,2022-05-29,46.19,,,,,,,
JQ금악4,2022-05-30,46.17,,,,,,,
JQ금악4,2022-05-31,46.08,,,,,,,
JQ금악4,2022-06-01,46.08,,,,,,,
JQ금악4,2022-06-02,46.04,,,,,,,
JQ금악4,2022-06-03,46.0,,,,,,,
JQ금악4,2022-06-04,45.99,,,,,,,
JQ금악4,2022-06-05,46.05,,,,,,,
JQ금악4,2022-06-06,45.97,,,,,,,
JQ금악4,2022-06-07,45.9,,,,,,,
JQ금악4,2022-06-08,45.85,,,,,,,
JQ금악4,2022-06-09,45.82,,,,,,,
JQ금악4,2022-06-10,45.8,,,,,,,
JQ금악4,2022-06-11,45.79,,,,,,,
JQ금악4,2022-06-12,45.75,,,,,,,
JQ금악4,2022-06-13,45.77,,,,,,,
JQ금악4,2022-06-14,45.74,,,,,,,
JQ금악4,2022-06-15,45.69,,,,,,,
JQ금악4,2022-06-16,45.66,,,,,,,
JQ금악4,2022-06-17,45.64,,,,,,,
JQ금악4,2022-06-18,45.61,,,,,,,
JQ금악4,2022-06-19,45.59,,,,,,,
JQ금악4,2022-06-20,45.58,,,,,,,
JQ금악4,2022-06-21,45.56,,,,,,,
JQ금악4,2022-06-22,45.5,,,,,,,
JQ금악4,2022-06-23,45.5,,,,,,,
JQ금악4,2022-06-24,45.48,,,,,,,
JQ금악4,2022-06-25,45.42,,,,,,,
JQ금악4,2022-06-26,45.37,,,,,,,
JQ금악4,2022-06-27,45.37,,,,,,,
JQ금악4,2022-06-28,45.37,,,,,,,
JQ금악4,2022-06-29,45.33,,,,,,,
JQ금악4,2022-06-30,45.28,,,,,,,
JQ금악4,2022-07-01,45.25,,,,,,,
JQ금악4,2022-07-02,45.26,,,,,,,
JQ금악4,2022-07-03,45.26,,,,,,,
JQ금악4,2022-07-04,45.26,,,,,,,
JQ금악4,2022-07-05,45.21,,,,,,,
JQ금악4,2022-07-06,45.17,,,,,,,
JQ금악4,2022-07-07,45.15,,,,,,,
JQ금악4,2022-07-08,45.14,,,,,,,
JQ금악4,2022-07-09,45.12,,,,,,,
JQ금악4,2022-07-10,45.08,,,,,,,
JQ금악4,2022-07-11,45.05,,,,,,,
JQ금악4,2022-07-12,45.02,,,,,,,
JQ금악4,2022-07-13,45.01,,,,,,,
JQ금악4,2022-07-14,45.0,,,,,,,
JQ금악4,2022-07-15,44.99,,,,,,,
JQ금악4,2022-07-16,44.96,,,,,,,
JQ금악4,2022-07-17,44.92,,,,,,,
JQ금악4,2022-07-18,44.91,,,,,,,
JQ금악4,2022-07-19,44.85,,,,,,,
JQ금악4,2022-07-20,44.82,,,,,,,
JQ금악4,2022-07-21,44.81,,,,,,,
JQ금악4,2022-07-22,44.78,,,,,,,
JQ금악4,2022-07-23,44.79,,,,,,,
JQ금악4,2022-07-24,44.77,,,,,,,
JQ금악4,2022-07-25,44.72,,,,,,,
JQ금악4,2022-07-26,44.7,,,,,,,
JQ금악4,2022-07-27,44.69,,,,,,,
JQ금악4,2022-07-28,44.66,,,,,,,
JQ금악4,2022-07-29,44.64,,,,,,,
JQ금악4,2022-07-30,44.66,,,,,,,
JQ금악4,2022-07-31,44.64,,,,,,,
JQ금악4,2022-08-01,44.6,,,,,,,
JQ금악4,2022-08-02,44.53,,,,,,,
JQ금악4,2022-08-03,44.52,,,,,,,
JQ금악4,2022-08-04,44.51,,,,,,,
JQ금악4,2022-08-05,44.51,,,,,,,
JQ금악4,2022-08-06,44.5,,,,,,,
JQ금악4,2022-08-07,44.47,,,,,,,
JQ금악4,2022-08-08,44.44,,,,,,,
JQ금악4,2022-08-09,44.43,,,,,,,
JQ금악4,2022-08-10,44.41,,,,,,,
JQ금악4,2022-08-11,44.4,,,,,,,
JQ금악4,2022-08-12,44.38,,,,,,,
JQ금악4,2022-08-13,44.37,,,,,,,
JQ금악4,2022-08-14,44.34,,,,,,,
JQ금악4,2022-08-15,44.35,,,,,,,
JQ금악4,2022-08-16,44.33,,,,,,,
JQ금악4,2022-08-17,44.31,,,,,,,
JQ금악4,2022-08-18,44.28,,,,,,,
JQ금악4,2022-08-19,44.28,,,,,,,
JQ금악4,2022-08-20,44.28,,,,,,,
JQ금악4,2022-08-21,44.25,,,,,,,
JQ금악4,2022-08-22,44.24,,,,,,,
JQ금악4,2022-08-23,44.21,,,,,,,
JQ금악4,2022-08-24,44.19,,,,,,,
JQ금악4,2022-08-25,44.18,,,,,,,
JQ금악4,2022-08-26,44.17,,,,,,,
JQ금악4,2022-08-27,44.15,,,,,,,
JQ금악4,2022-08-28,44.12,,,,,,,
JQ금악4,2022-08-29,44.12,,,,,,,
JQ금악4,2022-08-30,44.14,,,,,,,
JQ금악4,2022-08-31,44.14,,,,,,,
JQ금악4,2022-09-01,44.11,,,,,,,
JQ금악4,2022-09-02,44.11,,,,,,,
JQ금악4,2022-09-03,44.11,,,,,,,
JQ금악4,2022-09-04,44.11,,,,,,,
JQ금악4,2022-09-05,44.22,,,,,,,
JQ금악4,2022-09-06,44.08,,,,,,,
JQ금악4,2022-09-07,43.99,,,,,,,
JQ금악4,2022-09-08,44.02,,,,,,,
JQ금악4,2022-09-09,44.03,,,,,,,
JQ금악4,2022-09-10,44.04,,,,,,,
JQ금악4,2022-09-11,44.05,,,,,,,
JQ금악4,2022-09-12,44.05,,,,,,,
JQ금악4,2022-09-13,44.05,,,,,,,
JQ금악4,2022-09-14,44.05,,,,,,,
JQ금악4,2022-09-15,44.07,,,,,,,
JQ금악4,2022-09-16,44.06,,,,,,,
JQ금악4,2022-09-17,44.07,,,,,,,
JQ금악4,2022-09-18,44.13,,,,,,,
JQ금악4,2022-09-19,44.11,,,,,,,
JQ금악4,2022-09-20,44.02,,,,,,,
JQ금악4,2022-09-21,44.01,,,,,,,
JQ금악4,2022-09-22,44.04,,,,,,,
JQ금악4,2022-09-23,44.05,,,,,,,
JQ금악4,2022-09-24,44.05,,,,,,,
JQ금악4,2022-09-25,44.06,,,,,,,
JQ금악4,2022-09-26,44.07,,,,,,,
JQ금악4,2022-09-27,44.09,,,,,,,
JQ금악4,2022-09-28,44.11,,,,,,,
JQ금악4,2022-09-29,44.1,,,,,,,
JQ금악4,2022-09-30,44.1,,,,,,,
JQ금악4,2022-10-01,44.1,,,,,,,
JQ금악4,2022-10-02,44.12,,,,,,,
JQ금악4,2022-10-03,44.14,,,,,,,
JQ금악4,2022-10-04,44.15,,,,,,,
JQ금악4,2022-10-05,44.13,,,,,,,
JQ금악4,2022-10-06,44.14,,,,,,,
JQ금악4,2022-10-07,44.15,,,,,,,
JQ금악4,2022-10-08,44.15,,,,,,,
JQ금악4,2022-10-09,44.19,,,,,,,
JQ금악4,2022-10-10,44.19,,,,,,,
JQ금악4,2022-10-11,44.17,,,,,,,
JQ금악4,2022-10-12,44.17,,,,,,,
JQ금악4,2022-10-13,44.2,,,,,,,
JQ금악4,2022-10-14,44.23,,,,,,,
JQ금악4,2022-10-15,44.24,,,,,,,
JQ금악4,2022-10-16,44.24,,,,,,,
JQ금악4,2022-10-17,44.24,,,,,,,
JQ금악4,2022-10-18,44.22,,,,,,,
JQ금악4,2022-10-19,44.21,,,,,,,
JQ금악4,2022-10-20,44.21,,,,,,,
JQ금악4,2022-10-21,44.24,,,,,,,
JQ금악4,2022-10-22,44.27,,,,,,,
JQ금악4,2022-10-23,44.28,,,,,,,
JQ금악4,2022-10-24,44.26,,,,,,,
JQ금악4,2022-10-25,44.23,,,,,,,
JQ금악4,2022-10-26,44.25,,,,,,,
JQ금악4,2022-10-27,44.26,,,,,,,
JQ금악4,2022-10-28,44.26,,,,,,,
JQ금악4,2022-10-29,44.28,,,,,,,
JQ금악4,2022-10-30,44.28,,,,,,,
JQ금악4,2022-10-31,44.29,,,,,,,
JQ금악4,2022-11-01,44.3,,,,,,,
JQ금악4,2022-11-02,44.31,,,,,,,
JQ금악4,2022-11-03,44.32,,,,,,,
JQ금악4,2022-11-04,44.28,,,,,,,
JQ금악4,2022-11-05,44.26,,,,,,,
JQ금악4,2022-11-06,44.27,,,,,,,
JQ금악4,2022-11-07,44.28,,,,,,,
JQ금악4,2022-11-08,44.26,,,,,,,
JQ금악4,2022-11-09,44.26,,,,,,,
JQ금악4,2022-11-10,44.28,,,,,,,
JQ금악4,2022-11-11,44.27,,,,,,,
JQ금악4,2022-11-12,44.31,,,,,,,
JQ금악4,2022-11-13,44.3,,,,,,,
JQ금악4,2022-11-14,44.27,,,,,,,
JQ금악4,2022-11-15,44.25,,,,,,,
JQ금악4,2022-11-16,44.22,,,,,,,
JQ금악4,2022-11-17,44.22,,,,,,,
JQ금악4,2022-11-18,44.21,,,,,,,
JQ금악4,2022-11-19,44.23,,,,,,,
JQ금악4,2022-11-20,44.24,,,,,,,
JQ금악4,2022-11-21,44.21,,,,,,,
JQ금악4,2022-11-22,44.23,,,,,,,
JQ금악4,2022-11-23,44.23,,,,,,,
JQ금악4,2022-11-24,44.19,,,,,,,
JQ금악4,2022-11-25,44.2,,,,,,,
JQ금악4,2022-11-26,44.21,,,,,,,
JQ금악4,2022-11-27,44.19,,,,,,,
JQ금악4,2022-11-28,44.22,,,,,,,
JQ금악4,2022-11-29,44.21,,,,,,,
JQ금악4,2022-11-30,44.09,,,,,,,
JQ금악4,2022-12-01,44.11,,,,,,,
JQ금악4,2022-12-02,44.13,,,,,,,
JQ금악4,2022-12-03,44.15,,,,,,,
JQ금악4,2022-12-04,44.13,,,,,,,
JQ금악4,2022-12-05,44.13,,,,,,,
JQ금악4,2022-12-06,44.13,,,,,,,
JQ금악4,2022-12-07,44.12,,,,,,,
JQ금악4,2022-12-08,44.12,,,,,,,
JQ금악4,2022-12-09,44.14,,,,,,,
JQ금악4,2022-12-10,44.15,,,,,,,
JQ금악4,2022-12-11,44.11,,,,,,,
JQ금악4,2022-12-12,44.1,,,,,,,
JQ금악4,2022-12-13,44.08,,,,,,,
JQ금악4,2022-12-14,44.04,,,,,,,
JQ금악4,2022-12-15,44.05,,,,,,,
JQ금악4,2022-12-16,44.03,,,,,,,
JQ금악4,2022-12-17,44.04,,,,,,,
JQ금악4,2022-12-18,44.04,,,,,,,
JQ금악4,2022-12-19,44.01,,,,,,,
JQ금악4,2022-12-20,44.02,,,,,,,
JQ금악4,2022-12-21,44.09,,,,,,,
JQ금악4,2022-12-22,44.07,,,,,,,
JQ금악4,2022-12-23,44.01,,,,,,,
JQ금악4,2022-12-24,43.98,,,,,,,
JQ금악4,2022-12-25,43.93,,,,,,,
JQ금악4,2022-12-26,43.92,,,,,,,
JQ금악4,2022-12-27,43.9,,,,,,,
JQ금악4,2022-12-28,43.89,,,,,,,
JQ금악4,2022-12-29,43.88,,,,,,,
JQ금악4,2022-12-30,43.87,,,,,,,
JQ금악4,2022-12-31,43.87,,,,,,,
JQ금악4,2023-01-01,43.86,,,,,,,
JQ금악4,2023-01-02,43.85,,,,,,,
JQ금악4,2023-01-03,43.85,,,,,,,
JQ금악4,2023-01-04,43.83,,,,,,,
JQ금악4,2023-01-05,43.81,,,,,,,
JQ금악4,2023-01-06,43.85,,,,,,,
JQ금악4,2023-01-07,43.83,,,,,,,
JQ금악4,2023-01-08,43.78,,,,,,,
JQ금악4,2023-01-09,43.77,,,,,,,
JQ금악4,2023-01-10,43.74,,,,,,,
JQ금악4,2023-01-11,43.74,,,,,,,
JQ금악4,2023-01-12,43.75,,,,,,,
JQ금악4,2023-01-13,43.79,,,,,,,
JQ금악4,2023-01-14,43.75,,,,,,,
JQ금악4,2023-01-15,43.68,,,,,,,
JQ금악4,2023-01-16,43.63,,,,,,,
JQ금악4,2023-01-17,43.62,,,,,,,
JQ금악4,2023-01-18,43.61,,,,,,,
JQ금악4,2023-01-19,43.61,,,,,,,
JQ금악4,2023-01-20,43.58,,,,,,,
JQ금악4,2023-01-21,43.57,,,,,,,
JQ금악4,2023-01-22,43.6,,,,,,,
JQ금악4,2023-01-23,43.58,,,,,,,
JQ금악4,2023-01-24,43.52,,,,,,,
JQ금악4,2023-01-25,43.5,,,,,,,
JQ금악4,2023-01-26,43.53,,,,,,,
JQ금악4,2023-01-27,43.52,,,,,,,
JQ금악4,2023-01-28,43.49,,,,,,,
JQ금악4,2023-01-29,43.48,,,,,,,
JQ금악4,2023-01-30,43.45,,,,,,,
JQ금악4,2023-01-31,43.46,,,,,,,
JQ금악4,2023-02-01,43.44,,,,,,,
JQ금악4,2023-02-02,43.39,,,,,,,
JQ금악4,2023-02-03,43.39,,,,,,,
JQ금악4,2023-02-04,43.37,,,,,,,
JQ금악4,2023-02-05,43.36,,,,,,,
JQ금악4,2023-02-06,43.37,,,,,,,
JQ금악4,2023-02-07,43.35,,,,,,,
JQ금악4,2023-02-08,43.29,,,,,,,
JQ금악4,2023-02-09,43.31,,,,,,,
JQ금악4,2023-02-10,43.32,,,,,,,
JQ금악4,2023-02-11,43.28,,,,,,,
JQ금악4,2023-02-12,43.3,,,,,,,
JQ금악4,2023-02-13,43.28,,,,,,,
JQ금악4,2023-02-14,43.23,,,,,,,
JQ금악4,2023-02-15,43.19,,,,,,,
JQ금악4,2023-02-16,43.17,,,,,,,
JQ금악4,2023-02-17,43.2,,,,,,,
JQ금악4,2023-02-18,43.23,,,,,,,
JQ금악4,2023-02-19,43.2,,,,,,,
JQ금악4,2023-02-20,43.14,,,,,,,
JQ금악4,2023-02-21,43.1,,,,,,,
JQ금악4,2023-02-22,43.13,,,,,,,
JQ금악4,2023-02-23,43.16,,,,,,,
JQ금악4,2023-02-24,43.13,,,,,,,
JQ금악4,2023-02-25,43.06,,,,,,,
JQ금악4,2023-02-26,43.03,,,,,,,
JQ금악4,2023-02-27,43.05,,,,,,,
JQ금악4,2023-02-28,43.09,,,,,,,
JQ금악4,2023-03-01,43.1,,,,,,,
JQ금악4,2023-03-02,43.04,,,,,,,
JQ금악4,2023-03-03,43.03,,,,,,,
JQ금악4,2023-03-04,43.02,,,,,,,
JQ금악4,2023-03-05,43.01,,,,,,,
JQ금악4,2023-03-06,43.01,,,,,,,
JQ금악4,2023-03-07,43.0,,,,,,,
JQ금악4,2023-03-08,42.99,,,,,,,
JQ금악4,2023-03-09,43.0,,,,,,,
JQ금악4,2023-03-10,42.95,,,,,,,
JQ금악4,2023-03-11,42.92,,,,,,,
JQ금악4,2023-03-12,42.92,,,,,,,
JQ금악4,2023-03-13,42.9,,,,,,,
JQ금악4,2023-03-14,42.91,,,,,,,
JQ금악4,2023-03-15,42.88,,,,,,,
JQ금악4,2023-03-16,42.84,,,,,,,
JQ금악4,2023-03-17,42.87,,,,,,,
JQ금악4,2023-03-18,42.85,,,,,,,
JQ금악4,2023-03-19,42.82,,,,,,,
JQ금악4,2023-03-20,42.84,,,,,,,
JQ금악4,2023-03-21,42.86,,,,,,,
JQ금악4,2023-03-22,42.83,,,,,,,
JQ금악4,2023-03-23,42.82,,,,,,,
JQ금악4,2023-03-24,42.74,,,,,,,
JQ금악4,2023-03-25,42.72,,,,,,,
JQ금악4,2023-03-26,42.72,,,,,,,
JQ금악4,2023-03-27,42.69,,,,,,,
JQ금악4,2023-03-28,42.67,,,,,,,
JQ금악4,2023-03-29,42.68,,,,,,,
JQ금악4,2023-03-30,42.69,,,,,,,
JQ금악4,2023-03-31,42.68,,,,,,,
JQ금악4,2023-04-01,42.68,,,,,,,
JQ금악4,2023-04-02,42.65,,,,,,,
JQ금악4,2023-04-03,42.61,,,,,,,
JQ금악4,2023-04-04,42.62,,,,,,,
JQ금악4,2023-04-05,42.63,,,,,,,
JQ금악4,2023-04-06,42.59,,,,,,,
JQ금악4,2023-04-07,42.55,,,,,,,
JQ금악4,2023-04-08,42.5,,,,,,,
JQ금악4,2023-04-09,42.52,,,,,,,
JQ금악4,2023-04-10,42.53,,,,,,,
JQ금악4,2023-04-11,42.53,,,,,,,
JQ금악4,2023-04-12,42.49,,,,,,,
JQ금악4,2023-04-13,42.48,,,,,,,
JQ금악4,2023-04-14,42.52,,,,,,,
JQ금악4,2023-04-15,42.53,,,,,,,
JQ금악4,2023-04-16,42.48,,,,,,,
JQ금악4,2023-04-17,42.4,,,,,,,
JQ금악4,2023-04-18,42.42,,,,,,,
JQ금악4,2023-04-19,42.43,,,,,,,
JQ금악4,2023-04-20,42.41,,,,,,,
JQ금악4,2023-04-21,42.39,,,,,,,
JQ금악4,2023-04-22,42.34,,,,,,,
JQ금악4,2023-04-23,42.32,,,,,,,
JQ금악4,2023-04-24,42.31,,,,,,,
JQ금악4,2023-04-25,42.37,,,,,,,
JQ금악4,2023-04-26,42.32,,,,,,,
JQ금악4,2023-04-27,42.29,,,,,,,
JQ금악4,2023-04-28,42.31,,,,,,,
JQ금악4,2023-04-29,42.35,,,,,,,
JQ금악4,2023-04-30,42.3,,,,,,,
JQ금악4,2023-05-01,42.25,,,,,,,
JQ금악4,2023-05-02,42.22,,,,,,,
JQ금악4,2023-05-03,42.24,,,,,,,
JQ금악4,2023-05-04,42.29,,,,,,,
JQ금악4,2023-05-05,42.32,,,,,,,
JQ금악4,2023-05-06,42.28,,,,,,,
JQ금악4,2023-05-07,42.24,,,,,,,
JQ금악4,2023-05-08,42.17,,,,,,,
JQ금악4,2023-05-09,42.17,,,,,,,
JQ금악4,2023-05-10,42.17,,,,,,,
JQ금악4,2023-05-11,42.16,,,,,,,
JQ금악4,2023-05-12,42.17,,,,,,,
JQ금악4,2023-05-13,42.2,,,,,,,
JQ금악4,2023-05-14,42.21,,,,,,,
JQ금악4,2023-05-15,42.2,,,,,,,
JQ금악4,2023-05-16,42.17,,,,,,,
JQ금악4,2023-05-17,42.16,,,,,,,
JQ금악4,2023-05-18,42.23,,,,,,,
JQ금악4,2023-05-19,42.2,,,,,,,
JQ금악4,2023-05-20,42.17,,,,,,,
JQ금악4,2023-05-21,42.19,,,,,,,
JQ금악4,2023-05-22,42.22,,,,,,,
JQ금악4,2023-05-23,42.19,,,,,,,
JQ금악4,2023-05-24,42.18,,,,,,,
JQ금악4,2023-05-25,42.18,,,,,,,
JQ금악4,2023-05-26,42.19,,,,,,,
JQ금악4,2023-05-27,42.22,,,,,,,
JQ금악4,2023-05-28,42.25,,,,,,,
JQ금악4,2023-05-29,42.27,,,,,,,
JQ금악4,2023-05-30,42.3,,,,,,,
JQ금악4,2023-05-31,42.3,,,,,,,
JQ금악4,2023-06-01,42.33,,,,,,,
JQ금악4,2023-06-02,42.36,,,,,,,
JQ금악4,2023-06-03,42.29,,,,,,,
JQ금악4,2023-06-04,42.29,,,,,,,
JQ금악4,2023-06-05,42.32,,,,,,,
JQ금악4,2023-06-06,42.37,,,,,,,
JQ금악4,2023-06-07,42.35,,,,,,,
JQ금악4,2023-06-08,42.4,,,,,,,
JQ금악4,2023-06-09,42.39,,,,,,,
JQ금악4,2023-06-10,42.41,,,,,,,
JQ금악4,2023-06-11,42.41,,,,,,,
JQ금악4,2023-06-12,42.42,,,,,,,
JQ금악4,2023-06-13,42.44,,,,,,,
JQ금악4,2023-06-14,42.44,,,,,,,
JQ금악4,2023-06-15,42.44,,,,,,,
JQ금악4,2023-06-16,42.43,,,,,,,
JQ금악4,2023-06-17,42.47,,,,,,,
JQ금악4,2023-06-18,42.53,,,,,,,
JQ금악4,2023-06-19,42.55,,,,,,,
JQ금악4,2023-06-20,42.57,,,,,,,
JQ금악4,2023-06-21,42.58,,,,,,,
JQ금악4,2023-06-22,42.56,,,,,,,
JQ금악4,2023-06-23,42.57,,,,,,,
JQ금악4,2023-06-24,42.57,,,,,,,
JQ금악4,2023-06-25,42.61,,,,,,,
JQ금악4,2023-06-26,42.64,,,,,,,
JQ금악4,2023-06-27,42.64,,,,,,,
JQ금악4,2023-06-28,42.67,,,,,,,
JQ금악4,2023-06-29,42.73,,,,,,,
JQ금악4,2023-06-30,42.77,,,,,,,
JQ금악4,2023-07-01,42.75,,,,,,,
JQ금악4,2023-07-02,42.76,,,,,,,
JQ금악4,2023-07-03,42.8,,,,,,,
JQ금악4,2023-07-04,42.85,,,,,,,
JQ금악4,2023-07-05,42.88,,,,,,,
JQ금악4,2023-07-06,42.86,,,,,,,
JQ금악4,2023-07-07,42.9,,,,,,,
JQ금악4,2023-07-08,42.91,,,,,,,
JQ금악4,2023-07-09,42.92,,,,,,,
JQ금악4,2023-07-10,42.94,,,,,,,
JQ금악4,2023-07-11,42.96,,,,,,,
JQ금악4,2023-07-12,43.0,,,,,,,
JQ금악4,2023-07-13,43.03,,,,,,,
JQ금악4,2023-07-14,43.08,,,,,,,
JQ금악4,2023-07-15,43.11,,,,,,,
JQ금악4,2023-07-16,43.11,,,,,,,
JQ금악4,2023-07-17,43.12,,,,,,,
JQ금악4,2023-07-18,43.19,,,,,,,
JQ금악4,2023-07-19,43.23,,,,,,,
JQ금악4,2023-07-20,43.25,,,,,,,
JQ금악4,2023-07-21,43.27,,,,,,,
JQ금악4,2023-07-22,43.31,,,,,,,
JQ금악4,2023-07-23,43.37,,,,,,,
JQ금악4,2023-07-24,43.4,,,,,,,
JQ금악4,2023-07-25,43.41,,,,,,,
JQ금악4,2023-07-26,43.44,,,,,,,
JQ금악4,2023-07-27,43.5,,,,,,,
JQ금악4,2023-07-28,43.53,,,,,,,
JQ금악4,2023-07-29,43.58,,,,,,,
JQ금악4,2023-07-30,43.62,,,,,,,
JQ금악4,2023-07-31,43.67,,,,,,,
JQ금악4,2023-08-01,43.72,,,,,,,
JQ금악4,2023-08-02,43.77,,,,,,,
JQ금악4,2023-08-03,43.83,,,,,,,
JQ금악4,2023-08-04,43.87,,,,,,,
JQ금악4,2023-08-05,43.93,,,,,,,
JQ금악4,2023-08-06,43.99,,,,,,,
JQ금악4,2023-08-07,44.0,,,,,,,
JQ금악4,2023-08-08,44.02,,,,,,,
JQ금악4,2023-08-09,44.07,,,,,,,
JQ금악4,2023-08-10,44.1,,,,,,,
JQ금악4,2023-08-11,44.09,,,,,,,
JQ금악4,2023-08-12,44.12,,,,,,,
JQ금악4,2023-08-13,44.16,,,,,,,
JQ금악4,2023-08-14,44.2,,,,,,,
JQ금악4,2023-08-15,44.24,,,,,,,
JQ금악4,2023-08-16,44.29,,,,,,,
JQ금악4,2023-08-17,44.32,,,,,,,
JQ금악4,2023-08-18,44.35,,,,,,,
JQ금악4,2023-08-19,44.36,,,,,,,
JQ금악4,2023-08-20,44.4,,,,,,,
JQ금악4,2023-08-21,44.47,,,,,,,
JQ금악4,2023-08-22,44.53,,,,,,,
JQ금악4,2023-08-23,44.55,,,,,,,
JQ금악4,2023-08-24,44.57,,,,,,,
JQ금악4,2023-08-25,44.59,,,,,,,
JQ금악4,2023-08-26,44.64,,,,,,,
JQ금악4,2023-08-27,44.69,,,,,,,
JQ금악4,2023-08-28,44.74,,,,,,,
JQ금악4,2023-08-29,44.76,,,,,,,
JQ금악4,2023-08-30,44.78,,,,,,,
JQ금악4,2023-08-31,44.81,,,,,,,
JQ금악4,2023-09-01,44.86,,,,,,,
JQ금악4,2023-09-02,44.9,,,,,,,
JQ금악4,2023-09-03,44.93,,,,,,,
JQ금악4,2023-09-04,44.98,,,,,,,
JQ금악4,2023-09-05,45.02,,,,,,,
JQ금악4,2023-09-06,45.06,,,,,,,
JQ금악4,2023-09-07,45.09,,,,,,,
JQ금악4,2023-09-08,45.13,,,,,,,
JQ금악4,2023-09-09,45.18,,,,,,,
JQ금악4,2023-09-10,45.22,,,,,,,
JQ금악4,2023-09-11,45.23,,,,,,,
JQ금악4,2023-09-12,45.25,,,,,,,
JQ금악4,2023-09-13,45.29,,,,,,,
JQ금악4,2023-09-14,45.32,,,,,,,
JQ금악4,2023-09-15,45.34,,,,,,,
JQ금악4,2023-09-16,45.39,,,,,,,
JQ금악4,2023-09-17,45.44,,,,,,,
JQ금악4,2023-09-18,45.47,,,,,,,
JQ금악4,2023-09-19,45.5,,,,,,,
JQ금악4,2023-09-20,45.59,,,,,,,
JQ금악4,2023-09-21,45.61,,,,,,,
JQ금악4,2023-09-22,45.64,,,,,,,
JQ금악4,2023-09-23,45.66,,,,,,,
JQ금악4,2023-09-24,45.72,,,,,,,
JQ금악4,2023-09-25,45.78,,,,,,,
JQ금악4,2023-09-26,45.82,,,,,,,
JQ금악4,2023-09-27,45.87,,,,,,,
JQ금악4,2023-09-28,45.9,,,,,,,
JQ금악4,2023-09-29,45.95,,,,,,,
JQ금악4,2023-09-30,46.01,,,,,,,
JQ금악4,2023-10-01,46.03,,,,,,,
JQ금악4,2023-10-02,46.05,,,,,,,
JQ금악4,2023-10-03,46.11,,,,,,,
JQ금악4,2023-10-04,46.16,,,,,,,
JQ금악4,2023-10-05,46.19,,,,,,,
JQ금악4,2023-10-06,46.21,,,,,,,
JQ금악4,2023-10-07,46.24,,,,,,,
JQ금악4,2023-10-08,46.31,,,,,,,
JQ금악4,2023-10-09,46.34,,,,,,,
JQ금악4,2023-10-10,46.37,,,,,,,
JQ금악4,2023-10-11,46.39,,,,,,,
JQ금악4,2023-10-12,46.43,,,,,,,
JQ금악4,2023-10-13,46.51,,,,,,,
JQ금악4,2023-10-14,46.59,,,,,,,
JQ금악4,2023-10-15,46.61,,,,,,,
JQ금악4,2023-10-16,46.6,,,,,,,
JQ금악4,2023-10-17,46.62,,,,,,,
JQ금악4,2023-10-18,46.65,,,,,,,
JQ금악4,2023-10-19,46.71,,,,,,,
JQ금악4,2023-10-20,46.75,,,,,,,
JQ금악4,2023-10-21,46.74,,,,,,,
JQ금악4,2023-10-22,46.77,,,,,,,
JQ금악4,2023-10-23,46.82,,,,,,,
JQ금악4,2023-10-24,46.88,,,,,,,
JQ금악4,2023-10-25,46.92,,,,,,,
JQ금악4,2023-10-26,46.96,,,,,,,
JQ금악4,2023-10-27,47.0,,,,,,,
JQ금악4,2023-10-28,47.0,,,,,,,
JQ금악4,2023-10-29,47.01,,,,,,,
JQ금악4,2023-10-30,47.04,,,,,,,
JQ금악4,2023-10-31,47.07,,,,,,,
JQ금악4,2023-11-01,47.12,,,,,,,
JQ금악4,2023-11-02,47.17,,,,,,,
JQ금악4,2023-11-03,47.21,,,,,,,
JQ금악4,2023-11-04,47.22,,,,,,,
JQ금악4,2023-11-05,47.27,,,,,,,
JQ금악4,2023-11-06,47.32,,,,,,,
JQ금악4,2023-11-07,47.27,,,,,,,
JQ금악4,2023-11-08,47.31,,,,,,,
JQ금악4,2023-11-09,47.34,,,,,,,
JQ금악4,2023-11-10,47.36,,,,,,,
JQ금악4,2023-11-11,47.35,,,,,,,
JQ금악4,2023-11-12,47.39,,,,,,,
JQ금악4,2023-11-13,47.41,,,,,,,
JQ금악4,2023-11-14,47.45,,,,,,,
JQ금악4,2023-11-15,47.47,,,,,,,
JQ금악4,2023-11-16,47.55,,,,,,,
JQ금악4,2023-11-17,47.61,,,,,,,
JQ금악4,2023-11-18,47.6,,,,,,,
JQ금악4,2023-11-19,47.61,,,,,,,
JQ금악4,2023-11-20,47.61,,,,,,,
JQ금악4,2023-11-21,47.65,,,,,,,
JQ금악4,2023-11-22,47.7,,,,,,,
JQ금악4,2023-11-23,47.73,,,,,,,
JQ금악4,2023-11-24,47.67,,,,,,,
JQ금악4,2023-11-25,47.67,,,,,,,
JQ금악4,2023-11-26,47.75,,,,,,,
JQ금악4,2023-11-27,47.84,,,,,,,
JQ금악4,2023-11-28,47.8,,,,,,,
JQ금악4,2023-11-29,47.8,,,,,,,
JQ금악4,2023-11-30,47.81,,,,,,,
JQ금악4,2023-12-01,47.85,,,,,,,
JQ금악4,2023-12-02,47.86,,,,,,,
JQ금악4,2023-12-03,47.88,,,,,,,
JQ금악4,2023-12-04,47.94,,,,,,,
JQ금악4,2023-12-05,47.99,,,,,,,
JQ금악4,2023-12-06,48.02,,,,,,,
JQ금악4,2023-12-07,47.99,,,,,,,
JQ금악4,2023-12-08,48.0,,,,,,,
JQ금악4,2023-12-09,48.01,,,,,,,
JQ금악4,2023-12-10,48.01,,,,,,,
JQ금악4,2023-12-11,48.09,,,,,,,
JQ금악4,2023-12-12,48.05,,,,,,,
JQ금악4,2023-12-13,48.01,,,,,,,
JQ금악4,2023-12-14,48.08,,,,,,,
JQ금악4,2023-12-15,48.14,,,,,,,
JQ금악4,2023-12-16,48.07,,,,,,,
JQ금악4,2023-12-17,48.03,,,,,,,
JQ금악4,2023-12-18,48.06,,,,,,,
JQ금악4,2023-12-19,48.12,,,,,,,
JQ금악4,2023-12-20,48.13,,,,,,,
JQ금악4,2023-12-21,48.13,,,,,,,
JQ금악4,2023-12-22,48.1,,,,,,,
JQ금악4,2023-12-23,48.11,,,,,,,
JQ금악4,2023-12-24,48.17,,,,,,,
JQ금악4,2023-12-25,48.18,,,,,,,
JQ금악4,2023-12-26,48.19,,,,,,,
JQ금악4,2023-12-27,48.21,,,,,,,
JQ금악4,2023-12-28,48.23,,,,,,,
JQ금악4,2023-12-29,48.24,,,,,,,
JQ금악4,2023-12-30,48.31,,,,,,,
JQ금악4,2023-12-31,48.29,,,,,,,
JQ금악4,2024-01-01,48.24,,,,,,,
JQ금악4,2024-01-02,48.28,,,,,,,
JQ금악4,2024-01-03,48.31,,,,,,,
JQ금악4,2024-01-04,48.27,,,,,,,
JQ금악4,2024-01-05,48.29,,,,,,,
JQ금악4,2024-01-06,48.3,,,,,,,
JQ금악4,2024-01-07,48.27,,,,,,,
JQ금악4,2024-01-08,48.27,,,,,,,
JQ금악4,2024-01-09,48.33,,,,,,,
JQ금악4,2024-01-10,48.33,,,,,,,
JQ금악4,2024-01-11,48.32,,,,,,,
JQ금악4,2024-01-12,48.32,,,,,,,
JQ금악4,2024-01-13,48.29,,,,,,,
JQ금악4,2024-01-14,48.3,,,,,,,
JQ금악4,2024-01-15,48.28,,,,,,,
JQ금악4,2024-01-16,48.26,,,,,,,
JQ금악4,2024-01-17,48.31,,,,,,,
JQ금악4,2024-01-18,48.34,,,,,,,
JQ금악4,2024-01-19,48.34,,,,,,,
JQ금악4,2024-01-20,48.38,,,,,,,
JQ금악4,2024-01-21,48.31,,,,,,,
JQ금악4,2024-01-22,48.28,,,,,,,
JQ금악4,2024-01-23,48.3,,,,,,,
JQ금악4,2024-01-24,48.31,,,,,,,
JQ금악4,2024-01-25,48.29,,,,,,,
JQ금악4,2024-01-26,48.29,,,,,,,
JQ금악4,2024-01-27,48.31,,,,,,,
JQ금악4,2024-01-28,48.29,,,,,,,
JQ금악4,2024-01-29,48.28,,,,,,,
JQ금악4,2024-01-30,48.31,,,,,,,
JQ금악4,2024-01-31,48.35,,,,,,,
JQ금악4,2024-02-01,48.35,,,,,,,
JQ금악4,2024-02-02,48.31,,,,,,,
JQ금악4,2024-02-03,48.32,,,,,,,
JQ금악4,2024-02-04,48.33,,,,,,,
JQ금악4,2024-02-05,48.36,,,,,,,
JQ금악4,2024-02-06,48.28,,,,,,,
JQ금악4,2024-02-07,48.29,,,,,,,
JQ금악4,2024-02-08,48.3,,,,,,,
JQ금악4,2024-02-09,48.28,,,,,,,
JQ금악4,2024-02-10,48.26,,,,,,,
JQ금악4,2024-02-11,48.25,,,,,,,
JQ금악4,2024-02-12,48.22,,,,,,,
JQ금악4,2024-02-13,48.24,,,,,,,
JQ금악4,2024-02-14,48.28,,,,,,,
JQ금악4,2024-02-15,48.3,,,,,,,
JQ금악4,2024-02-16,48.25,,,,,,,
JQ금악4,2024-02-17,48.27,,,,,,,
JQ금악4,2024-02-18,48.29,,,,,,,
JQ금악4,2024-02-19,48.3,,,,,,,
JQ금악4,2024-02-20,48.25,,,,,,,
JQ금악4,2024-02-21,48.28,,,,,,,
JQ금악4,2024-02-22,48.21,,,,,,,
JQ금악4,2024-02-23,48.17,,,,,,,
JQ금악4,2024-02-24,48.19,,,,,,,
JQ금악4,2024-02-25,48.21,,,,,,,
JQ금악4,2024-02-26,48.16,,,,,,,
JQ금악4,2024-02-27,48.15,,,,,,,
JQ금악4,2024-02-28,48.16,,,,,,,
JQ금악4,2024-02-29,48.21,,,,,,,
JQ금악4,2024-03-01,48.16,,,,,,,
JQ금악4,2024-03-02,48.15,,,,,,,
JQ금악4,2024-03-03,48.16,,,,,,,
JQ금악4,2024-03-04,48.16,,,,,,,
JQ금악4,2024-03-05,48.25,,,,,,,
JQ금악4,2024-03-06,48.16,,,,,,,
JQ금악4,2024-03-07,48.11,,,,,,,
JQ금악4,2024-03-08,48.09,,,,,,,
JQ금악4,2024-03-09,48.05,,,,,,,
JQ금악4,2024-03-10,48.02,,,,,,,
JQ금악4,2024-03-11,48.08,,,,,,,
JQ금악4,2024-03-12,48.11,,,,,,,
JQ금악4,2024-03-13,48.04,,,,,,,
JQ금악4,2024-03-14,48.02,,,,,,,
JQ금악4,2024-03-15,48.0,,,,,,,
JQ금악4,2024-03-16,48.02,,,,,,,
JQ금악4,2024-03-17,48.04,,,,,,,
JQ금악4,2024-03-18,47.98,,,,,,,
JQ금악4,2024-03-19,47.99,,,,,,,
JQ금악4,2024-03-20,47.96,,,,,,,
JQ금악4,2024-03-21,47.97,,,,,,,
JQ금악4,2024-03-22,47.99,,,,,,,
JQ금악4,2024-03-23,47.97,,,,,,,
JQ금악4,2024-03-24,47.95,,,,,,,
JQ금악4,2024-03-25,47.89,,,,,,,
JQ금악4,2024-03-26,47.75,,,,,,,
JQ금악4,2024-03-27,47.68,,,,,,,
JQ금악4,2024-03-28,47.79,,,,,,,
JQ금악4,2024-03-29,47.75,,,,,,,
JQ금악4,2024-03-30,47.73,,,,,,,
JQ금악4,2024-03-31,47.73,,,,,,,
JQ금악4,2024-04-01,47.67,,,,,,,
JQ금악4,2024-04-02,47.7,,,,,,,
JQ금악4,2024-04-03,47.73,,,,,,,
JQ금악4,2024-04-04,47.63,,,,,,,
JQ금악4,2024-04-05,47.59,,,,,,,
JQ금악4,2024-04-06,47.59,,,,,,,
JQ금악4,2024-04-07,47.6,,,,,,,
JQ금악4,2024-04-08,47.6,,,,,,,
JQ금악4,2024-04-09,47.54,,,,,,,
JQ금악4,2024-04-10,47.5,,,,,,,
JQ금악4,2024-04-11,47.53,,,,,,,
JQ금악4,2024-04-12,47.55,,,,,,,
JQ금악4,2024-04-13,47.53,,,,,,,
JQ금악4,2024-04-14,47.52,,,,,,,
JQ금악4,2024-04-15,47.54,,,,,,,
JQ금악4,2024-04-16,47.5,,,,,,,
JQ금악4,2024-04-17,47.5,,,,,,,
JQ금악4,2024-04-18,47.48,,,,,,,
JQ금악4,2024-04-19,47.44,,,,,,,
JQ금악4,2024-04-20,47.48,,,,,,,
JQ금악4,2024-04-21,47.44,,,,,,,
JQ금악4,2024-04-22,47.41,,,,,,,
JQ금악4,2024-04-23,47.41,,,,,,,
JQ금악4,2024-04-24,47.39,,,,,,,
JQ금악4,2024-04-25,47.36,,,,,,,
JQ금악4,2024-04-26,47.36,,,,,,,
JQ금악4,2024-04-27,47.34,,,,,,,
JQ금악4,2024-04-28,47.32,,,,,,,
JQ금악4,2024-04-29,47.37,,,,,,,
JQ금악4,2024-04-30,47.32,,,,,,,
JQ금악4,2024-05-01,47.28,,,,,,,
JQ금악4,2024-05-02,47.21,,,,,,,
JQ금악4,2024-05-03,47.21,,,,,,,
JQ금악4,2024-05-04,47.23,,,,,,,
JQ금악4,2024-05-05,47.25,,,,,,,
JQ금악4,2024-05-06,47.24,,,,,,,
JQ금악4,2024-05-07,47.21,,,,,,,
JQ금악4,2024-05-08,47.18,,,,,,,
JQ금악4,2024-05-09,47.14,,,,,,,
JQ금악4,2024-05-10,47.19,,,,,,,
JQ금악4,2024-05-11,47.3,,,,,,,
JQ금악4,2024-05-12,47.32,,,,,,,
JQ금악4,2024-05-13,47.28,,,,,,,
JQ금악4,2024-05-14,47.26,,,,,,,
JQ금악4,2024-05-15,47.27,,,,,,,
JQ금악4,2024-05-16,47.26,,,,,,,
JQ금악4,2024-05-17,47.24,,,,,,,
JQ금악4,2024-05-18,47.24,,,,,,,
JQ금악4,2024-05-19,47.25,,,,,,,
JQ금악4,2024-05-20,47.24,,,,,,,
JQ금악4,2024-05-21,47.22,,,,,,,
JQ금악4,2024-05-22,47.23,,,,,,,
JQ금악4,2024-05-23,47.26,,,,,,,
JQ금악4,2024-05-24,47.25,,,,,,,
JQ금악4,2024-05-25,47.23,,,,,,,
JQ금악4,2024-05-26,47.28,,,,,,,
JQ금악4,2024-05-27,47.29,,,,,,,
JQ금악4,2024-05-28,47.28,,,,,,,
JQ금악4,2024-05-29,47.21,,,,,,,
JQ금악4,2024-05-30,47.23,,,,,,,
JQ금악4,2024-05-31,47.24,,,,,,,
JQ금악4,2024-06-01,47.22,,,,,,,
JQ금악4,2024-06-02,47.24,,,,,,,
JQ금악4,2024-06-03,47.25,,,,,,,
JQ금악4,2024-06-04,47.21,,,,,,,
JQ금악4,2024-06-05,47.2,,,,,,,
JQ금악4,2024-06-06,47.21,,,,,,,
JQ금악4,2024-06-07,47.25,,,,,,,
JQ금악4,2024-06-08,47.29,,,,,,,
JQ금악4,2024-06-09,47.28,,,,,,,
JQ금악4,2024-06-10,47.26,,,,,,,
JQ금악4,2024-06-11,47.27,,,,,,,
JQ금악4,2024-06-12,47.3,,,,,,,
JQ금악4,2024-06-13,47.3,,,,,,,
JQ금악4,2024-06-14,47.3,,,,,,,
JQ금악4,2024-06-15,47.31,,,,,,,
JQ금악4,2024-06-16,47.27,,,,,,,
JQ금악4,2024-06-17,47.28,,,,,,,
JQ금악4,2024-06-18,47.29,,,,,,,
JQ금악4,2024-06-19,47.29,,,,,,,
JQ금악4,2024-06-20,47.35,,,,,,,
JQ금악4,2024-06-21,47.34,,,,,,,
JQ금악4,2024-06-22,47.36,,,,,,,
JQ금악4,2024-06-23,47.36,,,,,,,
JQ금악4,2024-06-24,47.33,,,,,,,
JQ금악4,2024-06-25,47.29,,,,,,,
JQ금악4,2024-06-26,47.28,,,,,,,
JQ금악4,2024-06-27,47.34,,,,,,,
JQ금악4,2024-06-28,47.38,,,,,,,
JQ금악4,2024-06-29,47.41,,,,,,,
JQ금악4,2024-06-30,47.44,,,,,,,
JQ금악4,2024-07-01,47.42,,,,,,,
JQ금악4,2024-07-02,47.43,,,,,,,
JQ금악4,2024-07-03,47.39,,,,,,,
JQ금악4,2024-07-04,47.42,,,,,,,
JQ금악4,2024-07-05,47.46,,,,,,,
JQ금악4,2024-07-06,47.47,,,,,,,
JQ금악4,2024-07-07,47.49,,,,,,,
JQ금악4,2024-07-08,47.52,,,,,,,
JQ금악4,2024-07-09,47.54,,,,,,,
JQ금악4,2024-07-10,47.58,,,,,,,
JQ금악4,2024-07-11,47.6,,,,,,,
JQ금악4,2024-07-12,47.61,,,,,,,
JQ금악4,2024-07-13,47.61,,,,,,,
JQ금악4,2024-07-14,47.61,,,,,,,
JQ금악4,2024-07-15,47.61,,,,,,,
JQ금악4,2024-07-16,47.63,,,,,,,
JQ금악4,2024-07-17,47.67,,,,,,,
JQ금악4,2024-07-18,47.72,,,,,,,
JQ금악4,2024-07-19,47.74,,,,,,,
JQ금악4,2024-07-20,47.74,,,,,,,
JQ금악4,2024-07-21,47.76,,,,,,,
JQ금악4,2024-07-22,47.79,,,,,,,
JQ금악4,2024-07-23,47.84,,,,,,,
JQ금악4,2024-07-24,47.86,,,,,,,
JQ금악4,2024-07-25,47.88,,,,,,,
JQ금악4,2024-07-26,47.87,,,,,,,
JQ금악4,2024-07-27,47.84,,,,,,,
JQ금악4,2024-07-28,47.87,,,,,,,
JQ금악4,2024-07-29,47.92,,,,,,,
JQ금악4,2024-07-30,47.95,,,,,,,
JQ금악4,2024-07-31,47.98,,,,,,,
JQ금악4,2024-08-01,48.01,,,,,,,
JQ금악4,2024-08-02,48.02,,,,,,,
JQ금악4,2024-08-03,48.02,,,,,,,
JQ금악4,2024-08-04,48.04,,,,,,,
JQ금악4,2024-08-05,48.06,,,,,,,
JQ금악4,2024-08-06,48.07,,,,,,,
JQ금악4,2024-08-07,48.09,,,,,,,
JQ금악4,2024-08-08,48.12,,,,,,,
JQ금악4,2024-08-09,48.14,,,,,,,
JQ금악4,2024-08-10,48.16,,,,,,,
JQ금악4,2024-08-11,48.18,,,,,,,
JQ금악4,2024-08-12,48.18,,,,,,,
JQ금악4,2024-08-13,48.17,,,,,,,
JQ금악4,2024-08-14,48.18,,,,,,,
JQ금악4,2024-08-15,48.21,,,,,,,
JQ금악4,2024-08-16,48.21,,,,,,,
JQ금악4,2024-08-17,48.21,,,,,,,
JQ금악4,2024-08-18,48.25,,,,,,,
JQ금악4,2024-08-19,48.28,,,,,,,
JQ금악4,2024-08-20,48.29,,,,,,,
JQ금악4,2024-08-21,48.29,,,,,,,
JQ금악4,2024-08-22,48.32,,,,,,,
JQ금악4,2024-08-23,48.31,,,,,,,
JQ금악4,2024-08-24,48.32,,,,,,,
JQ금악4,2024-08-25,48.35,,,,,,,
JQ금악4,2024-08-26,48.39,,,,,,,
JQ금악4,2024-08-27,48.42,,,,,,,
JQ금악4,2024-08-28,48.44,,,,,,,
JQ금악4,2024-08-29,48.45,,,,,,,
JQ금악4,2024-08-30,48.44,,,,,,,
JQ금악4,2024-08-31,48.44,,,,,,,
JQ금악4,2024-09-01,48.45,,,,,,,
JQ금악4,2024-09-02,48.45,,,,,,,
JQ금악4,2024-09-03,48.46,,,,,,,
JQ금악4,2024-09-04,48.48,,,,,,,
JQ금악4,2024-09-05,48.5,,,,,,,
JQ금악4,2024-09-06,48.48,,,,,,,
JQ금악4,2024-09-07,48.48,,,,,,,
JQ금악4,2024-09-08,48.5,,,,,,,
JQ금악4,2024-09-09,48.53,,,,,,,
JQ금악4,2024-09-10,48.54,,,,,,,
JQ금악4,2024-09-11,48.53,,,,,,,
JQ금악4,2024-09-12,48.54,,,,,,,
JQ금악4,2024-09-13,48.59,,,,,,,
JQ금악4,2024-09-14,48.63,,,,,,,
JQ금악4,2024-09-15,48.62,,,,,,,
JQ금악4,2024-09-16,48.58,,,,,,,
JQ금악4,2024-09-17,48.57,,,,,,,
JQ금악4,2024-09-18,48.6,,,,,,,
JQ금악4,2024-09-19,48.62,,,,,,,
JQ금악4,2024-09-20,48.65,,,,,,,
JQ금악4,2024-09-21,48.69,,,,,,,
JQ금악4,2024-09-22,48.66,,,,,,,
JQ금악4,2024-09-23,48.63,,,,,,,
JQ금악4,2024-09-24,48.65,,,,,,,
JQ금악4,2024-09-25,48.67,,,,,,,
JQ금악4,2024-09-26,48.68,,,,,,,
JQ금악4,2024-09-27,48.69,,,,,,,
JQ금악4,2024-09-28,48.69,,,,,,,
JQ금악4,2024-09-29,48.68,,,,,,,
JQ금악4,2024-09-30,48.71,,,,,,,
JQ금악4,2024-10-01,48.75,,,,,,,
JQ금악4,2024-10-02,48.72,,,,,,,
JQ금악4,2024-10-03,48.7,,,,,,,
JQ금악4,2024-10-04,48.69,,,,,,,
JQ금악4,2024-10-05,48.71,,,,,,,
JQ금악4,2024-10-06,48.74,,,,,,,
JQ금악4,2024-10-07,48.76,,,,,,,
JQ금악4,2024-10-08,48.77,,,,,,,
JQ금악4,2024-10-09,48.78,,,,,,,
JQ금악4,2024-10-10,48.79,,,,,,,
JQ금악4,2024-10-11,48.76,,,,,,,
JQ금악4,2024-10-12,48.73,,,,,,,
JQ금악4,2024-10-13,48.75,,,,,,,
JQ금악4,2024-10-14,48.79,,,,,,,
JQ금악4,2024-10-15,48.79,,,,,,,
JQ금악4,2024-10-16,48.77,,,,,,,
JQ금악4,2024-10-17,48.79,,,,,,,
JQ금악4,2024-10-18,48.83,,,,,,,
JQ금악4,2024-10-19,48.81,,,,,,,
JQ금악4,2024-10-20,48.75,,,,,,,
JQ금악4,2024-10-21,48.8,,,,,,,
JQ금악4,2024-10-22,48.85,,,,,,,
JQ금악4,2024-10-23,48.82,,,,,,,
JQ금악4,2024-10-24,48.82,,,,,,,
JQ금악4,2024-10-25,48.81,,,,,,,
JQ금악4,2024-10-26,48.84,,,,,,,
JQ금악4,2024-10-27,48.87,,,,,,,
JQ금악4,2024-10-28,48.86,,,,,,,
JQ금악4,2024-10-29,48.85,,,,,,,
JQ금악4,2024-10-30,48.81,,,,,,,
JQ금악4,2024-10-31,48.82,,,,,,,
JQ금악4,2024-11-01,48.88,,,,,,,
JQ금악4,2024-11-02,48.87,,,,,,,
JQ금악4,2024-11-03,48.81,,,,,,,
JQ금악4,2024-11-04,48.83,,,,,,,
JQ금악4,2024-11-05,48.83,,,,,,,
JQ금악4,2024-11-06,48.81,,,,,,,
JQ금악4,2024-11-07,48.8,,,,,,,
JQ금악4,2024-11-08,48.83,,,,,,,
JQ금악4,2024-11-09,48.85,,,,,,,
JQ금악4,2024-11-10,48.89,,,,,,,
JQ금악4,2024-11-11,48.87,,,,,,,
JQ금악4,2024-11-12,48.85,,,,,,,
JQ금악4,2024-11-13,48.84,,,,,,,
JQ금악4,2024-11-14,48.77,,,,,,,
JQ금악4,2024-11-15,48.72,,,,,,,
JQ금악4,2024-11-16,48.73,,,,,,,
JQ금악4,2024-11-17,48.7,,,,,,,
JQ금악4,2024-11-18,48.64,,,,,,,
JQ금악4,2024-11-19,48.67,,,,,,,
JQ금악4,2024-11-20,48.72,,,,,,,
JQ금악4,2024-11-21,48.73,,,,,,,
JQ금악4,2024-11-22,48.72,,,,,,,
JQ금악4,2024-11-23,48.7,,,,,,,
JQ금악4,2024-11-24,48.7,,,,,,,
JQ금악4,2024-11-25,48.75,,,,,,,
JQ금악4,2024-11-26,48.8,,,,,,,
JQ금악4,2024-11-27,48.8,,,,,,,
JQ금악4,2024-11-28,48.81,,,,,,,
JQ금악4,2024-11-29,48.8,,,,,,,
JQ금악4,2024-11-30,48.78,,,,,,,
JQ금악4,2024-12-01,48.79,,,,,,,
JQ금악4,2024-12-02,48.78,,,,,,,
JQ금악4,2024-12-03,48.75,,,,,,,
JQ금악4,2024-12-04,48.76,,,,,,,
JQ금악4,2024-12-05,48.79,,,,,,,
JQ금악4,2024-12-06,48.77,,,,,,,
JQ금악4,2024-12-07,48.75,,,,,,,
JQ금악4,2024-12-08,48.74,,,,,,,
JQ금악4,2024-12-09,48.76,,,,,,,
JQ금악4,2024-12-10,48.78,,,,,,,
JQ금악4,2024-12-11,48.81,,,,,,,
JQ금악4,2024-12-12,48.78,,,,,,,
JQ금악4,2024-12-13,48.81,,,,,,,
JQ금악4,2024-12-14,48.77,,,,,,,
JQ금악4,2024-12-15,48.79,,,,,,,
JQ금악4,2024-12-16,48.8,,,,,,,
JQ금악4,2024-12-17,48.8,,,,,,,
JQ금악4,2024-12-18,48.79,,,,,,,
JQ금악4,2024-12-19,48.77,,,,,,,
JQ금악4,2024-12-20,48.81,,,,,,,
JQ금악4,2024-12-21,48.83,,,,,,,
JQ금악4,2024-12-22,48.79,,,,,,,
JQ금악4,2024-12-23,48.78,,,,,,,
JQ금악4,2024-12-24,48.78,,,,,,,
JQ금악4,2024-12-25,48.79,,,,,,,
JQ금악4,2024-12-26,48.8,,,,,,,
JQ금악4,2024-12-27,48.8,,,,,,,
JQ금악4,2024-12-28,48.8,,,,,,,
JQ금악4,2024-12-29,48.79,,,,,,,
JQ금악4,2024-12-30,48.83,,,,,,,
JQ금악4,2024-12-31,48.83,,,,,,,
JQ금악4,2025-01-01,48.8,,,,,,,
JQ금악4,2025-01-02,48.79,,,,,,,
JQ금악4,2025-01-03,48.78,,,,,,,
JQ금악4,2025-01-04,48.77,,,,,,,
JQ금악4,2025-01-05,48.81,,,,,,,
JQ금악4,2025-01-06,48.83,,,,,,,
JQ금악4,2025-01-07,48.8,,,,,,,
JQ금악4,2025-01-08,48.79,,,,,,,
JQ금악4,2025-01-09,48.75,,,,,,,
JQ금악4,2025-01-10,48.7,,,,,,,
JQ금악4,2025-01-11,48.73,,,,,,,
JQ금악4,2025-01-12,48.76,,,,,,,
JQ금악4,2025-01-13,48.73,,,,,,,
JQ금악4,2025-01-14,48.74,,,,,,,
JQ금악4,2025-01-15,48.72,,,,,,,
JQ금악4,2025-01-16,48.72,,,,,,,
JQ금악4,2025-01-17,48.72,,,,,,,
JQ금악4,2025-01-18,48.73,,,,,,,
JQ금악4,2025-01-19,48.77,,,,,,,
JQ금악4,2025-01-20,48.77,,,,,,,
JQ금악4,2025-01-21,48.71,,,,,,,
JQ금악4,2025-01-22,48.68,,,,,,,
JQ금악4,2025-01-23,48.69,,,,,,,
JQ금악4,2025-01-24,48.68,,,,,,,
JQ금악4,2025-01-25,48.66,,,,,,,
JQ금악4,2025-01-26,48.67,,,,,,,
JQ금악4,2025-01-27,48.7,,,,,,,
JQ금악4,2025-01-28,48.66,,,,,,,
JQ금악4,2025-01-29,48.61,,,,,,,
JQ금악4,2025-01-30,48.58,,,,,,,
JQ금악4,2025-01-31,48.61,,,,,,,
JQ금악4,2025-02-01,48.68,,,,,,,
JQ금악4,2025-02-02,48.63,,,,,,,
JQ금악4,2025-02-03,48.59,,,,,,,
JQ금악4,2025-02-04,48.59,,,,,,,
JQ금악4,2025-02-05,48.58,,,,,,,
JQ금악4,2025-02-06,48.54,,,,,,,
JQ금악4,2025-02-07,48.53,,,,,,,
JQ금악4,2025-02-08,48.48,,,,,,,
JQ금악4,2025-02-09,48.48,,,,,,,
JQ금악4,2025-02-10,48.48,,,,,,,
JQ금악4,2025-02-11,48.47,,,,,,,
JQ금악4,2025-02-12,48.54,,,,,,,
JQ금악4,2025-02-13,48.45,,,,,,,
JQ금악4,2025-02-14,48.46,,,,,,,
JQ금악4,2025-02-15,48.49,,,,,,,
JQ금악4,2025-02-16,48.47,,,,,,,
JQ금악4,2025-02-17,48.4,,,,,,,
JQ금악4,2025-02-18,48.38,,,,,,,
JQ금악4,2025-02-19,48.36,,,,,,,
JQ금악4,2025-02-20,48.35,,,,,,,
JQ금악4,2025-02-21,48.34,,,,,,,
JQ금악4,2025-02-22,48.31,,,,,,,
JQ금악4,2025-02-23,48.32,,,,,,,
JQ금악4,2025-02-24,48.3,,,,,,,
JQ금악4,2025-02-25,48.32,,,,,,,
JQ금악4,2025-02-26,48.34,,,,,,,
JQ금악4,2025-02-27,48.35,,,,,,,
JQ금악4,2025-02-28,48.34,,,,,,,
JQ금악4,2025-03-01,48.33,,,,,,,
JQ금악4,2025-03-02,48.35,,,,,,,
JQ금악4,2025-03-03,48.33,,,,,,,
JQ금악4,2025-03-04,48.28,,,,,,,
JQ금악4,2025-03-05,48.21,,,,,,,
JQ금악4,2025-03-06,48.15,,,,,,,
JQ금악4,2025-03-07,48.14,,,,,,,
JQ금악4,2025-03-08,48.14,,,,,,,
JQ금악4,2025-03-09,48.11,,,,,,,
JQ금악4,2025-03-10,48.13,,,,,,,
JQ금악4,2025-03-11,48.16,,,,,,,
JQ금악4,2025-03-12,48.16,,,,,,,
JQ금악4,2025-03-13,48.11,,,,,,,
JQ금악4,2025-03-14,48.08,,,,,,,
JQ금악4,2025-03-15,48.1,,,,,,,
JQ금악4,2025-03-16,48.09,,,,,,,
JQ금악4,2025-03-17,48.04,,,,,,,
JQ금악4,2025-03-18,48.03,,,,,,,
JQ금악4,2025-03-19,47.97,,,,,,,
JQ금악4,2025-03-20,47.98,,,,,,,
JQ금악4,2025-03-21,48.0,,,,,,,
JQ금악4,2025-03-22,48.0,,,,,,,
JQ금악4,2025-03-23,48.0,,,,,,,
JQ금악4,2025-03-24,48.01,,,,,,,
JQ금악4,2025-03-25,48.01,,,,,,,
JQ금악4,2025-03-26,47.97,,,,,,,
JQ금악4,2025-03-27,47.97,,,,,,,
JQ금악4,2025-03-28,47.84,,,,,,,
JQ금악4,2025-03-29,47.76,,,,,,,
JQ금악4,2025-03-30,47.72,,,,,,,
JQ금악4,2025-03-31,47.75,,,,,,,
JQ금악4,2025-04-01,47.78,,,,,,,
JQ금악4,2025-04-02,47.78,,,,,,,
JQ금악4,2025-04-03,47.74,,,,,,,
JQ금악4,2025-04-04,47.85,,,,,,,
JQ금악4,2025-04-05,48.0,,,,,,,
JQ금악4,2025-04-06,47.95,,,,,,,
JQ금악4,2025-04-07,47.91,,,,,,,
JQ금악4,2025-04-08,47.92,,,,,,,
JQ금악4,2025-04-09,47.93,,,,,,,
JQ금악4,2025-04-10,47.93,,,,,,,
JQ금악4,2025-04-11,47.87,,,,,,,
JQ금악4,2025-04-12,47.89,,,,,,,
JQ금악4,2025-04-13,47.85,,,,,,,
JQ금악4,2025-04-14,47.85,,,,,,,
JQ금악4,2025-04-15,47.77,,,,,,,
JQ금악4,2025-04-16,47.74,,,,,,,
JQ금악4,2025-04-17,47.74,,,,,,,
JQ금악4,2025-04-18,47.7,,,,,,,
JQ금악4,2025-04-19,47.7,,,,,,,
JQ금악4,2025-04-20,47.68,,,,,,,
JQ금악4,2025-04-21,47.64,,,,,,,
JQ금악4,2025-04-22,47.7,,,,,,,
JQ금악4,2025-04-23,47.66,,,,,,,
JQ금악4,2025-04-24,47.61,,,,,,,
JQ금악4,2025-04-25,47.54,,,,,,,
JQ금악4,2025-04-26,47.51,,,,,,,
JQ금악4,2025-04-27,47.54,,,,,,,
JQ금악4,2025-04-28,47.56,,,,,,,
JQ금악4,2025-04-29,47.51,,,,,,,
JQ금악4,2025-04-30,47.49,,,,,,,
JQ금악4,2025-05-01,47.51,,,,,,,
JQ금악4,2025-05-02,47.47,,,,,,,
JQ금악4,2025-05-03,47.48,,,,,,,
JQ금악4,2025-05-04,47.4,,,,,,,
JQ금악4,2025-05-05,47.43,,,,,,,
JQ금악4,2025-05-06,47.43,,,,,,,
JQ금악4,2025-05-07,47.35,,,,,,,
JQ금악4,2025-05-08,47.32,,,,,,,
JQ금악4,2025-05-09,47.39,,,,,,,
JQ금악4,2025-05-10,47.33,,,,,,,
JQ금악4,2025-05-11,47.3,,,,,,,
JQ금악4,2025-05-12,47.26,,,,,,,
JQ금악4,2025-05-13,47.21,,,,,,,
JQ금악4,2025-05-14,47.2,,,,,,,
JQ금악4,2025-05-15,47.19,,,,,,,
JQ금악4,2025-05-16,47.22,,,,,,,
JQ금악4,2025-05-17,47.22,,,,,,,
JQ금악4,2025-05-18,47.18,,,,,,,
JQ금악4,2025-05-19,47.17,,,,,,,
JQ금악4,2025-05-20,47.15,,,,,,,
JQ금악4,2025-05-21,47.17,,,,,,,
JQ금악4,2025-05-22,47.13,,,,,,,
JQ금악4,2025-05-23,47.11,,,,,,,
JQ금악4,2025-05-24,47.11,,,,,,,
JQ금악4,2025-05-25,47.02,,,,,,,
JQ금악4,2025-05-26,47.0,,,,,,,
JQ금악4,2025-05-27,46.99,,,,,,,
JQ금악4,2025-05-28,47.0,,,,,,,
JQ금악4,2025-05-29,47.01,,,,,,,
JQ금악4,2025-05-30,47.01,,,,,,,
JQ금악4,2025-05-31,47.0,,,,,,,
JQ금악4,2025-06-01,47.0,,,,,,,
JQ금악4,2025-06-02,47.04,,,,,,,
JQ금악4,2025-06-03,47.01,,,,,,,
JQ금악4,2025-06-04,46.93,,,,,,,
JQ금악4,2025-06-05,46.89,,,,,,,
JQ금악4,2025-06-06,46.9,,,,,,,
JQ금악4,2025-06-07,46.9,,,,,,,
JQ금악4,2025-06-08,46.9,,,,,,,
JQ금악4,2025-06-09,46.89,,,,,,,
JQ금악4,2025-06-10,46.87,,,,,,,
JQ금악4,2025-06-11,46.82,,,,,,,
JQ금악4,2025-06-12,46.8,,,,,,,
JQ금악4,2025-06-13,46.82,,,,,,,
JQ금악4,2025-06-14,46.89,,,,,,,
JQ금악4,2025-06-15,46.88,,,,,,,
JQ금악4,2025-06-16,46.85,,,,,,,
JQ금악4,2025-06-17,46.8,,,,,,,
JQ금악4,2025-06-18,46.76,,,,,,,
JQ금악4,2025-06-19,46.75,,,,,,,
JQ금악4,2025-06-20,46.77,,,,,,,
JQ금악4,2025-06-21,46.79,,,,,,,
JQ금악4,2025-06-22,46.77,,,,,,,
JQ금악4,2025-06-23,46.77,,,,,,,
JQ금악4,2025-06-24,46.76,,,,,,,
JQ금악4,2025-06-25,46.73,,,,,,,
JQ금악4,2025-06-26,46.72,,,,,,,
JQ금악4,2025-06-27,46.72,,,,,,,
JQ금악4,2025-06-28,46.72,,,,,,,
JQ금악4,2025-06-29,46.71,,,,,,,
JQ금악4,2025-06-30,46.68,,,,,,,
JQ금악4,2025-07-01,46.66,,,,,,,
JQ금악4,2025-07-02,46.66,,,,,,,
JQ금악4,2025-07-03,46.67,,,,,,,
JQ금악4,2025-07-04,46.68,,,,,,,
JQ금악4,2025-07-05,46.67,,,,,,,
JQ금악4,2025-07-06,46.66,,,,,,,
JQ금악4,2025-07-07,46.65,,,,,,,
JQ금악4,2025-07-08,46.65,,,,,,,
JQ금악4,2025-07-09,46.63,,,,,,,
JQ금악4,2025-07-10,46.62,,,,,,,
JQ금악4,2025-07-11,46.61,,,,,,,
JQ금악4,2025-07-12,46.61,,,,,,,
JQ금악4,2025-07-13,46.65,,,,,,,
JQ금악4,2025-07-14,46.66,,,,,,,
JQ금악4,2025-07-15,46.63,,,,,,,
JQ금악4,2025-07-16,46.57,,,,,,,
JQ금악4,2025-07-17,46.55,,,,,,,
JQ금악4,2025-07-18,46.54,,,,,,,
JQ금악4,2025-07-19,46.51,,,,,,,
JQ금악4,2025-07-20,46.49,,,,,,,
JQ금악4,2025-07-21,46.48,,,,,,,
JQ금악4,2025-07-22,46.49,,,,,,,
JQ금악4,2025-07-23,46.5,,,,,,,
JQ금악4,2025-07-24,46.51,,,,,,,
JQ금악4,2025-07-25,46.53,,,,,,,
JQ금악4,2025-07-26,46.52,,,,,,,
JQ금악4,2025-07-27,46.52,,,,,,,
JQ금악4,2025-07-28,46.51,,,,,,,
JQ금악4,2025-07-29,46.52,,,,,,,
JQ금악4,2025-07-30,46.51,,,,,,,
JQ금악4,2025-07-31,46.47,,,,,,,
JQ금악4,2025-08-01,46.45,,,,,,,
JQ금악4,2025-08-02,46.44,,,,,,,
JQ금악4,2025-08-03,46.44,,,,,,,
JQ금악4,2025-08-04,46.41,,,,,,,
JQ금악4,2025-08-05,46.38,,,,,,,
JQ금악4,2025-08-06,46.38,,,,,,,
JQ금악4,2025-08-07,46.38,,,,,,,
JQ금악4,2025-08-08,46.37,,,,,,,
JQ금악4,2025-08-09,46.37,,,,,,,
JQ금악4,2025-08-10,46.37,,,,,,,
JQ금악4,2025-08-11,46.34,,,,,,,
JQ금악4,2025-08-12,46.29,,,,,,,
JQ금악4,2025-08-13,46.26,,,,,,,
JQ금악4,2025-08-14,46.25,,,,,,,
JQ금악4,2025-08-15,46.26,,,,,,,
JQ금악4,2025-08-16,46.27,,,,,,,
JQ금악4,2025-08-17,46.25,,,,,,,
JQ금악4,2025-08-18,46.24,,,,,,,
JQ금악4,2025-08-19,46.25,,,,,,,
JQ금악4,2025-08-20,46.27,,,,,,,
JQ금악4,2025-08-21,46.24,,,,,,,
JQ금악4,2025-08-22,46.23,,,,,,,
JQ금악4,2025-08-23,46.2,,,,,,,
JQ금악4,2025-08-24,46.18,,,,,,,
JQ금악4,2025-08-25,46.17,,,,,,,
JQ금악4,2025-08-26,46.17,,,,,,,
JQ금악4,2025-08-27,46.15,,,,,,,
JQ금악4,2025-08-28,46.12,,,,,,,
JQ금악4,2025-08-29,46.1,,,,,,,
JQ금악4,2025-08-30,46.1,,,,,,,
JQ금악4,2025-08-31,46.11,,,,,,,
JQ금악4,2025-09-01,46.05,,,,,,,
JQ금악4,2025-09-02,46.03,,,,,,,
JQ금악4,2025-09-03,46.02,,,,,,,
JQ금악4,2025-09-04,46.02,,,,,,,
JQ금악4,2025-09-05,45.99,,,,,,,
JQ금악4,2025-09-06,45.97,,,,,,,
JQ금악4,2025-09-07,45.97,,,,,,,
JQ금악4,2025-09-08,45.94,,,,,,,
JQ금악4,2025-09-09,45.92,,,,,,,
JQ금악4,2025-09-10,45.91,,,,,,,
JQ금악4,2025-09-11,45.89,,,,,,,
JQ금악4,2025-09-12,45.9,,,,,,,
JQ금악4,2025-09-13,45.89,,,,,,,
JQ금악4,2025-09-14,45.85,,,,,,,
JQ금악4,2025-09-15,45.83,,,,,,,
JQ금악4,2025-09-16,45.83,,,,,,,
JQ금악4,2025-09-17,45.84,,,,,,,
JQ금악4,2025-09-19,45.89,,,,,,,
JQ금악4,2025-09-20,45.89,,,,,,,
JQ금악4,2025-09-21,45.84,,,,,,,
JQ금악4,2025-09-22,45.82,,,,,,,
JQ금악4,2025-09-23,45.82,,,,,,,
JQ금악4,2025-09-24,45.82,,,,,,,
JQ금악4,2025-09-25,45.78,,,,,,,
JQ금악4,2025-09-26,45.76,,,,,,,
JQ금악4,2025-09-27,45.78,,,,,,,
JQ금악4,2025-09-28,45.79,,,,,,,
JQ금악4,2025-09-29,45.76,,,,,,,
JQ금악4,2025-09-30,45.75,,,,,,,
JQ금악4,2025-10-01,45.72,,,,,,,
JQ금악4,2025-10-02,45.7,,,,,,,
JQ금악4,2025-10-03,45.72,,,,,,,
JQ금악4,2025-10-04,45.69,,,,,,,
JQ금악4,2025-10-05,45.68,,,,,,,
JQ금악4,2025-10-06,45.66,,,,,,,
JQ금악4,2025-10-07,45.65,,,,,,,
JQ금악4,2025-10-08,45.64,,,,,,,
JQ금악4,2025-10-09,45.62,,,,,,,
JQ금악4,2025-10-10,45.61,,,,,,,
JQ금악4,2025-10-11,45.62,,,,,,,
JQ금악4,2025-10-12,45.6,,,,,,,
JQ금악4,2025-10-13,45.57,,,,,,,
JQ금악4,2025-10-14,45.55,,,,,,,
JQ금악4,2025-10-15,45.54,,,,,,,
JQ금악4,2025-10-16,45.52,,,,,,,
JQ금악4,2025-10-17,45.5,,,,,,,
JQ금악4,2025-10-18,45.5,,,,,,,
JQ금악4,2025-10-19,45.47,,,,,,,
JQ금악4,2025-10-20,45.44,,,,,,,
JQ금악4,2025-10-21,45.43,,,,,,,
JQ금악4,2025-10-22,45.43,,,,,,,
JQ금악4,2025-10-23,45.42,,,,,,,
JQ금악4,2025-10-24,45.42,,,,,,,
JQ금악4,2025-10-25,45.43,,,,,,,
JQ금악4,2025-10-26,45.43,,,,,,,
JQ금악4,2025-10-27,45.38,,,,,,,
JQ금악4,2025-10-28,45.34,,,,,,,
JQ금악4,2025-10-29,45.33,,,,,,,
JQ금악4,2025-10-30,45.35,,,,,,,
JQ금악4,2025-10-31,45.38,,,,,,,
JQ금악4,2025-11-01,45.36,,,,,,,
JQ금악4,2025-11-02,45.31,,,,,,,
JQ금악4,2025-11-03,45.25,,,,,,,
JQ금악4,2025-11-04,45.26,,,,,,,
JQ금악4,2025-11-05,45.28,,,,,,,
JQ금악4,2025-11-06,45.25,,,,,,,
JQ금악4,2025-11-07,45.23,,,,,,,
JQ금악4,2025-11-08,45.25,,,,,,,
JQ금악4,2025-11-09,45.24,,,,,,,
JQ금악4,2025-11-10,45.2,,,,,,,
JQ금악4,2025-11-11,45.17,,,,,,,
JQ금악4,2025-11-12,45.16,,,,,,,
JQ금악4,2025-11-13,45.15,,,,,,,
JQ금악4,2025-11-14,45.12,,,,,,,
JQ금악4,2025-11-15,45.07,,,,,,,
JQ금악4,2025-11-16,45.06,,,,,,,
JQ금악4,2025-11-17,45.05,,,,,,,
JQ금악4,2025-11-18,45.04,,,,,,,
JQ금악4,2025-11-19,45.03,,,,,,,
JQ금악4,2025-11-20,45.01,,,,,,,
JQ금악4,2025-11-21,45.0,,,,,,,
JQ금악4,2025-11-22,44.98,,,,,,,
JQ금악4,2025-11-23,44.99,,,,,,,
JQ금악4,2025-11-24,45.01,,,,,,,
JQ금악4,2025-11-25,44.98,,,,,,,
JQ금악4,2025-11-26,44.91,,,,,,,
JQ금악4,2025-11-27,44.94,,,,,,,
JQ금악4,2025-11-28,44.9,,,,,,,
JQ금악4,2025-11-29,44.91,,,,,,,
JQ금악4,2025-11-30,44.89,,,,,,,
JQ금악4,2025-12-01,44.86,,,,,,,
JQ금악4,2025-12-02,44.83,,,,,,,
JQ금악4,2025-12-03,44.78,,,,,,,
JQ금악4,2025-12-04,44.76,,,,,,,
JQ금악4,2025-12-05,44.75,,,,,,,
JQ금악4,2025-12-06,44.76,,,,,,,
JQ금악4,2025-12-07,44.74,,,,,,,
JQ금악4,2025-12-08,44.7,,,,,,,
JQ금악4,2025-12-09,44.68,,,,,,,
JQ금악4,2025-12-10,44.69,,,,,,,
JQ금악4,2025-12-11,44.7,,,,,,,
JQ금악4,2025-12-12,44.63,,,,,,,
JQ금악4,2025-12-13,44.67,,,,,,,
JQ금악4,2025-12-14,44.63,,,,,,,
JQ금악4,2025-12-15,44.59,,,,,,,
JQ금악4,2025-12-16,44.59,,,,,,,
JQ금악4,2025-12-17,44.57,,,,,,,
JQ금악4,2025-12-18,44.53,,,,,,,
JQ금악4,2025-12-19,44.56,,,,,,,
JQ금악4,2025-12-20,44.54,,,,,,,
JQ금악4,2025-12-21,44.47,,,,,,,
JQ금악4,2025-12-22,44.45,,,,,,,
JQ금악4,2025-12-23,44.49,,,,,,,
JQ금악4,2025-12-24,44.5,,,,,,,
JQ금악4,2025-12-25,44.44,,,,,,,
JQ금악4,2025-12-26,44.38,,,,,,,
JQ금악4,2025-12-27,44.38,,,,,,,
JQ금악4,2025-12-28,44.39,,,,,,,
JQ금악4,2025-12-29,44.38,,,,,,,
JQ금악4,2025-12-30,44.34,,,,,,,
JQ금악4,2025-12-31,44.3,,,,,,,
JQ금악4,2026-01-01,44.3,S11,234.7,11.76,15.24,235.0,1020.33,13.23
JQ금악4,2026-01-02,44.28,S11,234.72,11.74,15.24,235.0,1020.75,13.19
JQ금악4,2026-01-03,44.24,S11,234.76,11.7,15.24,235.0,1023.54,13.18
JQ금악4,2026-01-04,44.25,S11,234.75,11.71,15.24,235.0,1021.46,13.17
JQ금악4,2026-01-05,44.26,S11,234.74,11.72,15.23,235.0,1018.17,13.23
JQ금악4,2026-01-06,44.22,S11,234.78,11.68,15.23,235.0,1019.38,13.21
JQ금악4,2026-01-07,44.21,S11,234.79,11.67,15.23,234.0,1018.33,13.19
JQ금악4,2026-01-08,44.16,S11,234.84,11.62,15.23,233.0,1022.04,13.19
JQ금악4,2026-01-09,44.17,S11,234.83,11.63,15.23,232.0,1019.96,13.23
JQ금악4,2026-01-10,44.18,S11,234.82,11.64,15.23,232.0,1015.08,13.22
JQ금악4,2026-01-11,44.11,S11,234.89,11.57,15.22,231.0,1020.38,13.16
JQ금악4,2026-01-12,44.13,S11,234.87,11.59,15.22,231.0,1017.46,13.21
JQ금악4,2026-01-13,44.12,S11,234.89,11.58,15.21,230.0,1014.67,13.24
JQ금악4,2026-01-14,44.07,S11,234.93,11.53,15.21,229.0,1018.46,13.24
JQ금악4,2026-01-15,44.08,S11,234.92,11.54,15.2,229.0,1014.21,13.18
JQ금악4,2026-01-16,44.04,S11,234.96,11.5,15.2,229.0,1014.92,13.24
JQ금악4,2026-01-17,44.01,S11,234.99,11.47,15.19,228.0,1015.92,13.25
JQ금악4,2026-01-18,43.99,S11,235.01,11.45,15.18,227.0,1015.96,13.25
JQ금악4,2026-01-19,43.96,S11,235.04,11.42,15.17,226.0,1017.5,13.25
JQ금악4,2026-01-20,43.93,S11,235.07,11.39,15.16,226.0,1019.71,13.21
JQ금악4,2026-01-21,43.9,S11,235.1,11.36,15.15,225.0,1021.63,13.21
JQ금악4,2026-01-22,43.88,S11,235.12,11.34,15.15,225.0,1023.5,13.2
JQ금악4,2026-01-23,43.87,S11,235.13,11.33,15.14,224.0,1023.21,13.24
JQ금악4,2026-01-24,43.87,S11,235.13,11.33,15.14,224.0,1021.96,13.25
JQ금악4,2026-01-25,43.83,S11,235.17,11.29,15.13,223.0,1025.0,13.2
JQ금악4,2026-01-26,43.84,S11,235.16,11.3,15.13,223.0,1021.79,13.2
JQ금악4,2026-01-27,43.82,S11,235.18,11.28,15.12,223.0,1021.0,13.18
JQ금악4,2026-01-28,43.78,S11,235.22,11.24,15.11,222.0,1023.46,13.24
JQ금악4,2026-01-29,43.75,S11,235.25,11.21,15.1,222.0,1025.83,13.24
JQ금악4,2026-01-30,43.74,S11,235.26,11.2,15.1,222.0,1025.63,13.23
JQ금악4,2026-01-31,43.74,S11,235.26,11.2,15.09,222.0,1023.33,13.23
JQ금악4,2026-02-01,43.72,S11,235.28,11.18,15.09,222.0,1023.29,13.24
JQ금악4,2026-02-02,43.69,S11,235.31,11.15,15.08,221.0,1023.88,13.17
JQ금악4,2026-02-03,43.66,S11,235.34,11.12,15.07,221.0,1025.92,13.26
JQ금악4,2026-02-04,43.69,S11,235.31,11.15,15.06,221.0,1019.63,13.27
JQ금악4,2026-02-05,43.68,S11,235.32,11.14,15.05,221.0,1015.38,13.27
JQ금악4,2026-02-06,43.63,S11,235.37,11.09,15.04,221.0,1017.5,13.21
JQ금악4,2026-02-07,43.59,S11,235.41,11.05,15.03,221.0,1019.92,13.16
JQ금악4,2026-02-08,43.54,S11,235.46,11.0,15.02,221.0,1024.17,13.22
JQ금악4,2026-02-09,43.54,S11,235.46,11.0,15.01,221.0,1024.88,13.28
JQ금악4,2026-02-10,43.58,S11,235.42,11.04,15.0,221.0,1017.92,13.14
JQ금악4,2026-02-11,43.53,S11,235.47,10.99,15.0,221.0,1018.63,13.24
JQ금악4,2026-02-12,43.51,S11,235.49,10.97,14.99,221.0,1019.88,13.28
JQ금악4,2026-02-13,43.51,S11,235.49,10.97,14.99,221.0,1017.29,13.28
JQ금악4,2026-02-14,43.52,S11,235.48,10.98,14.98,221.0,1013.46,13.22
JQ금악4,2026-02-15,43.46,S11,235.54,10.92,14.98,221.0,1015.92,13.28
JQ금악4,2026-02-16,43.43,S11,235.57,10.89,14.97,222.0,1018.5,13.25
JQ금악4,2026-02-17,43.41,S11,235.59,10.87,14.97,222.0,1019.21,13.29
JQ금악4,2026-02-18,43.39,S11,235.61,10.85,14.96,222.0,1020.33,13.28
JQ금악4,2026-02-19,43.38,S11,235.62,10.84,14.96,222.0,1021.08,13.27
JQ금악4,2026-02-20,43.4,S11,235.6,10.86,14.95,222.0,1016.83,13.3
JQ금악4,2026-02-21,43.41,S11,235.59,10.87,14.95,222.0,1012.04,13.31
JQ금악4,2026-02-22,43.38,S11,235.62,10.84,14.95,222.0,1010.21,13.3
JQ금악4,2026-02-23,43.28,S11,235.72,10.74,14.95,222.0,1019.67,13.31
JQ금악4,2026-02-24,43.34,S11,235.66,10.8,14.94,222.0,1014.04,13.18
JQ금악4,2026-02-25,43.29,S11,235.71,10.75,14.94,222.0,1015.92,13.31
JQ금악4,2026-02-26,43.3,S11,235.7,10.76,14.94,222.0,1013.88,13.3
JQ금악4,2026-02-27,43.3,S11,235.7,10.76,14.94,222.0,1010.13,13.28
JQ금악4,2026-02-28,43.23,S11,235.77,10.69,14.94,221.0,1016.08,13.32
JQ금악4,2026-03-01,43.24,S11,235.76,10.7,14.94,221.0,1015.75,13.25
JQ금악4,2026-03-02,43.29,S11,235.71,10.75,14.94,221.0,1007.46,13.25
JQ금악4,2026-03-03,43.18,S11,235.82,10.64,14.94,221.0,1015.75,13.19
JQ금악4,2026-03-04,43.15,S11,235.85,10.61,14.94,221.0,1020.33,13.32
JQ금악4,2026-03-05,43.17,S11,235.83,10.63,14.94,222.0,1019.0,13.29
JQ금악4,2026-03-06,43.16,S11,235.84,10.62,14.94,222.0,1018.75,13.29
JQ금악4,2026-03-07,43.11,S11,235.89,10.57,14.94,222.0,1023.38,13.29
JQ금악4,2026-03-08,43.12,S11,235.88,10.58,14.94,222.0,1023.54,13.32
JQ금악4,2026-03-09,43.1,S11,235.9,10.56,14.94,222.0,1023.92,13.32
JQ금악4,2026-03-10,43.1,S11,235.9,10.56,14.94,222.0,1023.42,13.3
JQ금악4,2026-03-11,43.1,S11,235.9,10.56,14.94,222.0,1021.33,13.3
JQ금악4,2026-03-12,43.08,S11,235.92,10.54,14.94,222.0,1021.5,13.33
JQ금악4,2026-03-13,43.04,S11,235.96,10.5,14.94,222.0,1024.21,13.32
JQ금악4,2026-03-14,43.03,S11,235.97,10.49,14.94,222.0,1025.25,13.32
JQ금악4,2026-03-15,43.04,S11,235.96,10.5,14.94,223.0,1022.63,13.32
JQ금악4,2026-03-16,43.05,S11,235.96,10.51,14.94,223.0,1019.88,13.34
JQ금악4,2026-03-17,43.03,S11,235.97,10.49,14.94,223.0,1017.67,13.32
JQ금악4,2026-03-18,43.05,S11,235.95,10.51,14.94,223.0,1011.54,13.1
JQ금악4,2026-03-19,42.99,S11,236.01,10.45,14.94,223.0,1014.79,13.33
JQ금악4,2026-03-20,42.95,S11,236.05,10.41,14.95,224.0,1017.75,13.32
JQ금악4,2026-03-21,42.93,S11,236.07,10.39,14.95,224.0,1020.13,13.33
JQ금악4,2026-03-22,42.95,S11,236.05,10.41,14.95,224.0,1016.17,13.34
JQ금악4,2026-03-23,42.92,S11,236.08,10.38,14.95,224.0,1015.92,13.33
JQ금악4,2026-03-24,42.92,S11,236.08,10.38,14.95,224.0,1013.58,13.31
JQ금악4,2026-03-25,42.91,S11,236.09,10.37,14.95,225.0,1010.88,13.29
JQ금악4,2026-03-26,42.88,S11,236.13,10.34,14.95,225.0,1013.13,13.35
JQ금악4,2026-03-27,42.86,S11,236.14,10.32,14.95,225.0,1013.08,13.35
JQ금악4,2026-03-28,42.85,S11,236.15,10.31,14.95,225.0,1013.54,13.36
JQ금악4,2026-03-29,42.83,S11,236.17,10.29,14.95,225.0,1013.33,13.37
JQ금악4,2026-03-30,42.87,S11,236.13,10.33,14.95,226.0,1007.63,13.35
JQ금악4,2026-03-31,42.83,S11,236.17,10.29,14.95,226.0,1006.67,13.29
JQ금악4,2026-04-01,42.79,S11,236.21,10.25,14.95,226.0,1010.67,13.33
JQ금악4,2026-04-02,42.74,S11,236.26,10.2,14.95,226.0,1014.67,13.35
JQ금악4,2026-04-03,42.77,S11,236.23,10.23,14.95,226.0,1011.25,13.37
JQ금악4,2026-04-04,42.83,S11,236.17,10.29,14.95,227.0,999.25,13.28
JQ금악4,2026-04-05,42.72,S11,236.28,10.18,14.95,226.0,1007.92,13.35
JQ금악4,2026-04-06,42.72,S11,236.28,10.18,14.95,226.0,1007.83,13.33
JQ금악4,2026-04-07,42.66,S11,236.34,10.12,14.96,226.0,1012.46,13.34
JQ금악4,2026-04-08,42.64,S11,236.37,10.1,14.96,226.0,1016.38,13.34
JQ금악4,2026-04-09,42.72,S11,236.28,10.18,14.96,227.0,1004.88,13.1
JQ금악4,2026-04-10,42.68,S11,236.32,10.14,14.96,227.0,1003.71,13.34
JQ금악4,2026-04-11,42.6,S11,236.4,10.06,14.96,227.0,1011.17,13.37
JQ금악4,2026-04-12,42.6,S11,236.4,10.06,14.96,227.0,1012.46,13.36
JQ금악4,2026-04-13,42.6,S11,236.4,10.06,14.96,227.0,1011.08,13.33
JQ금악4,2026-04-14,42.6,S11,236.4,10.06,14.96,227.0,1008.92,13.3
JQ금악4,2026-04-15,42.57,S11,236.43,10.03,14.96,227.0,1009.75,13.38
JQ금악4,2026-04-16,42.53,S11,236.47,9.99,14.96,227.0,1013.0,13.37
JQ금악4,2026-04-17,42.54,S11,236.46,10.0,14.96,227.0,1010.42,13.3
JQ금악4,2026-04-18,42.53,S11,236.47,9.99,14.96,227.0,1009.42,13.38
JQ금악4,2026-04-19,42.51,S11,236.49,9.97,14.96,227.0,1009.42,13.36
JQ금악4,2026-04-20,42.48,S11,236.52,9.94,14.97,228.0,1011.0,13.37
JQ금악4,2026-04-21,42.44,S11,236.56,9.9,14.97,228.0,1015.75,13.35
JQ금악4,2026-04-22,42.49,S11,236.51,9.95,14.97,229.0,1009.42,13.33
JQ금악4,2026-04-23,42.49,S11,236.51,9.95,14.97,229.0,1005.21,13.37
JQ금악4,2026-04-24,42.41,S11,236.59,9.87,14.97,229.0,1012.54,13.39
JQ금악4,2026-04-25,42.39,S11,236.61,9.85,14.97,230.0,1015.42,13.38
JQ금악4,2026-04-26,42.41,S11,236.59,9.87,14.97,231.0,1011.46,13.37
JQ금악4,2026-04-27,42.4,S11,236.6,9.86,14.97,231.0,1010.96,13.39
JQ금악4,2026-04-28,42.37,S11,236.63,9.83,14.97,231.0,1012.88,13.34
JQ금악4,2026-04-29,42.34,S11,236.66,9.8,14.97,232.0,1016.08,13.36
JQ금악4,2026-04-30,42.36,S11,236.64,9.82,14.97,232.0,1012.67,13.36
JQ금악4,2026-05-01,42.34,S11,236.66,9.8,14.97,232.0,1011.42,13.39
JQ금악4,2026-05-02,42.33,S11,236.67,9.79,14.97,232.0,1010.88,13.38
JQ금악4,2026-05-03,42.36,S11,236.64,9.82,14.97,232.0,1003.46,13.25
JQ금악4,2026-05-04,42.25,S11,236.75,9.71,14.97,232.0,1013.83,13.4
JQ금악4,2026-05-05,42.24,S11,236.76,9.7,14.97,232.0,1016.5,13.38
JQ금악4,2026-05-06,42.25,S11,236.75,9.71,14.97,232.0,1014.58,13.38
JQ금악4,2026-05-07,42.26,S11,236.74,9.72,14.97,232.0,1011.33,13.41
JQ금악4,2026-05-08,42.21,S11,236.79,9.67,14.97,232.0,1014.63,13.4
JQ금악4,2026-05-09,42.18,S11,236.82,9.64,14.98,232.0,1017.38,13.38
JQ금악4,2026-05-10,42.19,S11,236.81,9.65,14.97,232.0,1016.21,13.4
JQ금악4,2026-05-11,42.19,S11,236.81,9.65,14.97,232.0,1013.04,13.41
JQ금악4,2026-05-12,42.21,S11,236.79,9.67,14.97,232.0,1008.29,13.39
JQ금악4,2026-05-13,42.17,S11,236.83,9.63,14.97,231.0,1007.83,13.41
JQ금악4,2026-05-14,42.12,S11,236.88,9.58,14.97,231.0,1011.67,13.4
JQ금악4,2026-05-15,42.08,S11,236.92,9.54,14.98,231.0,1017.58,13.4
JQ금악4,2026-05-16,42.06,S11,236.94,9.52,14.98,231.0,1020.04,13.4
JQ금악4,2026-05-17,42.08,S11,236.92,9.54,14.98,231.0,1018.21,13.39
JQ금악4,2026-05-18,42.09,S11,236.91,9.55,14.97,231.0,1015.17,13.4
JQ금악4,2026-05-19,42.1,S11,236.9,9.56,14.97,231.0,1011.17,13.39
JQ금악4,2026-05-20,42.11,S11,236.89,9.57,14.97,231.0,1005.75,13.31
JQ금악4,2026-05-21,42.08,S11,236.93,9.54,14.97,231.0,1005.71,13.4
JQ금악4,2026-05-22,42.03,S11,236.97,9.49,14.97,230.0,1008.75,13.4
JQ금악4,2026-05-23,42.02,S11,236.98,9.48,14.97,230.0,1008.88,13.41
JQ금악4,2026-05-24,42.0,S11,237.0,9.46,14.98,230.0,1010.63,13.39
JQ금악4,2026-05-25,42.01,S11,236.99,9.47,14.97,230.0,1007.42,13.39
JQ금악4,2026-05-26,42.03,S11,236.97,9.49,14.97,230.0,1002.0,13.41
JQ금악4,2026-05-27,42.0,S11,237.0,9.46,14.97,230.0,1001.04,13.4
JQ금악4,2026-05-28,41.95,S11,237.05,9.41,14.97,229.0,1004.75,13.36
JQ금악4,2026-05-29,41.92,S11,237.08,9.38,14.98,229.0,1008.13,13.41
JQ금악4,2026-05-30,41.9,S11,237.1,9.36,14.98,229.0,1010.71,13.38
JQ금악4,2026-05-31,41.89,S11,237.11,9.35,14.98,229.0,1012.0,13.39
