관측소명,날짜,EL,센서,GL,Pressure,Temp,EC,Barometa,Battery
JQ신평11,2021-12-22,19.82,,,,,,,
JQ신평11,2021-12-23,19.8,,,,,,,
JQ신평11,2021-12-24,19.78,,,,,,,
JQ신평11,2021-12-25,19.75,,,,,,,
JQ신평11,2021-12-26,19.71,,,,,,,
JQ신평11,2021-12-27,19.68,,,,,,,
JQ신평11,2021-12-28,19.66,,,,,,,
JQ신평11,2021-12-29,19.63,,,,,,,
JQ신평11,2021-12-30,19.6,,,,,,,
JQ신평11,2021-12-31,19.57,,,,,,,
JQ신평11,2022-01-01,19.54,,,,,,,
JQ신평11,2022-01-02,19.5,,,,,,,
JQ신평11,2022-01-03,19.48,,,,,,,
JQ신평11,2022-01-04,19.44,,,,,,,
JQ신평11,2022-01-05,19.44,,,,,,,
JQ신평11,2022-01-06,19.47,,,,,,,
JQ신평11,2022-01-07,19.44,,,,,,,
JQ신평11,2022-01-08,19.42,,,,,,,
JQ신평11,2022-01-09,19.4,,,,,,,
JQ신평11,2022-01-10,19.37,,,,,,,
JQ신평11,2022-01-11,19.36,,,,,,,
JQ신평11,2022-01-12,19.33,,,,,,,
JQ신평11,2022-01-13,19.31,,,,,,,
JQ신평11,2022-01-14,19.27,,,,,,,
JQ신평11,2022-01-15,19.24,,,,,,,
JQ신평11,2022-01-16,19.21,,,,,,,
JQ신평11,2022-01-17,19.18,,,,,,,
JQ신평11,2022-01-18,19.14,,,,,,,
JQ신평11,2022-01-19,19.11,,,,,,,
JQ신평11,2022-01-20,19.08,,,,,,,
JQ신평11,2022-01-21,19.05,,,,,,,
JQ신평11,2022-01-22,19.02,,,,,,,
JQ신평11,2022-01-23,19.03,,,,,,,
JQ신평11,2022-01-24,19.02,,,,,,,
JQ신평11,2022-01-25,18.99,,,,,,,
JQ신평11,2022-01-26,18.96,,,,,,,
JQ신평11,2022-01-27,18.93,,,,,,,
JQ신평11,2022-01-28,18.89,,,,,,,
JQ신평11,2022-01-29,18.87,,,,,,,
JQ신평11,2022-01-30,18.84,,,,,,,
JQ신평11,2022-01-31,18.81,,,,,,,
JQ신평11,2022-02-01,18.78,,,,,,,
JQ신평11,2022-02-02,18.74,,,,,,,
JQ신평11,2022-02-03,18.71,,,,,,,
JQ신평11,2022-02-04,18.68,,,,,,,
JQ신평11,2022-02-05,18.64,,,,,,,
JQ신평11,2022-02-06,18.61,,,,,,,
JQ신평11,2022-02-07,18.57,,,,,,,
JQ신평11,2022-02-08,18.54,,,,,,,
JQ신평11,2022-02-09,18.51,,,,,,,
JQ신평11,2022-02-10,18.5,,,,,,,
JQ신평11,2022-02-11,18.47,,,,,,,
JQ신평11,2022-02-12,18.44,,,,,,,
JQ신평11,2022-02-13,18.42,,,,,,,
JQ신평11,2022-02-14,18.38,,,,,,,
JQ신평11,2022-02-15,18.34,,,,,,,
JQ신평11,2022-02-16,18.32,,,,,,,
JQ신평11,2022-02-17,18.28,,,,,,,
JQ신평11,2022-02-18,18.25,,,,,,,
JQ신평11,2022-02-19,18.23,,,,,,,
JQ신평11,2022-02-20,18.21,,,,,,,
JQ신평11,2022-02-21,18.17,,,,,,,
JQ신평11,2022-02-22,18.13,,,,,,,
JQ신평11,2022-02-23,18.09,,,,,,,
JQ신평11,2022-02-24,18.05,,,,,,,
JQ신평11,2022-02-25,18.01,,,,,,,
JQ신평11,2022-02-26,17.96,,,,,,,
JQ신평11,2022-02-27,17.92,,,,,,,
JQ신평11,2022-02-28,17.89,,,,,,,
JQ신평11,2022-03-01,17.88,,,,,,,
JQ신평11,2022-03-02,17.83,,,,,,,
JQ신평11,2022-03-03,17.79,,,,,,,
JQ신평11,2022-03-04,17.76,,,,,,,
JQ신평11,2022-03-05,17.74,,,,,,,
JQ신평11,2022-03-06,17.71,,,,,,,
JQ신평11,2022-03-07,17.67,,,,,,,
JQ신평11,2022-03-08,17.63,,,,,,,
JQ신평11,2022-03-09,17.59,,,,,,,
JQ신평11,2022-03-10,17.55,,,,,,,
JQ신평11,2022-03-11,17.52,,,,,,,
JQ신평11,2022-03-12,17.51,,,,,,,
JQ신평11,2022-03-13,17.52,,,,,,,
JQ신평11,2022-03-14,17.51,,,,,,,
JQ신평11,2022-03-15,17.49,,,,,,,
JQ신평11,2022-03-16,17.47,,,,,,,
JQ신평11,2022-03-17,17.46,,,,,,,
JQ신평11,2022-03-18,17.66,,,,,,,
JQ신평11,2022-03-19,17.68,,,,,,,
JQ신평11,2022-03-20,17.64,,,,,,,
JQ신평11,2022-03-21,17.6,,,,,,,
JQ신평11,2022-03-22,17.65,,,,,,,
JQ신평11,2022-03-23,17.64,,,,,,,
JQ신평11,2022-03-24,17.59,,,,,,,
JQ신평11,2022-03-25,17.56,,,,,,,
JQ신평11,2022-03-26,17.9,,,,,,,
JQ신평11,2022-03-27,17.96,,,,,,,
JQ신평11,2022-03-28,17.9,,,,,,,
JQ신평11,2022-03-29,17.84,,,,,,,
JQ신평11,2022-03-30,17.79,,,,,,,
JQ신평11,2022-03-31,17.73,,,,,,,
JQ신평11,2022-04-01,17.66,,,,,,,
JQ신평11,2022-04-02,17.6,,,,,,,
JQ신평11,2022-04-03,17.53,,,,,,,
JQ신평11,2022-04-04,17.47,,,,,,,
JQ신평11,2022-04-05,17.39,,,,,,,
JQ신평11,2022-04-06,17.29,,,,,,,
JQ신평11,2022-04-07,17.22,,,,,,,
JQ신평11,2022-04-08,17.17,,,,,,,
JQ신평11,2022-04-09,17.11,,,,,,,
JQ신평11,2022-04-10,17.09,,,,,,,
JQ신평11,2022-04-11,17.07,,,,,,,
JQ신평11,2022-04-12,17.05,,,,,,,
JQ신평11,2022-04-13,17.05,,,,,,,
JQ신평11,2022-04-14,17.13,,,,,,,
JQ신평11,2022-04-15,17.09,,,,,,,
JQ신평11,2022-04-16,17.04,,,,,,,
JQ신평11,2022-04-17,17.0,,,,,,,
JQ신평11,2022-04-18,16.96,,,,,,,
JQ신평11,2022-04-19,16.91,,,,,,,
JQ신평11,2022-04-20,16.86,,,,,,,
JQ신평11,2022-04-21,16.83,,,,,,,
JQ신평11,2022-04-22,16.81,,,,,,,
JQ신평11,2022-04-23,16.78,,,,,,,
JQ신평11,2022-04-24,16.76,,,,,,,
JQ신평11,2022-04-25,16.74,,,,,,,
JQ신평11,2022-04-26,17.03,,,,,,,
JQ신평11,2022-04-27,17.61,,,,,,,
JQ신평11,2022-04-28,17.59,,,,,,,
JQ신평11,2022-04-29,17.63,,,,,,,
JQ신평11,2022-04-30,17.61,,,,,,,
JQ신평11,2022-05-01,17.56,,,,,,,
JQ신평11,2022-05-02,17.5,,,,,,,
JQ신평11,2022-05-03,17.42,,,,,,,
JQ신평11,2022-05-04,17.34,,,,,,,
JQ신평11,2022-05-05,17.26,,,,,,,
JQ신평11,2022-05-06,17.18,,,,,,,
JQ신평11,2022-05-07,17.09,,,,,,,
JQ신평11,2022-05-08,17.01,,,,,,,
JQ신평11,2022-05-09,16.94,,,,,,,
JQ신평11,2022-05-10,16.87,,,,,,,
JQ신평11,2022-05-11,16.83,,,,,,,
JQ신평11,2022-05-12,16.79,,,,,,,
JQ신평11,2022-05-13,16.78,,,,,,,
JQ신평11,2022-05-14,16.75,,,,,,,
JQ신평11,2022-05-15,16.69,,,,,,,
JQ신평11,2022-05-16,16.65,,,,,,,
JQ신평11,2022-05-17,16.59,,,,,,,
JQ신평11,2022-05-18,16.55,,,,,,,
JQ신평11,2022-05-19,16.51,,,,,,,
JQ신평11,2022-05-20,16.48,,,,,,,
JQ신평11,2022-05-21,16.44,,,,,,,
JQ신평11,2022-05-22,16.4,,,,,,,
JQ신평11,2022-05-23,16.37,,,,,,,
JQ신평11,2022-05-24,16.32,,,,,,,
JQ신평11,2022-05-25,16.28,,,,,,,
JQ신평11,2022-05-26,16.26,,,,,,,
JQ신평11,2022-05-27,16.23,,,,,,,
JQ신평11,2022-05-28,16.19,,,,,,,
JQ신평11,2022-05-29,16.17,,,,,,,
JQ신평11,2022-05-30,16.16,,,,,,,
JQ신평11,2022-05-31,16.1,,,,,,,
JQ신평11,2022-06-01,16.07,,,,,,,
JQ신평11,2022-06-02,16.03,,,,,,,
JQ신평11,2022-06-03,15.99,,,,,,,
JQ신평11,2022-06-04,15.96,,,,,,,
JQ신평11,2022-06-05,16.33,,,,,,,
JQ신평11,2022-06-06,16.57,,,,,,,
JQ신평11,2022-06-07,16.54,,,,,,,
JQ신평11,2022-06-08,16.48,,,,,,,
JQ신평11,2022-06-09,16.42,,,,,,,
JQ신평11,2022-06-10,16.36,,,,,,,
JQ신평11,2022-06-11,16.32,,,,,,,
JQ신평11,2022-06-12,16.27,,,,,,,
JQ신평11,2022-06-13,16.25,,,,,,,
JQ신평11,2022-06-14,16.23,,,,,,,
JQ신평11,2022-06-15,16.18,,,,,,,
JQ신평11,2022-06-16,16.14,,,,,,,
JQ신평11,2022-06-17,16.09,,,,,,,
JQ신평11,2022-06-18,16.04,,,,,,,
JQ신평11,2022-06-19,15.99,,,,,,,
JQ신평11,2022-06-20,15.96,,,,,,,
JQ신평11,2022-06-21,15.93,,,,,,,
JQ신평11,2022-06-22,15.88,,,,,,,
JQ신평11,2022-06-23,15.85,,,,,,,
JQ신평11,2022-06-24,16.43,,,,,,,
JQ신평11,2022-06-25,17.1,,,,,,,
JQ신평11,2022-06-26,17.13,,,,,,,
JQ신평11,2022-06-27,17.09,,,,,,,
JQ신평11,2022-06-28,17.05,,,,,,,
JQ신평11,2022-06-29,16.99,,,,,,,
JQ신평11,2022-06-30,16.92,,,,,,,
JQ신평11,2022-07-01,16.84,,,,,,,
JQ신평11,2022-07-02,16.76,,,,,,,
JQ신평11,2022-07-03,16.69,,,,,,,
JQ신평11,2022-07-04,16.63,,,,,,,
JQ신평11,2022-07-05,16.57,,,,,,,
JQ신평11,2022-07-06,16.49,,,,,,,
JQ신평11,2022-07-07,16.42,,,,,,,
JQ신평11,2022-07-08,16.36,,,,,,,
JQ신평11,2022-07-09,16.3,,,,,,,
JQ신평11,2022-07-10,16.23,,,,,,,
JQ신평11,2022-07-11,16.6,,,,,,,
JQ신평11,2022-07-12,17.07,,,,,,,
JQ신평11,2022-07-13,17.06,,,,,,,
JQ신평11,2022-07-14,17.02,,,,,,,
JQ신평11,2022-07-15,17.15,,,,,,,
JQ신평11,2022-07-16,17.49,,,,,,,
JQ신평11,2022-07-17,17.46,,,,,,,
JQ신평11,2022-07-18,17.4,,,,,,,
JQ신평11,2022-07-19,17.33,,,,,,,
JQ신평11,2022-07-20,17.22,,,,,,,
JQ신평11,2022-07-21,17.13,,,,,,,
JQ신평11,2022-07-22,17.02,,,,,,,
JQ신평11,2022-07-23,16.93,,,,,,,
JQ신평11,2022-07-24,16.96,,,,,,,
JQ신평11,2022-07-25,16.9,,,,,,,
JQ신평11,2022-07-26,16.82,,,,,,,
JQ신평11,2022-07-27,16.72,,,,,,,
JQ신평11,2022-07-28,16.64,,,,,,,
JQ신평11,2022-07-29,16.54,,,,,,,
JQ신평11,2022-07-30,16.59,,,,,,,
JQ신평11,2022-07-31,17.55,,,,,,,
JQ신평11,2022-08-01,18.22,,,,,,,
JQ신평11,2022-08-02,18.49,,,,,,,
JQ신평11,2022-08-03,18.47,,,,,,,
JQ신평11,2022-08-04,18.39,,,,,,,
JQ신평11,2022-08-05,18.3,,,,,,,
JQ신평11,2022-08-06,18.2,,,,,,,
JQ신평11,2022-08-07,18.11,,,,,,,
JQ신평11,2022-08-08,18.01,,,,,,,
JQ신평11,2022-08-09,17.89,,,,,,,
JQ신평11,2022-08-10,17.78,,,,,,,
JQ신평11,2022-08-11,17.67,,,,,,,
JQ신평11,2022-08-12,17.58,,,,,,,
JQ신평11,2022-08-13,17.49,,,,,,,
JQ신평11,2022-08-14,17.4,,,,,,,
JQ신평11,2022-08-15,17.3,,,,,,,
JQ신평11,2022-08-16,17.22,,,,,,,
JQ신평11,2022-08-17,17.5,,,,,,,
JQ신평11,2022-08-18,18.02,,,,,,,
JQ신평11,2022-08-19,18.0,,,,,,,
JQ신평11,2022-08-20,17.92,,,,,,,
JQ신평11,2022-08-21,17.85,,,,,,,
JQ신평11,2022-08-22,17.77,,,,,,,
JQ신평11,2022-08-23,17.68,,,,,,,
JQ신평11,2022-08-24,17.61,,,,,,,
JQ신평11,2022-08-25,17.53,,,,,,,
JQ신평11,2022-08-26,17.44,,,,,,,
JQ신평11,2022-08-27,17.37,,,,,,,
JQ신평11,2022-08-28,17.31,,,,,,,
JQ신평11,2022-08-29,17.22,,,,,,,
JQ신평11,2022-08-30,17.12,,,,,,,
JQ신평11,2022-08-31,17.1,,,,,,,
JQ신평11,2022-09-01,17.21,,,,,,,
JQ신평11,2022-09-02,17.26,,,,,,,
JQ신평11,2022-09-03,17.35,,,,,,,
JQ신평11,2022-09-04,17.71,,,,,,,
JQ신평11,2022-09-05,19.21,,,,,,,
JQ신평11,2022-09-06,20.67,,,,,,,
JQ신평11,2022-09-07,20.99,,,,,,,
JQ신평11,2022-09-08,20.93,,,,,,,
JQ신평11,2022-09-09,20.8,,,,,,,
JQ신평11,2022-09-10,20.66,,,,,,,
JQ신평11,2022-09-11,20.49,,,,,,,
JQ신평11,2022-09-12,20.35,,,,,,,
JQ신평11,2022-09-13,20.28,,,,,,,
JQ신평11,2022-09-14,20.31,,,,,,,
JQ신평11,2022-09-15,20.22,,,,,,,
JQ신평11,2022-09-16,20.09,,,,,,,
JQ신평11,2022-09-17,19.96,,,,,,,
JQ신평11,2022-09-18,19.79,,,,,,,
JQ신평11,2022-09-19,19.7,,,,,,,
JQ신평11,2022-09-20,19.66,,,,,,,
JQ신평11,2022-09-21,19.56,,,,,,,
JQ신평11,2022-09-22,19.4,,,,,,,
JQ신평11,2022-09-23,19.28,,,,,,,
JQ신평11,2022-09-24,19.18,,,,,,,
JQ신평11,2022-09-25,19.04,,,,,,,
JQ신평11,2022-09-26,18.92,,,,,,,
JQ신평11,2022-09-27,18.81,,,,,,,
JQ신평11,2022-09-28,18.7,,,,,,,
JQ신평11,2022-09-29,18.64,,,,,,,
JQ신평11,2022-09-30,18.56,,,,,,,
JQ신평11,2022-10-01,18.49,,,,,,,
JQ신평11,2022-10-02,18.41,,,,,,,
JQ신평11,2022-10-03,18.32,,,,,,,
JQ신평11,2022-10-04,18.27,,,,,,,
JQ신평11,2022-10-05,18.26,,,,,,,
JQ신평11,2022-10-06,18.22,,,,,,,
JQ신평11,2022-10-07,18.19,,,,,,,
JQ신평11,2022-10-08,18.14,,,,,,,
JQ신평11,2022-10-09,18.11,,,,,,,
JQ신평11,2022-10-10,18.13,,,,,,,
JQ신평11,2022-10-11,18.1,,,,,,,
JQ신평11,2022-10-12,18.04,,,,,,,
JQ신평11,2022-10-13,17.94,,,,,,,
JQ신평11,2022-10-14,17.86,,,,,,,
JQ신평11,2022-10-15,17.81,,,,,,,
JQ신평11,2022-10-16,17.78,,,,,,,
JQ신평11,2022-10-17,17.77,,,,,,,
JQ신평11,2022-10-18,17.76,,,,,,,
JQ신평11,2022-10-19,17.72,,,,,,,
JQ신평11,2022-10-20,17.66,,,,,,,
JQ신평11,2022-10-21,17.57,,,,,,,
JQ신평11,2022-10-22,17.5,,,,,,,
JQ신평11,2022-10-23,17.48,,,,,,,
JQ신평11,2022-10-24,17.47,,,,,,,
JQ신평11,2022-10-25,17.47,,,,,,,
JQ신평11,2022-10-26,17.42,,,,,,,
JQ신평11,2022-10-27,17.37,,,,,,,
JQ신평11,2022-10-28,17.35,,,,,,,
JQ신평11,2022-10-29,17.31,,,,,,,
JQ신평11,2022-10-30,17.28,,,,,,,
JQ신평11,2022-10-31,17.25,,,,,,,
JQ신평11,2022-11-01,17.23,,,,,,,
JQ신평11,2022-11-02,17.17,,,,,,,
JQ신평11,2022-11-03,17.13,,,,,,,
JQ신평11,2022-11-04,17.15,,,,,,,
JQ신평11,2022-11-05,17.15,,,,,,,
JQ신평11,2022-11-06,17.1,,,,,,,
JQ신평11,2022-11-07,17.04,,,,,,,
JQ신평11,2022-11-08,17.02,,,,,,,
JQ신평11,2022-11-09,17.02,,,,,,,
JQ신평11,2022-11-10,17.02,,,,,,,
JQ신평11,2022-11-11,17.04,,,,,,,
JQ신평11,2022-11-12,17.01,,,,,,,
JQ신평11,2022-11-13,17.03,,,,,,,
JQ신평11,2022-11-14,17.04,,,,,,,
JQ신평11,2022-11-15,17.02,,,,,,,
JQ신평11,2022-11-16,17.01,,,,,,,
JQ신평11,2022-11-17,17.0,,,,,,,
JQ신평11,2022-11-18,16.98,,,,,,,
JQ신평11,2022-11-19,16.92,,,,,,,
JQ신평11,2022-11-20,16.92,,,,,,,
JQ신평11,2022-11-21,16.94,,,,,,,
JQ신평11,2022-11-22,16.7,,,,,,,
JQ신평11,2022-11-23,16.48,,,,,,,
JQ신평11,2022-11-24,16.5,,,,,,,
JQ신평11,2022-11-25,16.48,,,,,,,
JQ신평11,2022-11-26,16.44,,,,,,,
JQ신평11,2022-11-27,16.45,,,,,,,
JQ신평11,2022-11-28,16.38,,,,,,,
JQ신평11,2022-11-29,16.59,,,,,,,
JQ신평11,2022-11-30,16.76,,,,,,,
JQ신평11,2022-12-01,16.75,,,,,,,
JQ신평11,2022-12-02,16.7,,,,,,,
JQ신평11,2022-12-03,16.62,,,,,,,
JQ신평11,2022-12-04,16.62,,,,,,,
JQ신평11,2022-12-05,16.59,,,,,,,
JQ신평11,2022-12-06,16.54,,,,,,,
JQ신평11,2022-12-07,16.49,,,,,,,
JQ신평11,2022-12-08,16.46,,,,,,,
JQ신평11,2022-12-09,16.4,,,,,,,
JQ신평11,2022-12-10,16.34,,,,,,,
JQ신평11,2022-12-11,16.34,,,,,,,
JQ신평11,2022-12-12,16.3,,,,,,,
JQ신평11,2022-12-13,16.27,,,,,,,
JQ신평11,2022-12-14,16.3,,,,,,,
JQ신평11,2022-12-15,16.25,,,,,,,
JQ신평11,2022-12-16,16.24,,,,,,,
JQ신평11,2022-12-17,16.23,,,,,,,
JQ신평11,2022-12-18,16.2,,,,,,,
JQ신평11,2022-12-19,16.2,,,,,,,
JQ신평11,2022-12-20,16.16,,,,,,,
JQ신평11,2022-12-21,16.07,,,,,,,
JQ신평11,2022-12-22,16.08,,,,,,,
JQ신평11,2022-12-23,16.12,,,,,,,
JQ신평11,2022-12-24,16.16,,,,,,,
JQ신평11,2022-12-25,16.21,,,,,,,
JQ신평11,2022-12-26,16.2,,,,,,,
JQ신평11,2022-12-27,16.19,,,,,,,
JQ신평11,2022-12-28,16.17,,,,,,,
JQ신평11,2022-12-29,16.15,,,,,,,
JQ신평11,2022-12-30,16.12,,,,,,,
JQ신평11,2022-12-31,16.06,,,,,,,
JQ신평11,2023-01-01,16.01,,,,,,,
JQ신평11,2023-01-02,15.99,,,,,,,
JQ신평11,2023-01-03,15.94,,,,,,,
JQ신평11,2023-01-04,15.9,,,,,,,
JQ신평11,2023-01-05,15.87,,,,,,,
JQ신평11,2023-01-06,15.77,,,,,,,
JQ신평11,2023-01-07,15.72,,,,,,,
JQ신평11,2023-01-08,15.71,,,,,,,
JQ신평11,2023-01-09,15.66,,,,,,,
JQ신평11,2023-01-10,15.66,,,,,,,
JQ신평11,2023-01-11,15.63,,,,,,,
JQ신평11,2023-01-12,15.59,,,,,,,
JQ신평11,2023-01-13,15.67,,,,,,,
JQ신평11,2023-01-14,15.92,,,,,,,
JQ신평11,2023-01-15,15.99,,,,,,,
JQ신평11,2023-01-16,16.01,,,,,,,
JQ신평11,2023-01-17,15.98,,,,,,,
JQ신평11,2023-01-18,15.93,,,,,,,
JQ신평11,2023-01-19,15.87,,,,,,,
JQ신평11,2023-01-20,15.85,,,,,,,
JQ신평11,2023-01-21,15.82,,,,,,,
JQ신평11,2023-01-22,15.72,,,,,,,
JQ신평11,2023-01-23,15.67,,,,,,,
JQ신평11,2023-01-24,15.71,,,,,,,
JQ신평11,2023-01-25,15.7,,,,,,,
JQ신평11,2023-01-26,15.59,,,,,,,
JQ신평11,2023-01-27,15.56,,,,,,,
JQ신평11,2023-01-28,15.55,,,,,,,
JQ신평11,2023-01-29,15.49,,,,,,,
JQ신평11,2023-01-30,15.47,,,,,,,
JQ신평11,2023-01-31,15.39,,,,,,,
JQ신평11,2023-02-01,15.34,,,,,,,
JQ신평11,2023-02-02,15.38,,,,,,,
JQ신평11,2023-02-03,15.33,,,,,,,
JQ신평11,2023-02-04,15.32,,,,,,,
JQ신평11,2023-02-05,15.28,,,,,,,
JQ신평11,2023-02-06,15.22,,,,,,,
JQ신평11,2023-02-07,15.19,,,,,,,
JQ신평11,2023-02-08,15.22,,,,,,,
JQ신평11,2023-02-09,15.17,,,,,,,
JQ신평11,2023-02-10,15.2,,,,,,,
JQ신평11,2023-02-11,15.23,,,,,,,
JQ신평11,2023-02-12,15.21,,,,,,,
JQ신평11,2023-02-13,15.44,,,,,,,
JQ신평11,2023-02-14,15.51,,,,,,,
JQ신평11,2023-02-15,15.52,,,,,,,
JQ신평11,2023-02-16,15.49,,,,,,,
JQ신평11,2023-02-17,15.42,,,,,,,
JQ신평11,2023-02-18,15.32,,,,,,,
JQ신평11,2023-02-19,15.31,,,,,,,
JQ신평11,2023-02-20,15.33,,,,,,,
JQ신평11,2023-02-21,15.35,,,,,,,
JQ신평11,2023-02-22,15.26,,,,,,,
JQ신평11,2023-02-23,15.17,,,,,,,
JQ신평11,2023-02-24,15.14,,,,,,,
JQ신평11,2023-02-25,15.18,,,,,,,
JQ신평11,2023-02-26,15.19,,,,,,,
JQ신평11,2023-02-27,15.12,,,,,,,
JQ신평11,2023-02-28,15.02,,,,,,,
JQ신평11,2023-03-01,14.97,,,,,,,
JQ신평11,2023-03-02,15.01,,,,,,,
JQ신평11,2023-03-03,14.97,,,,,,,
JQ신평11,2023-03-04,14.91,,,,,,,
JQ신평11,2023-03-05,14.87,,,,,,,
JQ신평11,2023-03-06,14.83,,,,,,,
JQ신평11,2023-03-07,14.77,,,,,,,
JQ신평11,2023-03-08,14.71,,,,,,,
JQ신평11,2023-03-09,14.64,,,,,,,
JQ신평11,2023-03-10,14.66,,,,,,,
JQ신평11,2023-03-11,14.64,,,,,,,
JQ신평11,2023-03-12,14.65,,,,,,,
JQ신평11,2023-03-13,14.69,,,,,,,
JQ신평11,2023-03-14,14.59,,,,,,,
JQ신평11,2023-03-15,14.53,,,,,,,
JQ신평11,2023-03-16,14.52,,,,,,,
JQ신평11,2023-03-17,14.48,,,,,,,
JQ신평11,2023-03-18,14.49,,,,,,,
JQ신평11,2023-03-19,14.46,,,,,,,
JQ신평11,2023-03-20,14.4,,,,,,,
JQ신평11,2023-03-21,14.34,,,,,,,
JQ신평11,2023-03-22,14.33,,,,,,,
JQ신평11,2023-03-23,14.41,,,,,,,
JQ신평11,2023-03-24,14.55,,,,,,,
JQ신평11,2023-03-25,14.64,,,,,,,
JQ신평11,2023-03-26,14.64,,,,,,,
JQ신평11,2023-03-27,14.63,,,,,,,
JQ신평11,2023-03-28,14.59,,,,,,,
JQ신평11,2023-03-29,14.51,,,,,,,
JQ신평11,2023-03-30,14.43,,,,,,,
JQ신평11,2023-03-31,14.37,,,,,,,
JQ신평11,2023-04-01,14.3,,,,,,,
JQ신평11,2023-04-02,14.28,,,,,,,
JQ신평11,2023-04-03,14.29,,,,,,,
JQ신평11,2023-04-04,14.24,,,,,,,
JQ신평11,2023-04-05,15.13,,,,,,,
JQ신평11,2023-04-06,15.94,,,,,,,
JQ신평11,2023-04-07,16.0,,,,,,,
JQ신평11,2023-04-08,16.01,,,,,,,
JQ신평11,2023-04-09,15.95,,,,,,,
JQ신평11,2023-04-10,15.85,,,,,,,
JQ신평11,2023-04-11,15.77,,,,,,,
JQ신평11,2023-04-12,15.75,,,,,,,
JQ신평11,2023-04-13,15.69,,,,,,,
JQ신평11,2023-04-14,15.62,,,,,,,
JQ신평11,2023-04-15,15.62,,,,,,,
JQ신평11,2023-04-16,15.61,,,,,,,
JQ신평11,2023-04-17,15.62,,,,,,,
JQ신평11,2023-04-18,15.52,,,,,,,
JQ신평11,2023-04-19,15.42,,,,,,,
JQ신평11,2023-04-20,15.37,,,,,,,
JQ신평11,2023-04-21,15.33,,,,,,,
JQ신평11,2023-04-22,15.32,,,,,,,
JQ신평11,2023-04-23,15.3,,,,,,,
JQ신평11,2023-04-24,15.27,,,,,,,
JQ신평11,2023-04-25,15.18,,,,,,,
JQ신평11,2023-04-26,15.13,,,,,,,
JQ신평11,2023-04-27,15.1,,,,,,,
JQ신평11,2023-04-28,15.01,,,,,,,
JQ신평11,2023-04-29,14.95,,,,,,,
JQ신평11,2023-04-30,14.95,,,,,,,
JQ신평11,2023-05-01,14.93,,,,,,,
JQ신평11,2023-05-02,14.92,,,,,,,
JQ신평11,2023-05-03,14.89,,,,,,,
JQ신평11,2023-05-04,16.31,,,,,,,
JQ신평11,2023-05-05,18.39,,,,,,,
JQ신평11,2023-05-06,19.12,,,,,,,
JQ신평11,2023-05-07,19.28,,,,,,,
JQ신평11,2023-05-08,19.37,,,,,,,
JQ신평11,2023-05-09,19.3,,,,,,,
JQ신평11,2023-05-10,19.17,,,,,,,
JQ신평11,2023-05-11,19.06,,,,,,,
JQ신평11,2023-05-12,18.94,,,,,,,
JQ신평11,2023-05-13,18.8,,,,,,,
JQ신평11,2023-05-14,18.66,,,,,,,
JQ신평11,2023-05-15,18.56,,,,,,,
JQ신평11,2023-05-16,18.47,,,,,,,
JQ신평11,2023-05-17,18.37,,,,,,,
JQ신평11,2023-05-18,18.47,,,,,,,
JQ신평11,2023-05-19,18.62,,,,,,,
JQ신평11,2023-05-20,18.59,,,,,,,
JQ신평11,2023-05-21,18.51,,,,,,,
JQ신평11,2023-05-22,18.4,,,,,,,
JQ신평11,2023-05-23,18.33,,,,,,,
JQ신평11,2023-05-24,18.26,,,,,,,
JQ신평11,2023-05-25,18.17,,,,,,,
JQ신평11,2023-05-26,18.08,,,,,,,
JQ신평11,2023-05-27,17.99,,,,,,,
JQ신평11,2023-05-28,17.9,,,,,,,
JQ신평11,2023-05-29,17.82,,,,,,,
JQ신평11,2023-05-30,17.89,,,,,,,
JQ신평11,2023-05-31,18.21,,,,,,,
JQ신평11,2023-06-01,18.36,,,,,,,
JQ신평11,2023-06-02,18.91,,,,,,,
JQ신평11,2023-06-03,19.05,,,,,,,
JQ신평11,2023-06-04,19.03,,,,,,,
JQ신평11,2023-06-05,18.97,,,,,,,
JQ신평11,2023-06-06,19.55,,,,,,,
JQ신평11,2023-06-07,19.79,,,,,,,
JQ신평11,2023-06-08,19.71,,,,,,,
JQ신평11,2023-06-09,19.64,,,,,,,
JQ신평11,2023-06-10,19.55,,,,,,,
JQ신평11,2023-06-11,19.47,,,,,,,
JQ신평11,2023-06-12,19.39,,,,,,,
JQ신평11,2023-06-13,19.31,,,,,,,
JQ신평11,2023-06-14,19.23,,,,,,,
JQ신평11,2023-06-15,19.16,,,,,,,
JQ신평11,2023-06-16,19.11,,,,,,,
JQ신평11,2023-06-17,19.02,,,,,,,
JQ신평11,2023-06-18,18.92,,,,,,,
JQ신평11,2023-06-19,18.84,,,,,,,
JQ신평11,2023-06-20,18.78,,,,,,,
JQ신평11,2023-06-21,18.76,,,,,,,
JQ신평11,2023-06-22,18.73,,,,,,,
JQ신평11,2023-06-23,18.78,,,,,,,
JQ신평11,2023-06-24,18.88,,,,,,,
JQ신평11,2023-06-25,19.05,,,,,,,
JQ신평11,2023-06-26,19.44,,,,,,,
JQ신평11,2023-06-27,19.48,,,,,,,
JQ신평11,2023-06-28,19.48,,,,,,,
JQ신평11,2023-06-29,19.42,,,,,,,
JQ신평11,2023-06-30,19.85,,,,,,,
JQ신평11,2023-07-01,20.73,,,,,,,
JQ신평11,2023-07-02,20.87,,,,,,,
JQ신평11,2023-07-03,20.91,,,,,,,
JQ신평11,2023-07-04,20.93,,,,,,,
JQ신평11,2023-07-05,21.06,,,,,,,
JQ신평11,2023-07-06,21.19,,,,,,,
JQ신평11,2023-07-07,21.16,,,,,,,
JQ신평11,2023-07-08,21.65,,,,,,,
JQ신평11,2023-07-09,22.16,,,,,,,
JQ신평11,2023-07-10,22.18,,,,,,,
JQ신평11,2023-07-11,22.12,,,,,,,
JQ신평11,2023-07-12,22.02,,,,,,,
JQ신평11,2023-07-13,21.93,,,,,,,
JQ신평11,2023-07-14,21.83,,,,,,,
JQ신평11,2023-07-15,21.75,,,,,,,
JQ신평11,2023-07-16,21.67,,,,,,,
JQ신평11,2023-07-17,21.61,,,,,,,
JQ신평11,2023-07-18,21.63,,,,,,,
JQ신평11,2023-07-19,21.73,,,,,,,
JQ신평11,2023-07-20,21.71,,,,,,,
JQ신평11,2023-07-21,21.68,,,,,,,
JQ신평11,2023-07-22,21.74,,,,,,,
JQ신평11,2023-07-23,21.76,,,,,,,
JQ신평11,2023-07-24,21.76,,,,,,,
JQ신평11,2023-07-25,21.76,,,,,,,
JQ신평11,2023-07-26,21.72,,,,,,,
JQ신평11,2023-07-27,21.71,,,,,,,
JQ신평11,2023-07-28,21.77,,,,,,,
JQ신평11,2023-07-29,22.03,,,,,,,
JQ신평11,2023-07-30,22.03,,,,,,,
JQ신평11,2023-07-31,21.99,,,,,,,
JQ신평11,2023-08-01,21.93,,,,,,,
JQ신평11,2023-08-02,21.87,,,,,,,
JQ신평11,2023-08-03,21.82,,,,,,,
JQ신평11,2023-08-04,21.78,,,,,,,
JQ신평11,2023-08-05,21.7,,,,,,,
JQ신평11,2023-08-06,21.66,,,,,,,
JQ신평11,2023-08-07,21.64,,,,,,,
JQ신평11,2023-08-08,21.62,,,,,,,
JQ신평11,2023-08-09,21.6,,,,,,,
JQ신평11,2023-08-10,21.61,,,,,,,
JQ신평11,2023-08-11,21.61,,,,,,,
JQ신평11,2023-08-12,21.59,,,,,,,
JQ신평11,2023-08-13,21.54,,,,,,,
JQ신평11,2023-08-14,21.52,,,,,,,
JQ신평11,2023-08-15,21.51,,,,,,,
JQ신평11,2023-08-16,21.47,,,,,,,
JQ신평11,2023-08-17,21.45,,,,,,,
JQ신평11,2023-08-18,21.49,,,,,,,
JQ신평11,2023-08-19,21.64,,,,,,,
JQ신평11,2023-08-20,21.67,,,,,,,
JQ신평11,2023-08-21,21.65,,,,,,,
JQ신평11,2023-08-22,21.66,,,,,,,
JQ신평11,2023-08-23,21.94,,,,,,,
JQ신평11,2023-08-24,23.74,,,,,,,
JQ신평11,2023-08-25,23.92,,,,,,,
JQ신평11,2023-08-26,23.93,,,,,,,
JQ신평11,2023-08-27,23.88,,,,,,,
JQ신평11,2023-08-28,23.83,,,,,,,
JQ신평11,2023-08-29,23.84,,,,,,,
JQ신평11,2023-08-30,24.48,,,,,,,
JQ신평11,2023-08-31,25.25,,,,,,,
JQ신평11,2023-09-01,25.35,,,,,,,
JQ신평11,2023-09-02,25.85,,,,,,,
JQ신평11,2023-09-03,26.23,,,,,,,
JQ신평11,2023-09-04,26.31,,,,,,,
JQ신평11,2023-09-05,26.29,,,,,,,
JQ신평11,2023-09-06,26.24,,,,,,,
JQ신평11,2023-09-07,26.19,,,,,,,
JQ신평11,2023-09-08,26.12,,,,,,,
JQ신평11,2023-09-09,26.04,,,,,,,
JQ신평11,2023-09-10,25.95,,,,,,,
JQ신평11,2023-09-11,25.87,,,,,,,
JQ신평11,2023-09-12,25.8,,,,,,,
JQ신평11,2023-09-13,25.72,,,,,,,
JQ신평11,2023-09-14,25.7,,,,,,,
JQ신평11,2023-09-15,25.64,,,,,,,
JQ신평11,2023-09-16,25.66,,,,,,,
JQ신평11,2023-09-17,25.8,,,,,,,
JQ신평11,2023-09-18,26.12,,,,,,,
JQ신평11,2023-09-19,26.1,,,,,,,
JQ신평11,2023-09-20,25.99,,,,,,,
JQ신평11,2023-09-21,25.93,,,,,,,
JQ신평11,2023-09-22,25.85,,,,,,,
JQ신평11,2023-09-23,25.77,,,,,,,
JQ신평11,2023-09-24,25.67,,,,,,,
JQ신평11,2023-09-25,25.59,,,,,,,
JQ신평11,2023-09-26,25.5,,,,,,,
JQ신평11,2023-09-27,25.42,,,,,,,
JQ신평11,2023-09-28,25.37,,,,,,,
JQ신평11,2023-09-29,25.32,,,,,,,
JQ신평11,2023-09-30,25.28,,,,,,,
JQ신평11,2023-10-01,25.27,,,,,,,
JQ신평11,2023-10-02,25.22,,,,,,,
JQ신평11,2023-10-03,25.16,,,,,,,
JQ신평11,2023-10-04,25.11,,,,,,,
JQ신평11,2023-10-05,25.09,,,,,,,
JQ신평11,2023-10-06,25.05,,,,,,,
JQ신평11,2023-10-07,25.03,,,,,,,
JQ신평11,2023-10-08,24.99,,,,,,,
JQ신평11,2023-10-09,24.95,,,,,,,
JQ신평11,2023-10-10,24.92,,,,,,,
JQ신평11,2023-10-11,24.89,,,,,,,
JQ신평11,2023-10-12,24.87,,,,,,,
JQ신평11,2023-10-13,24.8,,,,,,,
JQ신평11,2023-10-14,24.75,,,,,,,
JQ신평11,2023-10-15,24.75,,,,,,,
JQ신평11,2023-10-16,24.75,,,,,,,
JQ신평11,2023-10-17,24.74,,,,,,,
JQ신평11,2023-10-18,24.7,,,,,,,
JQ신평11,2023-10-19,24.65,,,,,,,
JQ신평11,2023-10-20,24.66,,,,,,,
JQ신평11,2023-10-21,24.68,,,,,,,
JQ신평11,2023-10-22,24.65,,,,,,,
JQ신평11,2023-10-23,24.61,,,,,,,
JQ신평11,2023-10-24,24.56,,,,,,,
JQ신평11,2023-10-25,24.52,,,,,,,
JQ신평11,2023-10-26,24.49,,,,,,,
JQ신평11,2023-10-27,24.47,,,,,,,
JQ신평11,2023-10-28,24.46,,,,,,,
JQ신평11,2023-10-29,24.44,,,,,,,
JQ신평11,2023-10-30,24.28,,,,,,,
JQ신평11,2023-10-31,24.07,,,,,,,
JQ신평11,2023-11-01,24.03,,,,,,,
JQ신평11,2023-11-02,24.0,,,,,,,
JQ신평11,2023-11-03,23.96,,,,,,,
JQ신평11,2023-11-04,23.96,,,,,,,
JQ신평11,2023-11-05,23.94,,,,,,,
JQ신평11,2023-11-06,23.96,,,,,,,
JQ신평11,2023-11-07,24.03,,,,,,,
JQ신평11,2023-11-08,24.0,,,,,,,
JQ신평11,2023-11-09,23.95,,,,,,,
JQ신평11,2023-11-10,23.97,,,,,,,
JQ신평11,2023-11-11,23.98,,,,,,,
JQ신평11,2023-11-12,23.94,,,,,,,
JQ신평11,2023-11-13,23.93,,,,,,,
JQ신평11,2023-11-14,23.88,,,,,,,
JQ신평11,2023-11-15,23.84,,,,,,,
JQ신평11,2023-11-16,23.79,,,,,,,
JQ신평11,2023-11-17,23.8,,,,,,,
JQ신평11,2023-11-18,23.85,,,,,,,
JQ신평11,2023-11-19,23.8,,,,,,,
JQ신평11,2023-11-20,23.78,,,,,,,
JQ신평11,2023-11-21,23.73,,,,,,,
JQ신평11,2023-11-22,23.65,,,,,,,
JQ신평11,2023-11-23,23.59,,,,,,,
JQ신평11,2023-11-24,23.65,,,,,,,
JQ신평11,2023-11-25,23.63,,,,,,,
JQ신평11,2023-11-26,23.53,,,,,,,
JQ신평11,2023-11-27,23.42,,,,,,,
JQ신평11,2023-11-28,23.42,,,,,,,
JQ신평11,2023-11-29,23.38,,,,,,,
JQ신평11,2023-11-30,23.37,,,,,,,
JQ신평11,2023-12-01,23.33,,,,,,,
JQ신평11,2023-12-02,23.29,,,,,,,
JQ신평11,2023-12-03,23.23,,,,,,,
JQ신평11,2023-12-04,23.14,,,,,,,
JQ신평11,2023-12-05,23.06,,,,,,,
JQ신평11,2023-12-06,23.0,,,,,,,
JQ신평11,2023-12-07,22.98,,,,,,,
JQ신평11,2023-12-08,22.92,,,,,,,
JQ신평11,2023-12-09,22.87,,,,,,,
JQ신평11,2023-12-10,22.84,,,,,,,
JQ신평11,2023-12-11,22.84,,,,,,,
JQ신평11,2023-12-12,22.91,,,,,,,
JQ신평11,2023-12-13,22.9,,,,,,,
JQ신평11,2023-12-14,22.83,,,,,,,
JQ신평11,2023-12-15,22.8,,,,,,,
JQ신평11,2023-12-16,22.88,,,,,,,
JQ신평11,2023-12-17,22.88,,,,,,,
JQ신평11,2023-12-18,22.77,,,,,,,
JQ신평11,2023-12-19,22.67,,,,,,,
JQ신평11,2023-12-20,22.6,,,,,,,
JQ신평11,2023-12-21,22.56,,,,,,,
JQ신평11,2023-12-22,22.55,,,,,,,
JQ신평11,2023-12-23,22.54,,,,,,,
JQ신평11,2023-12-24,22.51,,,,,,,
JQ신평11,2023-12-25,22.48,,,,,,,
JQ신평11,2023-12-26,22.42,,,,,,,
JQ신평11,2023-12-27,22.35,,,,,,,
JQ신평11,2023-12-28,22.27,,,,,,,
JQ신평11,2023-12-29,22.21,,,,,,,
JQ신평11,2023-12-30,22.08,,,,,,,
JQ신평11,2023-12-31,22.05,,,,,,,
JQ신평11,2024-01-01,22.04,,,,,,,
JQ신평11,2024-01-02,21.94,,,,,,,
JQ신평11,2024-01-03,21.88,,,,,,,
JQ신평11,2024-01-04,21.85,,,,,,,
JQ신평11,2024-01-05,21.77,,,,,,,
JQ신평11,2024-01-06,21.71,,,,,,,
JQ신평11,2024-01-07,21.68,,,,,,,
JQ신평11,2024-01-08,21.63,,,,,,,
JQ신평11,2024-01-09,21.52,,,,,,,
JQ신평11,2024-01-10,21.47,,,,,,,
JQ신평11,2024-01-11,21.43,,,,,,,
JQ신평11,2024-01-12,21.36,,,,,,,
JQ신평11,2024-01-13,21.34,,,,,,,
JQ신평11,2024-01-14,21.26,,,,,,,
JQ신평11,2024-01-15,21.24,,,,,,,
JQ신평11,2024-01-16,21.21,,,,,,,
JQ신평11,2024-01-17,21.09,,,,,,,
JQ신평11,2024-01-18,21.0,,,,,,,
JQ신평11,2024-01-19,20.99,,,,,,,
JQ신평11,2024-01-20,20.92,,,,,,,
JQ신평11,2024-01-21,20.95,,,,,,,
JQ신평11,2024-01-22,20.97,,,,,,,
JQ신평11,2024-01-23,20.92,,,,,,,
JQ신평11,2024-01-24,20.86,,,,,,,
JQ신평11,2024-01-25,20.83,,,,,,,
JQ신평11,2024-01-26,20.77,,,,,,,
JQ신평11,2024-01-27,20.69,,,,,,,
JQ신평11,2024-01-28,20.64,,,,,,,
JQ신평11,2024-01-29,20.61,,,,,,,
JQ신평11,2024-01-30,20.51,,,,,,,
JQ신평11,2024-01-31,20.41,,,,,,,
JQ신평11,2024-02-01,20.4,,,,,,,
JQ신평11,2024-02-02,20.42,,,,,,,
JQ신평11,2024-02-03,20.38,,,,,,,
JQ신평11,2024-02-04,20.35,,,,,,,
JQ신평11,2024-02-05,20.42,,,,,,,
JQ신평11,2024-02-06,20.52,,,,,,,
JQ신평11,2024-02-07,20.48,,,,,,,
JQ신평11,2024-02-08,20.43,,,,,,,
JQ신평11,2024-02-09,20.39,,,,,,,
JQ신평11,2024-02-10,20.35,,,,,,,
JQ신평11,2024-02-11,20.3,,,,,,,
JQ신평11,2024-02-12,20.26,,,,,,,
JQ신평11,2024-02-13,20.16,,,,,,,
JQ신평11,2024-02-14,20.07,,,,,,,
JQ신평11,2024-02-15,20.03,,,,,,,
JQ신평11,2024-02-16,20.01,,,,,,,
JQ신평11,2024-02-17,19.94,,,,,,,
JQ신평11,2024-02-18,19.86,,,,,,,
JQ신평11,2024-02-19,19.88,,,,,,,
JQ신평11,2024-02-20,19.98,,,,,,,
JQ신평11,2024-02-21,20.0,,,,,,,
JQ신평11,2024-02-22,20.12,,,,,,,
JQ신평11,2024-02-23,20.15,,,,,,,
JQ신평11,2024-02-24,20.09,,,,,,,
JQ신평11,2024-02-25,20.02,,,,,,,
JQ신평11,2024-02-26,20.0,,,,,,,
JQ신평11,2024-02-27,19.94,,,,,,,
JQ신평11,2024-02-28,19.87,,,,,,,
JQ신평11,2024-02-29,19.77,,,,,,,
JQ신평11,2024-03-01,19.78,,,,,,,
JQ신평11,2024-03-02,19.71,,,,,,,
JQ신평11,2024-03-03,19.62,,,,,,,
JQ신평11,2024-03-04,19.55,,,,,,,
JQ신평11,2024-03-05,19.43,,,,,,,
JQ신평11,2024-03-06,19.49,,,,,,,
JQ신평11,2024-03-07,19.49,,,,,,,
JQ신평11,2024-03-08,19.45,,,,,,,
JQ신평11,2024-03-09,19.42,,,,,,,
JQ신평11,2024-03-10,19.37,,,,,,,
JQ신평11,2024-03-11,19.5,,,,,,,
JQ신평11,2024-03-12,19.66,,,,,,,
JQ신평11,2024-03-13,19.67,,,,,,,
JQ신평11,2024-03-14,19.61,,,,,,,
JQ신평11,2024-03-15,19.56,,,,,,,
JQ신평11,2024-03-16,19.48,,,,,,,
JQ신평11,2024-03-17,19.39,,,,,,,
JQ신평11,2024-03-18,19.38,,,,,,,
JQ신평11,2024-03-19,19.31,,,,,,,
JQ신평11,2024-03-20,19.3,,,,,,,
JQ신평11,2024-03-21,19.22,,,,,,,
JQ신평11,2024-03-22,19.13,,,,,,,
JQ신평11,2024-03-23,19.06,,,,,,,
JQ신평11,2024-03-24,19.05,,,,,,,
JQ신평11,2024-03-25,19.01,,,,,,,
JQ신평11,2024-03-26,19.1,,,,,,,
JQ신평11,2024-03-27,19.13,,,,,,,
JQ신평11,2024-03-28,19.12,,,,,,,
JQ신평11,2024-03-29,19.39,,,,,,,
JQ신평11,2024-03-30,19.39,,,,,,,
JQ신평11,2024-03-31,19.34,,,,,,,
JQ신평11,2024-04-01,19.34,,,,,,,
JQ신평11,2024-04-02,19.27,,,,,,,
JQ신평11,2024-04-03,19.51,,,,,,,
JQ신평11,2024-04-04,19.73,,,,,,,
JQ신평11,2024-04-05,19.74,,,,,,,
JQ신평11,2024-04-06,19.7,,,,,,,
JQ신평11,2024-04-07,19.62,,,,,,,
JQ신평11,2024-04-08,19.56,,,,,,,
JQ신평11,2024-04-09,19.53,,,,,,,
JQ신평11,2024-04-10,19.5,,,,,,,
JQ신평11,2024-04-11,19.39,,,,,,,
JQ신평11,2024-04-12,19.29,,,,,,,
JQ신평11,2024-04-13,19.23,,,,,,,
JQ신평11,2024-04-14,19.16,,,,,,,
JQ신평11,2024-04-15,19.11,,,,,,,
JQ신평11,2024-04-16,19.1,,,,,,,
JQ신평11,2024-04-17,19.04,,,,,,,
JQ신평11,2024-04-18,18.98,,,,,,,
JQ신평11,2024-04-19,18.94,,,,,,,
JQ신평11,2024-04-20,18.94,,,,,,,
JQ신평11,2024-04-21,19.06,,,,,,,
JQ신평11,2024-04-22,19.04,,,,,,,
JQ신평11,2024-04-23,18.99,,,,,,,
JQ신평11,2024-04-24,18.97,,,,,,,
JQ신평11,2024-04-25,18.92,,,,,,,
JQ신평11,2024-04-26,18.86,,,,,,,
JQ신평11,2024-04-27,18.8,,,,,,,
JQ신평11,2024-04-28,18.76,,,,,,,
JQ신평11,2024-04-29,19.11,,,,,,,
JQ신평11,2024-04-30,19.41,,,,,,,
JQ신평11,2024-05-01,19.43,,,,,,,
JQ신평11,2024-05-02,19.43,,,,,,,
JQ신평11,2024-05-03,19.34,,,,,,,
JQ신평11,2024-05-04,19.24,,,,,,,
JQ신평11,2024-05-05,19.45,,,,,,,
JQ신평11,2024-05-06,20.48,,,,,,,
JQ신평11,2024-05-07,20.71,,,,,,,
JQ신평11,2024-05-08,20.72,,,,,,,
JQ신평11,2024-05-09,20.68,,,,,,,
JQ신평11,2024-05-10,20.6,,,,,,,
JQ신평11,2024-05-11,20.49,,,,,,,
JQ신평11,2024-05-12,20.65,,,,,,,
JQ신평11,2024-05-13,20.69,,,,,,,
JQ신평11,2024-05-14,20.65,,,,,,,
JQ신평11,2024-05-15,20.58,,,,,,,
JQ신평11,2024-05-16,20.51,,,,,,,
JQ신평11,2024-05-17,20.44,,,,,,,
JQ신평11,2024-05-18,20.35,,,,,,,
JQ신평11,2024-05-19,20.26,,,,,,,
JQ신평11,2024-05-20,20.19,,,,,,,
JQ신평11,2024-05-21,20.14,,,,,,,
JQ신평11,2024-05-22,20.06,,,,,,,
JQ신평11,2024-05-23,19.96,,,,,,,
JQ신평11,2024-05-24,19.92,,,,,,,
JQ신평11,2024-05-25,19.89,,,,,,,
JQ신평11,2024-05-26,19.82,,,,,,,
JQ신평11,2024-05-27,19.84,,,,,,,
JQ신평11,2024-05-28,19.81,,,,,,,
JQ신평11,2024-05-29,19.82,,,,,,,
JQ신평11,2024-05-30,19.75,,,,,,,
JQ신평11,2024-05-31,19.75,,,,,,,
JQ신평11,2024-06-01,19.72,,,,,,,
JQ신평11,2024-06-02,19.68,,,,,,,
JQ신평11,2024-06-03,19.61,,,,,,,
JQ신평11,2024-06-04,19.62,,,,,,,
JQ신평11,2024-06-05,19.6,,,,,,,
JQ신평11,2024-06-06,19.56,,,,,,,
JQ신평11,2024-06-07,19.5,,,,,,,
JQ신평11,2024-06-08,19.57,,,,,,,
JQ신평11,2024-06-09,19.7,,,,,,,
JQ신평11,2024-06-10,19.7,,,,,,,
JQ신평11,2024-06-11,19.67,,,,,,,
JQ신평11,2024-06-12,19.62,,,,,,,
JQ신평11,2024-06-13,19.6,,,,,,,
JQ신평11,2024-06-14,19.57,,,,,,,
JQ신평11,2024-06-15,19.54,,,,,,,
JQ신평11,2024-06-16,19.54,,,,,,,
JQ신평11,2024-06-17,19.54,,,,,,,
JQ신평11,2024-06-18,19.51,,,,,,,
JQ신평11,2024-06-19,19.5,,,,,,,
JQ신평11,2024-06-20,19.92,,,,,,,
JQ신평11,2024-06-21,21.11,,,,,,,
JQ신평11,2024-06-22,21.4,,,,,,,
JQ신평11,2024-06-23,22.0,,,,,,,
JQ신평11,2024-06-24,22.45,,,,,,,
JQ신평11,2024-06-25,22.5,,,,,,,
JQ신평11,2024-06-26,22.46,,,,,,,
JQ신평11,2024-06-27,22.67,,,,,,,
JQ신평11,2024-06-28,23.33,,,,,,,
JQ신평11,2024-06-29,23.8,,,,,,,
JQ신평11,2024-06-30,24.44,,,,,,,
JQ신평11,2024-07-01,24.6,,,,,,,
JQ신평11,2024-07-02,24.57,,,,,,,
JQ신평11,2024-07-03,24.51,,,,,,,
JQ신평11,2024-07-04,24.4,,,,,,,
JQ신평11,2024-07-05,24.29,,,,,,,
JQ신평11,2024-07-06,24.22,,,,,,,
JQ신평11,2024-07-07,24.12,,,,,,,
JQ신평11,2024-07-08,24.02,,,,,,,
JQ신평11,2024-07-09,23.93,,,,,,,
JQ신평11,2024-07-10,23.84,,,,,,,
JQ신평11,2024-07-11,23.8,,,,,,,
JQ신평11,2024-07-12,23.74,,,,,,,
JQ신평11,2024-07-13,23.69,,,,,,,
JQ신평11,2024-07-14,23.67,,,,,,,
JQ신평11,2024-07-15,23.65,,,,,,,
JQ신평11,2024-07-16,23.58,,,,,,,
JQ신평11,2024-07-17,23.49,,,,,,,
JQ신평11,2024-07-18,23.4,,,,,,,
JQ신평11,2024-07-19,23.51,,,,,,,
JQ신평11,2024-07-20,23.64,,,,,,,
JQ신평11,2024-07-21,23.59,,,,,,,
JQ신평11,2024-07-22,23.52,,,,,,,
JQ신평11,2024-07-23,23.44,,,,,,,
JQ신평11,2024-07-24,23.37,,,,,,,
JQ신평11,2024-07-25,23.3,,,,,,,
JQ신평11,2024-07-26,23.29,,,,,,,
JQ신평11,2024-07-27,23.26,,,,,,,
JQ신평11,2024-07-28,23.19,,,,,,,
JQ신평11,2024-07-29,23.1,,,,,,,
JQ신평11,2024-07-30,23.03,,,,,,,
JQ신평11,2024-07-31,22.96,,,,,,,
JQ신평11,2024-08-01,22.9,,,,,,,
JQ신평11,2024-08-02,22.85,,,,,,,
JQ신평11,2024-08-03,22.81,,,,,,,
JQ신평11,2024-08-04,22.77,,,,,,,
JQ신평11,2024-08-05,22.73,,,,,,,
JQ신평11,2024-08-06,22.71,,,,,,,
JQ신평11,2024-08-07,22.71,,,,,,,
JQ신평11,2024-08-08,22.67,,,,,,,
JQ신평11,2024-08-09,22.63,,,,,,,
JQ신평11,2024-08-10,22.61,,,,,,,
JQ신평11,2024-08-11,22.6,,,,,,,
JQ신평11,2024-08-12,22.57,,,,,,,
JQ신평11,2024-08-13,22.55,,,,,,,
JQ신평11,2024-08-14,22.62,,,,,,,
JQ신평11,2024-08-15,22.83,,,,,,,
JQ신평11,2024-08-16,22.97,,,,,,,
JQ신평11,2024-08-17,23.2,,,,,,,
JQ신평11,2024-08-18,23.2,,,,,,,
JQ신평11,2024-08-19,23.18,,,,,,,
JQ신평11,2024-08-20,23.16,,,,,,,
JQ신평11,2024-08-21,23.17,,,,,,,
JQ신평11,2024-08-22,23.18,,,,,,,
JQ신평11,2024-08-23,23.23,,,,,,,
JQ신평11,2024-08-24,23.21,,,,,,,
JQ신평11,2024-08-25,23.17,,,,,,,
JQ신평11,2024-08-26,23.11,,,,,,,
JQ신평11,2024-08-27,23.07,,,,,,,
JQ신평11,2024-08-28,23.04,,,,,,,
JQ신평11,2024-08-29,23.01,,,,,,,
JQ신평11,2024-08-30,22.99,,,,,,,
JQ신평11,2024-08-31,22.97,,,,,,,
JQ신평11,2024-09-01,22.92,,,,,,,
JQ신평11,2024-09-02,22.88,,,,,,,
JQ신평11,2024-09-03,22.84,,,,,,,
JQ신평11,2024-09-04,22.78,,,,,,,
JQ신평11,2024-09-05,22.72,,,,,,,
JQ신평11,2024-09-06,22.69,,,,,,,
JQ신평11,2024-09-07,22.65,,,,,,,
JQ신평11,2024-09-08,22.63,,,,,,,
JQ신평11,2024-09-09,22.59,,,,,,,
JQ신평11,2024-09-10,22.55,,,,,,,
JQ신평11,2024-09-11,22.64,,,,,,,
JQ신평11,2024-09-12,22.8,,,,,,,
JQ신평11,2024-09-13,22.76,,,,,,,
JQ신평11,2024-09-14,22.69,,,,,,,
JQ신평11,2024-09-15,22.65,,,,,,,
JQ신평11,2024-09-16,22.65,,,,,,,
JQ신평11,2024-09-17,22.63,,,,,,,
JQ신평11,2024-09-18,22.57,,,,,,,
JQ신평11,2024-09-19,22.53,,,,,,,
JQ신평11,2024-09-20,22.79,,,,,,,
JQ신평11,2024-09-21,22.89,,,,,,,
JQ신평11,2024-09-22,22.95,,,,,,,
JQ신평11,2024-09-23,22.95,,,,,,,
JQ신평11,2024-09-24,22.91,,,,,,,
JQ신평11,2024-09-25,22.84,,,,,,,
JQ신평11,2024-09-26,22.79,,,,,,,
JQ신평11,2024-09-27,22.73,,,,,,,
JQ신평11,2024-09-28,22.67,,,,,,,
JQ신평11,2024-09-29,22.61,,,,,,,
JQ신평11,2024-09-30,22.53,,,,,,,
JQ신평11,2024-10-01,22.46,,,,,,,
JQ신평11,2024-10-02,22.47,,,,,,,
JQ신평11,2024-10-03,22.42,,,,,,,
JQ신평11,2024-10-04,22.35,,,,,,,
JQ신평11,2024-10-05,22.27,,,,,,,
JQ신평11,2024-10-06,22.22,,,,,,,
JQ신평11,2024-10-07,22.2,,,,,,,
JQ신평11,2024-10-08,22.16,,,,,,,
JQ신평11,2024-10-09,22.11,,,,,,,
JQ신평11,2024-10-10,22.09,,,,,,,
JQ신평11,2024-10-11,22.09,,,,,,,
JQ신평11,2024-10-12,22.07,,,,,,,
JQ신평11,2024-10-13,22.02,,,,,,,
JQ신평11,2024-10-14,21.96,,,,,,,
JQ신평11,2024-10-15,22.0,,,,,,,
JQ신평11,2024-10-16,22.0,,,,,,,
JQ신평11,2024-10-17,21.96,,,,,,,
JQ신평11,2024-10-18,21.93,,,,,,,
JQ신평11,2024-10-19,21.96,,,,,,,
JQ신평11,2024-10-20,21.99,,,,,,,
JQ신평11,2024-10-21,21.92,,,,,,,
JQ신평11,2024-10-22,22.05,,,,,,,
JQ신평11,2024-10-23,22.19,,,,,,,
JQ신평11,2024-10-24,22.17,,,,,,,
JQ신평11,2024-10-25,22.12,,,,,,,
JQ신평11,2024-10-26,22.05,,,,,,,
JQ신평11,2024-10-27,22.0,,,,,,,
JQ신평11,2024-10-28,22.0,,,,,,,
JQ신평11,2024-10-29,21.96,,,,,,,
JQ신평11,2024-10-30,21.95,,,,,,,
JQ신평11,2024-10-31,21.89,,,,,,,
JQ신평11,2024-11-01,22.34,,,,,,,
JQ신평11,2024-11-02,23.95,,,,,,,
JQ신평11,2024-11-03,24.21,,,,,,,
JQ신평11,2024-11-04,24.15,,,,,,,
JQ신평11,2024-11-05,24.05,,,,,,,
JQ신평11,2024-11-06,23.96,,,,,,,
JQ신평11,2024-11-07,23.81,,,,,,,
JQ신평11,2024-11-08,23.67,,,,,,,
JQ신평11,2024-11-09,23.56,,,,,,,
JQ신평11,2024-11-10,23.44,,,,,,,
JQ신평11,2024-11-11,23.35,,,,,,,
JQ신평11,2024-11-12,23.26,,,,,,,
JQ신평11,2024-11-13,23.17,,,,,,,
JQ신평11,2024-11-14,23.07,,,,,,,
JQ신평11,2024-11-15,23.02,,,,,,,
JQ신평11,2024-11-16,23.01,,,,,,,
JQ신평11,2024-11-17,23.03,,,,,,,
JQ신평11,2024-11-18,23.02,,,,,,,
JQ신평11,2024-11-19,22.92,,,,,,,
JQ신평11,2024-11-20,22.82,,,,,,,
JQ신평11,2024-11-21,22.72,,,,,,,
JQ신평11,2024-11-22,22.66,,,,,,,
JQ신평11,2024-11-23,22.61,,,,,,,
JQ신평11,2024-11-24,22.53,,,,,,,
JQ신평11,2024-11-25,22.42,,,,,,,
JQ신평11,2024-11-26,22.43,,,,,,,
JQ신평11,2024-11-27,22.43,,,,,,,
JQ신평11,2024-11-28,22.4,,,,,,,
JQ신평11,2024-11-29,22.39,,,,,,,
JQ신평11,2024-11-30,22.34,,,,,,,
JQ신평11,2024-12-01,22.28,,,,,,,
JQ신평11,2024-12-02,22.23,,,,,,,
JQ신평11,2024-12-03,22.21,,,,,,,
JQ신평11,2024-12-04,22.15,,,,,,,
JQ신평11,2024-12-05,22.06,,,,,,,
JQ신평11,2024-12-06,22.01,,,,,,,
JQ신평11,2024-12-07,21.97,,,,,,,
JQ신평11,2024-12-08,21.93,,,,,,,
JQ신평11,2024-12-09,21.85,,,,,,,
JQ신평11,2024-12-10,21.77,,,,,,,
JQ신평11,2024-12-11,21.7,,,,,,,
JQ신평11,2024-12-12,21.66,,,,,,,
JQ신평11,2024-12-13,21.59,,,,,,,
JQ신평11,2024-12-14,21.58,,,,,,,
JQ신평11,2024-12-15,21.5,,,,,,,
JQ신평11,2024-12-16,21.44,,,,,,,
JQ신평11,2024-12-17,21.39,,,,,,,
JQ신평11,2024-12-18,21.36,,,,,,,
JQ신평11,2024-12-19,21.33,,,,,,,
JQ신평11,2024-12-20,21.23,,,,,,,
JQ신평11,2024-12-21,21.17,,,,,,,
JQ신평11,2024-12-22,21.18,,,,,,,
JQ신평11,2024-12-23,21.12,,,,,,,
JQ신평11,2024-12-24,21.06,,,,,,,
JQ신평11,2024-12-25,21.0,,,,,,,
JQ신평11,2024-12-26,20.93,,,,,,,
JQ신평11,2024-12-27,20.9,,,,,,,
JQ신평11,2024-12-28,20.85,,,,,,,
JQ신평11,2024-12-29,20.8,,,,,,,
JQ신평11,2024-12-30,20.7,,,,,,,
JQ신평11,2024-12-31,20.65,,,,,,,
JQ신평11,2025-01-01,20.63,,,,,,,
JQ신평11,2025-01-02,20.59,,,,,,,
JQ신평11,2025-01-03,20.56,,,,,,,
JQ신평11,2025-01-04,20.54,,,,,,,
JQ신평11,2025-01-05,20.46,,,,,,,
JQ신평11,2025-01-06,20.41,,,,,,,
JQ신평11,2025-01-07,20.41,,,,,,,
JQ신평11,2025-01-08,20.38,,,,,,,
JQ신평11,2025-01-09,20.39,,,,,,,
JQ신평11,2025-01-10,20.42,,,,,,,
JQ신평11,2025-01-11,20.36,,,,,,,
JQ신평11,2025-01-12,20.29,,,,,,,
JQ신평11,2025-01-13,20.26,,,,,,,
JQ신평11,2025-01-14,20.2,,,,,,,
JQ신평11,2025-01-15,20.2,,,,,,,
JQ신평11,2025-01-16,20.14,,,,,,,
JQ신평11,2025-01-17,20.1,,,,,,,
JQ신평11,2025-01-18,20.03,,,,,,,
JQ신평11,2025-01-19,19.93,,,,,,,
JQ신평11,2025-01-20,19.89,,,,,,,
JQ신평11,2025-01-21,19.89,,,,,,,
JQ신평11,2025-01-22,19.86,,,,,,,
JQ신평11,2025-01-23,19.81,,,,,,,
JQ신평11,2025-01-24,19.77,,,,,,,
JQ신평11,2025-01-25,19.75,,,,,,,
JQ신평11,2025-01-26,19.72,,,,,,,
JQ신평11,2025-01-27,19.74,,,,,,,
JQ신평11,2025-01-28,19.78,,,,,,,
JQ신평11,2025-01-29,19.79,,,,,,,
JQ신평11,2025-01-30,19.76,,,,,,,
JQ신평11,2025-01-31,19.68,,,,,,,
JQ신평11,2025-02-01,19.67,,,,,,,
JQ신평11,2025-02-02,19.75,,,,,,,
JQ신평11,2025-02-03,19.76,,,,,,,
JQ신평11,2025-02-04,19.74,,,,,,,
JQ신평11,2025-02-05,19.7,,,,,,,
JQ신평11,2025-02-06,19.7,,,,,,,
JQ신평11,2025-02-07,19.66,,,,,,,
JQ신평11,2025-02-08,19.68,,,,,,,
JQ신평11,2025-02-09,19.62,,,,,,,
JQ신평11,2025-02-10,19.57,,,,,,,
JQ신평11,2025-02-11,19.51,,,,,,,
JQ신평11,2025-02-12,19.5,,,,,,,
JQ신평11,2025-02-13,19.63,,,,,,,
JQ신평11,2025-02-14,19.57,,,,,,,
JQ신평11,2025-02-15,19.51,,,,,,,
JQ신평11,2025-02-16,19.48,,,,,,,
JQ신평11,2025-02-17,19.5,,,,,,,
JQ신평11,2025-02-18,19.47,,,,,,,
JQ신평11,2025-02-19,19.44,,,,,,,
JQ신평11,2025-02-20,19.4,,,,,,,
JQ신평11,2025-02-21,19.36,,,,,,,
JQ신평11,2025-02-22,19.34,,,,,,,
JQ신평11,2025-02-23,19.29,,,,,,,
JQ신평11,2025-02-24,19.25,,,,,,,
JQ신평11,2025-02-25,19.16,,,,,,,
JQ신평11,2025-02-26,19.09,,,,,,,
JQ신평11,2025-02-27,19.03,,,,,,,
JQ신평11,2025-02-28,18.97,,,,,,,
JQ신평11,2025-03-01,18.93,,,,,,,
JQ신평11,2025-03-02,18.9,,,,,,,
JQ신평11,2025-03-03,19.06,,,,,,,
JQ신평11,2025-03-04,19.16,,,,,,,
JQ신평11,2025-03-05,19.23,,,,,,,
JQ신평11,2025-03-06,19.23,,,,,,,
JQ신평11,2025-03-07,19.19,,,,,,,
JQ신평11,2025-03-08,19.13,,,,,,,
JQ신평11,2025-03-09,19.1,,,,,,,
JQ신평11,2025-03-10,19.03,,,,,,,
JQ신평11,2025-03-11,18.93,,,,,,,
JQ신평11,2025-03-12,18.89,,,,,,,
JQ신평11,2025-03-13,18.87,,,,,,,
JQ신평11,2025-03-14,18.83,,,,,,,
JQ신평11,2025-03-15,18.82,,,,,,,
JQ신평11,2025-03-16,18.82,,,,,,,
JQ신평11,2025-03-17,18.81,,,,,,,
JQ신평11,2025-03-18,18.77,,,,,,,
JQ신평11,2025-03-19,18.78,,,,,,,
JQ신평11,2025-03-20,18.69,,,,,,,
JQ신평11,2025-03-21,18.59,,,,,,,
JQ신평11,2025-03-22,18.52,,,,,,,
JQ신평11,2025-03-23,18.46,,,,,,,
JQ신평11,2025-03-24,18.39,,,,,,,
JQ신평11,2025-03-25,18.34,,,,,,,
JQ신평11,2025-03-26,18.33,,,,,,,
JQ신평11,2025-03-27,18.29,,,,,,,
JQ신평11,2025-03-28,18.42,,,,,,,
JQ신평11,2025-03-29,18.45,,,,,,,
JQ신평11,2025-03-30,18.44,,,,,,,
JQ신평11,2025-03-31,18.35,,,,,,,
JQ신평11,2025-04-01,18.23,,,,,,,
JQ신평11,2025-04-02,18.14,,,,,,,
JQ신평11,2025-04-03,18.09,,,,,,,
JQ신평11,2025-04-04,18.05,,,,,,,
JQ신평11,2025-04-05,17.98,,,,,,,
JQ신평11,2025-04-06,17.98,,,,,,,
JQ신평11,2025-04-07,17.95,,,,,,,
JQ신평11,2025-04-08,17.88,,,,,,,
JQ신평11,2025-04-09,17.82,,,,,,,
JQ신평11,2025-04-10,17.78,,,,,,,
JQ신평11,2025-04-11,17.78,,,,,,,
JQ신평11,2025-04-12,17.79,,,,,,,
JQ신평11,2025-04-13,18.17,,,,,,,
JQ신평11,2025-04-14,18.17,,,,,,,
JQ신평11,2025-04-15,18.21,,,,,,,
JQ신평11,2025-04-16,18.18,,,,,,,
JQ신평11,2025-04-17,18.12,,,,,,,
JQ신평11,2025-04-18,18.1,,,,,,,
JQ신평11,2025-04-19,18.05,,,,,,,
JQ신평11,2025-04-20,18.03,,,,,,,
JQ신평11,2025-04-21,18.01,,,,,,,
JQ신평11,2025-04-22,18.21,,,,,,,
JQ신평11,2025-04-23,18.49,,,,,,,
JQ신평11,2025-04-24,18.51,,,,,,,
JQ신평11,2025-04-25,18.52,,,,,,,
JQ신평11,2025-04-26,18.49,,,,,,,
JQ신평11,2025-04-27,18.39,,,,,,,
JQ신평11,2025-04-28,18.32,,,,,,,
JQ신평11,2025-04-29,18.3,,,,,,,
JQ신평11,2025-04-30,18.25,,,,,,,
JQ신평11,2025-05-01,18.21,,,,,,,
JQ신평11,2025-05-02,18.35,,,,,,,
JQ신평11,2025-05-03,18.32,,,,,,,
JQ신평11,2025-05-04,18.32,,,,,,,
JQ신평11,2025-05-05,18.24,,,,,,,
JQ신평11,2025-05-06,18.2,,,,,,,
JQ신평11,2025-05-07,18.21,,,,,,,
JQ신평11,2025-05-08,18.17,,,,,,,
JQ신평11,2025-05-09,18.45,,,,,,,
JQ신평11,2025-05-10,19.0,,,,,,,
JQ신평11,2025-05-11,19.05,,,,,,,
JQ신평11,2025-05-12,19.03,,,,,,,
JQ신평11,2025-05-13,18.99,,,,,,,
JQ신평11,2025-05-14,18.93,,,,,,,
JQ신평11,2025-05-15,18.89,,,,,,,
JQ신평11,2025-05-16,18.95,,,,,,,
JQ신평11,2025-05-17,19.38,,,,,,,
JQ신평11,2025-05-18,19.43,,,,,,,
JQ신평11,2025-05-19,19.38,,,,,,,
JQ신평11,2025-05-20,19.32,,,,,,,
JQ신평11,2025-05-21,19.27,,,,,,,
JQ신평11,2025-05-22,19.3,,,,,,,
JQ신평11,2025-05-23,19.28,,,,,,,
JQ신평11,2025-05-24,19.26,,,,,,,
JQ신평11,2025-05-25,19.26,,,,,,,
JQ신평11,2025-05-26,19.21,,,,,,,
JQ신평11,2025-05-27,19.13,,,,,,,
JQ신평11,2025-05-28,19.04,,,,,,,
JQ신평11,2025-05-29,18.94,,,,,,,
JQ신평11,2025-05-30,18.86,,,,,,,
JQ신평11,2025-05-31,18.8,,,,,,,
JQ신평11,2025-06-01,18.73,,,,,,,
JQ신평11,2025-06-02,18.64,,,,,,,
JQ신평11,2025-06-03,18.66,,,,,,,
JQ신평11,2025-06-04,18.66,,,,,,,
JQ신평11,2025-06-05,18.63,,,,,,,
JQ신평11,2025-06-06,18.55,,,,,,,
JQ신평11,2025-06-07,18.49,,,,,,,
JQ신평11,2025-06-08,18.45,,,,,,,
JQ신평11,2025-06-09,18.4,,,,,,,
JQ신평11,2025-06-10,18.37,,,,,,,
JQ신평11,2025-06-11,18.36,,,,,,,
JQ신평11,2025-06-12,18.35,,,,,,,
JQ신평11,2025-06-13,18.3,,,,,,,
JQ신평11,2025-06-14,18.57,,,,,,,
JQ신평11,2025-06-15,18.76,,,,,,,
JQ신평11,2025-06-16,19.12,,,,,,,
JQ신평11,2025-06-17,19.37,,,,,,,
JQ신평11,2025-06-18,19.4,,,,,,,
JQ신평11,2025-06-19,19.36,,,,,,,
JQ신평11,2025-06-20,19.28,,,,,,,
JQ신평11,2025-06-21,19.21,,,,,,,
JQ신평11,2025-06-22,19.18,,,,,,,
JQ신평11,2025-06-23,19.12,,,,,,,
JQ신평11,2025-06-24,19.07,,,,,,,
JQ신평11,2025-06-25,19.04,,,,,,,
JQ신평11,2025-06-26,18.97,,,,,,,
JQ신평11,2025-06-27,18.9,,,,,,,
JQ신평11,2025-06-28,18.83,,,,,,,
JQ신평11,2025-06-29,18.77,,,,,,,
JQ신평11,2025-06-30,18.73,,,,,,,
JQ신평11,2025-07-01,18.69,,,,,,,
JQ신평11,2025-07-02,18.63,,,,,,,
JQ신평11,2025-07-03,18.57,,,,,,,
JQ신평11,2025-07-04,18.5,,,,,,,
JQ신평11,2025-07-05,18.44,,,,,,,
JQ신평11,2025-07-06,18.38,,,,,,,
JQ신평11,2025-07-07,18.33,,,,,,,
JQ신평11,2025-07-08,18.29,,,,,,,
JQ신평11,2025-07-09,18.26,,,,,,,
JQ신평11,2025-07-10,18.22,,,,,,,
JQ신평11,2025-07-11,18.2,,,,,,,
JQ신평11,2025-07-12,18.17,,,,,,,
JQ신평11,2025-07-13,18.13,,,,,,,
JQ신평11,2025-07-14,18.08,,,,,,,
JQ신평11,2025-07-15,18.09,,,,,,,
JQ신평11,2025-07-16,18.12,,,,,,,
JQ신평11,2025-07-17,18.1,,,,,,,
JQ신평11,2025-07-18,18.11,,,,,,,
JQ신평11,2025-07-19,18.25,,,,,,,
JQ신평11,2025-07-20,18.26,,,,,,,
JQ신평11,2025-07-21,18.24,,,,,,,
JQ신평11,2025-07-22,18.2,,,,,,,
JQ신평11,2025-07-23,18.13,,,,,,,
JQ신평11,2025-07-24,18.06,,,,,,,
JQ신평11,2025-07-25,18.0,,,,,,,
JQ신평11,2025-07-26,17.93,,,,,,,
JQ신평11,2025-07-27,17.89,,,,,,,
JQ신평11,2025-07-28,17.83,,,,,,,
JQ신평11,2025-07-29,17.79,,,,,,,
JQ신평11,2025-07-30,17.77,,,,,,,
JQ신평11,2025-07-31,17.76,,,,,,,
JQ신평11,2025-08-01,17.73,,,,,,,
JQ신평11,2025-08-02,17.71,,,,,,,
JQ신평11,2025-08-03,17.7,,,,,,,
JQ신평11,2025-08-04,17.71,,,,,,,
JQ신평11,2025-08-05,17.71,,,,,,,
JQ신평11,2025-08-06,17.68,,,,,,,
JQ신평11,2025-08-07,17.66,,,,,,,
JQ신평11,2025-08-08,17.64,,,,,,,
JQ신평11,2025-08-09,17.72,,,,,,,
JQ신평11,2025-08-10,17.79,,,,,,,
JQ신평11,2025-08-11,18.04,,,,,,,
JQ신평11,2025-08-12,18.34,,,,,,,
JQ신평11,2025-08-13,18.36,,,,,,,
JQ신평11,2025-08-14,18.31,,,,,,,
JQ신평11,2025-08-15,18.24,,,,,,,
JQ신평11,2025-08-16,18.14,,,,,,,
JQ신평11,2025-08-17,18.08,,,,,,,
JQ신평11,2025-08-18,18.02,,,,,,,
JQ신평11,2025-08-19,17.93,,,,,,,
JQ신평11,2025-08-20,17.87,,,,,,,
JQ신평11,2025-08-21,17.83,,,,,,,
JQ신평11,2025-08-22,17.77,,,,,,,
JQ신평11,2025-08-23,17.72,,,,,,,
JQ신평11,2025-08-24,17.68,,,,,,,
JQ신평11,2025-08-25,17.64,,,,,,,
JQ신평11,2025-08-26,17.6,,,,,,,
JQ신평11,2025-08-27,17.54,,,,,,,
JQ신평11,2025-08-28,17.52,,,,,,,
JQ신평11,2025-08-29,17.49,,,,,,,
JQ신평11,2025-08-30,17.44,,,,,,,
JQ신평11,2025-08-31,17.45,,,,,,,
JQ신평11,2025-09-01,17.43,,,,,,,
JQ신평11,2025-09-02,17.43,,,,,,,
JQ신평11,2025-09-03,17.4,,,,,,,
JQ신평11,2025-09-04,17.34,,,,,,,
JQ신평11,2025-09-05,17.32,,,,,,,
JQ신평11,2025-09-06,17.28,,,,,,,
JQ신평11,2025-09-07,17.23,,,,,,,
JQ신평11,2025-09-08,17.25,,,,,,,
JQ신평11,2025-09-09,17.28,,,,,,,
JQ신평11,2025-09-10,17.28,,,,,,,
JQ신평11,2025-09-11,17.25,,,,,,,
JQ신평11,2025-09-12,17.21,,,,,,,
JQ신평11,2025-09-13,17.19,,,,,,,
JQ신평11,2025-09-14,17.23,,,,,,,
JQ신평11,2025-09-15,17.61,,,,,,,
JQ신평11,2025-09-16,17.64,,,,,,,
JQ신평11,2025-09-17,17.61,,,,,,,
JQ신평11,2025-09-18,17.6,,,,,,,
JQ신평11,2025-09-19,17.53,,,,,,,
JQ신평11,2025-09-20,17.47,,,,,,,
JQ신평11,2025-09-21,17.47,,,,,,,
JQ신평11,2025-09-22,17.41,,,,,,,
JQ신평11,2025-09-23,17.34,,,,,,,
JQ신평11,2025-09-24,17.27,,,,,,,
JQ신평11,2025-09-25,17.22,,,,,,,
JQ신평11,2025-09-26,17.19,,,,,,,
JQ신평11,2025-09-27,17.2,,,,,,,
JQ신평11,2025-09-28,17.2,,,,,,,
JQ신평11,2025-09-29,17.19,,,,,,,
JQ신평11,2025-09-30,17.15,,,,,,,
JQ신평11,2025-10-01,17.12,,,,,,,
JQ신평11,2025-10-02,17.09,,,,,,,
JQ신평11,2025-10-03,17.27,,,,,,,
JQ신평11,2025-10-04,17.56,,,,,,,
JQ신평11,2025-10-05,17.56,,,,,,,
JQ신평11,2025-10-06,17.51,,,,,,,
JQ신평11,2025-10-07,17.44,,,,,,,
JQ신평11,2025-10-08,17.38,,,,,,,
JQ신평11,2025-10-09,17.32,,,,,,,
JQ신평11,2025-10-10,17.24,,,,,,,
JQ신평11,2025-10-11,17.16,,,,,,,
JQ신평11,2025-10-12,17.09,,,,,,,
JQ신평11,2025-10-13,17.06,,,,,,,
JQ신평11,2025-10-14,17.04,,,,,,,
JQ신평11,2025-10-15,17.02,,,,,,,
JQ신평11,2025-10-16,16.99,,,,,,,
JQ신평11,2025-10-17,16.95,,,,,,,
JQ신평11,2025-10-18,16.9,,,,,,,
JQ신평11,2025-10-19,16.88,,,,,,,
JQ신평11,2025-10-20,16.87,,,,,,,
JQ신평11,2025-10-21,16.82,,,,,,,
JQ신평11,2025-10-22,16.75,,,,,,,
JQ신평11,2025-10-23,16.68,,,,,,,
JQ신평11,2025-10-24,16.62,,,,,,,
JQ신평11,2025-10-25,16.56,,,,,,,
JQ신평11,2025-10-26,16.51,,,,,,,
JQ신평11,2025-10-27,16.46,,,,,,,
JQ신평11,2025-10-28,16.37,,,,,,,
JQ신평11,2025-10-29,16.32,,,,,,,
JQ신평11,2025-10-30,16.25,,,,,,,
JQ신평11,2025-10-31,16.17,,,,,,,
JQ신평11,2025-11-01,16.16,,,,,,,
JQ신평11,2025-11-02,16.18,,,,,,,
JQ신평11,2025-11-03,16.21,,,,,,,
JQ신평11,2025-11-04,16.15,,,,,,,
JQ신평11,2025-11-05,16.08,,,,,,,
JQ신평11,2025-11-06,16.06,,,,,,,
JQ신평11,2025-11-07,16.05,,,,,,,
JQ신평11,2025-11-08,16.03,,,,,,,
JQ신평11,2025-11-09,16.07,,,,,,,
JQ신평11,2025-11-10,16.1,,,,,,,
JQ신평11,2025-11-11,16.09,,,,,,,
JQ신평11,2025-11-12,16.06,,,,,,,
JQ신평11,2025-11-13,16.01,,,,,,,
JQ신평11,2025-11-14,16.0,,,,,,,
JQ신평11,2025-11-15,15.99,,,,,,,
JQ신평11,2025-11-16,15.94,,,,,,,
JQ신평11,2025-11-17,15.92,,,,,,,
JQ신평11,2025-11-18,15.9,,,,,,,
JQ신평11,2025-11-19,15.87,,,,,,,
JQ신평11,2025-11-20,15.84,,,,,,,
JQ신평11,2025-11-21,15.8,,,,,,,
JQ신평11,2025-11-22,15.75,,,,,,,
JQ신평11,2025-11-23,15.68,,,,,,,
JQ신평11,2025-11-24,15.62,,,,,,,
JQ신평11,2025-11-25,15.61,,,,,,,
JQ신평11,2025-11-26,15.62,,,,,,,
JQ신평11,2025-11-27,15.54,,,,,,,
JQ신평11,2025-11-28,15.52,,,,,,,
JQ신평11,2025-11-29,15.45,,,,,,,
JQ신평11,2025-11-30,15.4,,,,,,,
JQ신평11,2025-12-01,15.4,,,,,,,
JQ신평11,2025-12-02,15.41,,,,,,,
JQ신평11,2025-12-03,15.45,,,,,,,
JQ신평11,2025-12-04,15.46,,,,,,,
JQ신평11,2025-12-05,15.43,,,,,,,
JQ신평11,2025-12-06,15.35,,,,,,,
JQ신평11,2025-12-07,15.29,,,,,,,
JQ신평11,2025-12-08,15.29,,,,,,,
JQ신평11,2025-12-09,15.27,,,,,,,
JQ신평11,2025-12-10,15.18,,,,,,,
JQ신평11,2025-12-11,15.16,,,,,,,
JQ신평11,2025-12-12,15.2,,,,,,,
JQ신평11,2025-12-13,15.11,,,,,,,
JQ신평11,2025-12-14,15.15,,,,,,,
JQ신평11,2025-12-15,15.14,,,,,,,
JQ신평11,2025-12-16,15.07,,,,,,,
JQ신평11,2025-12-17,15.05,,,,,,,
JQ신평11,2025-12-18,15.04,,,,,,,
JQ신평11,2025-12-19,14.96,,,,,,,
JQ신평11,2025-12-20,14.94,,,,,,,
JQ신평11,2025-12-21,15.02,,,,,,,
JQ신평11,2025-12-22,14.96,,,,,,,
JQ신평11,2025-12-23,14.88,,,,,,,
JQ신평11,2025-12-24,14.85,,,,,,,
JQ신평11,2025-12-25,14.92,,,,,,,
JQ신평11,2025-12-26,14.92,,,,,,,
JQ신평11,2025-12-27,14.87,,,,,,,
JQ신평11,2025-12-28,14.8,,,,,,,
JQ신평11,2025-12-29,14.76,,,,,,,
JQ신평11,2025-12-30,14.78,,,,,,,
JQ신평11,2025-12-31,14.77,,,,,,,
JQ신평11,2026-01-01,14.75,S11,30.25,7.22,14.36,128.0,1026.04,13.01
JQ신평11,2026-01-02,14.75,S11,30.25,7.22,14.36,128.0,1026.21,12.96
JQ신평11,2026-01-03,14.73,S11,30.27,7.2,14.36,128.0,1028.88,12.94
JQ신평11,2026-01-04,14.68,S11,30.32,7.15,14.36,128.0,1027.79,12.95
JQ신평11,2026-01-05,14.68,S11,30.32,7.15,14.36,128.0,1023.46,13.01
JQ신평11,2026-01-06,14.66,S11,30.34,7.13,14.36,128.0,1025.25,13.06
JQ신평11,2026-01-07,14.66,S11,30.34,7.13,14.36,128.0,1023.29,12.92
JQ신평11,2026-01-08,14.65,S11,30.35,7.12,14.36,127.0,1026.71,12.95
JQ신평11,2026-01-09,14.59,S11,30.41,7.06,14.36,127.0,1027.71,13.02
JQ신평11,2026-01-10,14.58,S11,30.42,7.05,14.36,127.0,1022.17,13.0
JQ신평11,2026-01-11,14.61,S11,30.39,7.08,14.36,127.0,1025.0,12.94
JQ신평11,2026-01-12,14.56,S11,30.44,7.03,14.36,127.0,1025.63,12.97
JQ신평11,2026-01-13,14.56,S11,30.44,7.03,14.36,127.0,1020.21,13.06
JQ신평11,2026-01-14,14.5,S11,30.5,6.97,14.36,127.0,1026.25,13.05
JQ신평11,2026-01-15,14.41,S11,30.59,6.88,14.36,127.0,1027.13,13.03
JQ신평11,2026-01-16,14.41,S11,30.59,6.88,14.36,127.0,1022.67,13.08
JQ신평11,2026-01-17,14.4,S11,30.6,6.87,14.36,127.0,1020.92,13.05
JQ신평11,2026-01-18,14.36,S11,30.64,6.83,14.36,127.0,1022.54,13.03
JQ신평11,2026-01-19,14.38,S11,30.62,6.85,14.36,127.0,1021.71,13.0
JQ신평11,2026-01-20,14.38,S11,30.62,6.85,14.36,127.0,1024.96,12.99
JQ신평11,2026-01-21,14.38,S11,30.62,6.85,14.36,127.0,1027.13,12.9
JQ신평11,2026-01-22,14.37,S11,30.64,6.84,14.36,127.0,1029.25,12.93
JQ신평11,2026-01-23,14.34,S11,30.66,6.81,14.36,127.0,1029.17,12.99
JQ신평11,2026-01-24,14.32,S11,30.69,6.79,14.36,127.0,1027.25,13.05
JQ신평11,2026-01-25,14.28,S11,30.72,6.75,14.36,126.0,1030.46,13.0
JQ신평11,2026-01-26,14.25,S11,30.75,6.72,14.36,126.0,1027.38,12.91
JQ신평11,2026-01-27,14.26,S11,30.74,6.73,14.36,126.0,1025.83,12.97
JQ신평11,2026-01-28,14.24,S11,30.76,6.71,14.36,126.0,1028.71,13.05
JQ신평11,2026-01-29,14.21,S11,30.79,6.68,14.36,126.0,1031.17,13.0
JQ신평11,2026-01-30,14.18,S11,30.82,6.65,14.36,126.0,1031.17,13.01
JQ신평11,2026-01-31,14.16,S11,30.84,6.63,14.35,126.0,1028.71,13.04
JQ신평11,2026-02-01,14.12,S11,30.88,6.59,14.36,126.0,1028.67,13.02
JQ신평11,2026-02-02,14.1,S11,30.9,6.57,14.35,126.0,1029.0,12.99
JQ신평11,2026-02-03,14.06,S11,30.94,6.53,14.36,126.0,1032.17,13.07
JQ신평11,2026-02-04,14.01,S11,31.0,6.48,14.35,126.0,1027.96,13.03
JQ신평11,2026-02-05,13.99,S11,31.01,6.46,14.35,125.0,1022.58,13.07
JQ신평11,2026-02-06,14.02,S11,30.98,6.49,14.35,125.0,1021.88,12.98
JQ신평11,2026-02-07,14.02,S11,30.98,6.49,14.35,125.0,1025.04,12.88
JQ신평11,2026-02-08,14.01,S11,30.99,6.48,14.35,125.0,1029.88,12.97
JQ신평11,2026-02-09,13.98,S11,31.02,6.45,14.35,125.0,1031.25,13.09
JQ신평11,2026-02-10,13.98,S11,31.02,6.45,14.35,125.0,1024.21,12.86
JQ신평11,2026-02-11,14.0,S11,31.0,6.47,14.35,125.0,1023.21,13.05
JQ신평11,2026-02-12,13.95,S11,31.05,6.42,14.35,125.0,1026.21,13.08
JQ신평11,2026-02-13,13.92,S11,31.08,6.39,14.35,125.0,1024.71,13.1
JQ신평11,2026-02-14,13.9,S11,31.1,6.37,14.35,125.0,1020.79,12.86
JQ신평11,2026-02-15,13.91,S11,31.09,6.38,14.35,125.0,1020.46,13.1
JQ신평11,2026-02-16,13.89,S11,31.11,6.36,14.35,125.0,1022.92,13.03
JQ신평11,2026-02-17,13.88,S11,31.13,6.35,14.35,125.0,1024.63,13.1
JQ신평11,2026-02-18,13.84,S11,31.16,6.31,14.35,125.0,1025.71,13.1
JQ신평11,2026-02-19,13.78,S11,31.22,6.25,14.35,125.0,1027.0,13.08
JQ신평11,2026-02-20,13.73,S11,31.27,6.2,14.35,125.0,1024.38,13.1
JQ신평11,2026-02-21,13.71,S11,31.29,6.18,14.35,125.0,1020.79,13.11
JQ신평11,2026-02-22,13.71,S11,31.3,6.18,14.35,125.0,1019.67,13.05
JQ신평11,2026-02-23,13.75,S11,31.25,6.22,14.35,125.0,1025.0,13.1
JQ신평11,2026-02-24,13.83,S11,31.17,6.3,14.34,125.0,1020.08,12.87
JQ신평11,2026-02-25,14.01,S11,30.99,6.48,14.33,125.0,1019.92,13.04
JQ신평11,2026-02-26,13.94,S11,31.06,6.41,14.34,125.0,1021.17,12.99
JQ신평11,2026-02-27,13.97,S11,31.03,6.44,14.34,125.0,1016.42,12.95
JQ신평11,2026-02-28,13.98,S11,31.02,6.45,14.34,125.0,1019.54,13.1
JQ신평11,2026-03-01,13.91,S11,31.09,6.38,14.34,125.0,1022.88,13.0
JQ신평11,2026-03-02,13.89,S11,31.11,6.36,14.34,125.0,1019.13,13.01
JQ신평11,2026-03-03,13.96,S11,31.04,6.43,14.34,124.0,1019.08,12.99
JQ신평11,2026-03-04,13.9,S11,31.1,6.37,14.34,125.0,1025.96,13.09
JQ신평11,2026-03-05,13.85,S11,31.15,6.32,14.34,125.0,1026.58,13.08
JQ신평11,2026-03-06,13.92,S11,31.08,6.39,14.34,125.0,1023.54,13.02
JQ신평11,2026-03-07,13.9,S11,31.1,6.37,14.34,124.0,1028.79,13.08
JQ신평11,2026-03-08,13.85,S11,31.15,6.32,14.34,125.0,1029.63,13.11
JQ신평11,2026-03-09,13.81,S11,31.19,6.28,14.34,125.0,1029.38,13.08
JQ신평11,2026-03-10,13.76,S11,31.24,6.23,14.34,124.0,1029.79,13.1
JQ신평11,2026-03-11,13.74,S11,31.27,6.21,14.34,124.0,1027.5,13.08
JQ신평11,2026-03-12,13.71,S11,31.29,6.18,14.34,124.0,1026.88,13.11
JQ신평11,2026-03-13,13.68,S11,31.32,6.15,14.34,124.0,1030.04,13.1
JQ신평11,2026-03-14,13.63,S11,31.37,6.1,14.34,124.0,1032.25,13.12
JQ신평11,2026-03-15,13.62,S11,31.38,6.09,14.34,124.0,1028.58,13.11
JQ신평11,2026-03-16,13.6,S11,31.4,6.07,14.34,124.0,1025.5,13.05
JQ신평11,2026-03-17,13.55,S11,31.45,6.02,14.34,124.0,1025.63,13.12
JQ신평11,2026-03-18,13.7,S11,31.3,6.17,14.33,124.0,1020.71,12.86
JQ신평11,2026-03-19,13.85,S11,31.15,6.32,14.33,124.0,1019.71,13.13
JQ신평11,2026-03-20,13.8,S11,31.2,6.27,14.34,126.0,1023.04,13.11
JQ신평11,2026-03-21,13.74,S11,31.26,6.21,14.34,126.0,1026.38,13.13
JQ신평11,2026-03-22,13.68,S11,31.32,6.15,14.34,126.0,1024.54,13.13
JQ신평11,2026-03-23,13.66,S11,31.34,6.13,14.34,125.0,1022.42,13.13
JQ신평11,2026-03-24,13.62,S11,31.38,6.09,14.34,125.0,1021.17,13.05
JQ신평11,2026-03-25,13.7,S11,31.3,6.17,14.34,124.0,1016.71,13.04
JQ신평11,2026-03-26,13.68,S11,31.32,6.15,14.33,124.0,1019.08,13.14
JQ신평11,2026-03-27,13.62,S11,31.38,6.09,14.34,124.0,1019.25,13.15
JQ신평11,2026-03-28,13.6,S11,31.4,6.07,14.34,124.0,1019.21,13.15
JQ신평11,2026-03-29,13.57,S11,31.43,6.04,14.34,124.0,1019.54,13.14
JQ신평11,2026-03-30,13.52,S11,31.48,5.99,14.34,124.0,1019.33,12.98
JQ신평11,2026-03-31,13.59,S11,31.41,6.06,14.34,124.0,1014.96,13.07
JQ신평11,2026-04-01,13.62,S11,31.38,6.09,14.34,124.0,1014.04,13.0
JQ신평11,2026-04-02,13.57,S11,31.43,6.04,14.34,124.0,1019.38,13.16
JQ신평11,2026-04-03,13.5,S11,31.5,5.97,14.34,124.0,1020.29,13.1
JQ신평11,2026-04-04,13.87,S11,31.13,6.34,14.32,127.0,1016.75,13.05
JQ신평11,2026-04-05,14.1,S11,30.9,6.57,14.33,129.0,1014.04,13.16
JQ신평11,2026-04-06,14.04,S11,30.96,6.51,14.33,129.0,1014.0,12.97
JQ신평11,2026-04-07,14.04,S11,30.96,6.51,14.33,129.0,1014.29,13.17
JQ신평11,2026-04-08,13.91,S11,31.09,6.38,14.33,129.0,1023.54,13.17
JQ신평11,2026-04-09,14.31,S11,30.69,6.78,14.32,131.0,1022.83,12.77
JQ신평11,2026-04-10,15.26,S11,29.75,7.73,14.31,143.0,1021.08,13.13
JQ신평11,2026-04-11,15.35,S11,29.65,7.82,14.33,143.0,1017.58,13.18
JQ신평11,2026-04-12,15.27,S11,29.74,7.74,14.33,143.0,1017.0,13.06
JQ신평11,2026-04-13,15.19,S11,29.81,7.66,14.33,142.0,1017.25,13.1
JQ신평11,2026-04-14,15.14,S11,29.86,7.61,14.33,139.0,1016.63,12.95
JQ신평11,2026-04-15,15.13,S11,29.87,7.6,14.33,136.0,1016.88,13.15
JQ신평11,2026-04-16,15.09,S11,29.91,7.56,14.34,134.0,1017.5,13.2
JQ신평11,2026-04-17,15.04,S11,29.96,7.51,14.34,133.0,1017.0,13.0
JQ신평11,2026-04-18,15.02,S11,29.98,7.49,14.33,132.0,1017.08,13.14
JQ신평11,2026-04-19,15.04,S11,29.96,7.51,14.33,131.0,1017.08,13.14
JQ신평11,2026-04-20,15.05,S11,29.95,7.52,14.33,131.0,1016.25,13.12
JQ신평11,2026-04-21,14.98,S11,30.02,7.45,14.34,131.0,1020.21,13.15
JQ신평11,2026-04-22,14.87,S11,30.13,7.34,14.34,131.0,1019.38,12.97
JQ신평11,2026-04-23,14.89,S11,30.11,7.36,14.34,130.0,1016.17,13.12
JQ신평11,2026-04-24,14.9,S11,30.1,7.37,14.34,129.0,1016.42,13.18
JQ신평11,2026-04-25,14.81,S11,30.19,7.28,14.34,129.0,1019.17,13.21
JQ신평11,2026-04-26,14.7,S11,30.3,7.17,14.34,129.0,1019.29,13.19
JQ신평11,2026-04-27,14.64,S11,30.36,7.11,14.34,129.0,1018.25,13.2
JQ신평11,2026-04-28,14.6,S11,30.4,7.07,14.34,128.0,1017.04,13.09
JQ신평11,2026-04-29,14.67,S11,30.33,7.02,14.34,128.0,1017.76,13.14
JQ신평11,2026-04-30,14.78,S11,30.22,6.94,14.34,128.0,1018.13,13.11
JQ신평11,2026-05-01,14.71,S11,30.29,6.87,14.35,128.0,1017.83,13.17
JQ신평11,2026-05-02,14.64,S11,30.36,6.8,14.35,128.0,1018.08,13.15
JQ신평11,2026-05-03,14.71,S11,30.29,6.87,14.34,127.0,1016.79,12.99
JQ신평11,2026-05-04,14.88,S11,30.12,7.04,14.34,126.0,1016.63,13.16
JQ신평11,2026-05-05,14.78,S11,30.22,6.94,14.34,126.0,1022.13,13.18
JQ신평11,2026-05-06,14.67,S11,30.33,6.83,14.34,126.0,1023.17,13.17
JQ신평11,2026-05-07,14.58,S11,30.42,6.74,14.34,126.0,1022.92,13.21
JQ신평11,2026-05-08,14.55,S11,30.45,6.71,14.35,126.0,1021.79,13.17
JQ신평11,2026-05-09,14.49,S11,30.52,6.65,14.35,126.0,1022.33,13.17
JQ신평11,2026-05-10,14.37,S11,30.63,6.53,14.35,126.0,1023.29,13.18
JQ신평11,2026-05-11,14.25,S11,30.75,6.41,14.35,126.0,1024.38,13.21
JQ신평11,2026-05-12,14.23,S11,30.77,6.39,14.35,126.0,1023.21,13.14
JQ신평11,2026-05-13,14.27,S11,30.73,6.43,14.35,126.0,1022.38,13.16
JQ신평11,2026-05-14,14.25,S11,30.75,6.41,14.35,126.0,1021.96,13.18
JQ신평11,2026-05-15,14.25,S11,30.75,6.41,14.35,125.0,1021.75,13.18
JQ신평11,2026-05-16,14.2,S11,30.8,6.36,14.35,125.0,1022.0,13.19
JQ신평11,2026-05-17,14.12,S11,30.88,6.28,14.35,126.0,1022.33,13.18
JQ신평11,2026-05-18,14.05,S11,30.95,6.21,14.35,125.0,1021.79,13.17
JQ신평11,2026-05-19,13.99,S11,31.01,6.15,14.35,125.0,1021.25,13.14
JQ신평11,2026-05-20,14.0,S11,31.0,6.16,14.35,125.0,1020.25,13.01
JQ신평11,2026-05-21,14.04,S11,30.96,6.2,14.35,125.0,1019.58,13.12
JQ신평11,2026-05-22,14.04,S11,30.96,6.2,14.35,125.0,1019.54,13.2
JQ신평11,2026-05-23,14.01,S11,30.99,6.17,14.35,125.0,1019.58,13.16
JQ신평11,2026-05-24,13.98,S11,31.02,6.14,14.35,125.0,1019.42,13.16
JQ신평11,2026-05-25,13.93,S11,31.07,6.09,14.35,125.0,1019.42,13.13
JQ신평11,2026-05-26,13.94,S11,31.06,6.1,14.35,125.0,1018.25,12.96
JQ신평11,2026-05-27,14.21,S11,30.79,6.37,14.34,125.0,1018.67,13.13
JQ신평11,2026-05-28,14.25,S11,30.75,6.41,14.34,125.0,1017.5,13.13
JQ신평11,2026-05-29,14.23,S11,30.77,6.39,14.35,125.0,1017.54,13.18
JQ신평11,2026-05-30,14.21,S11,30.79,6.37,14.35,125.0,1017.21,13.18
JQ신평11,2026-05-31,14.16,S11,30.84,6.32,14.35,125.0,1017.88,13.15
JQ신평11,2026-06-01,14.16,S11,30.84,6.32,14.35,125.0,1016.75,13.09
JQ신평11,2026-06-02,14.29,S11,30.71,6.45,14.33,125.0,1016.92,13.12
JQ신평11,2026-06-03,14.3,S11,30.7,6.46,14.34,125.0,1016.75,13.18
JQ신평11,2026-06-04,14.33,S11,30.67,6.49,14.34,126.0,1015.67,13.11
JQ신평11,2026-06-05,14.39,S11,30.61,6.55,14.34,128.0,1015.42,13.2
JQ신평11,2026-06-06,14.35,S11,30.65,6.51,14.34,128.0,1015.42,13.17
JQ신평11,2026-06-07,14.27,S11,30.73,6.43,14.35,128.0,1015.83,13.09
JQ신평11,2026-06-08,14.26,S11,30.75,6.42,14.35,128.0,1014.04,13.02
JQ신평11,2026-06-09,14.21,S11,30.79,6.37,14.35,128.0,1014.33,13.11
JQ신평11,2026-06-10,14.18,S11,30.82,6.34,14.35,126.0,1014.5,13.2
