관측소명,날짜,EL
JD협재,2016-01-01,6.37
JD협재,2016-01-02,6.41
JD협재,2016-01-03,6.43
JD협재,2016-01-04,6.4
JD협재,2016-01-05,6.37
JD협재,2016-01-06,6.33
JD협재,2016-01-07,6.32
JD협재,2016-01-08,6.32
JD협재,2016-01-09,6.3
JD협재,2016-01-10,6.28
JD협재,2016-01-11,6.29
JD협재,2016-01-12,6.29
JD협재,2016-01-13,6.3
JD협재,2016-01-14,6.27
JD협재,2016-01-15,6.26
JD협재,2016-01-16,6.24
JD협재,2016-01-17,6.29
JD협재,2016-01-18,6.28
JD협재,2016-01-19,6.21
JD협재,2016-01-20,6.18
JD협재,2016-01-21,6.2
JD협재,2016-01-22,6.18
JD협재,2016-01-23,6.17
JD협재,2016-01-24,6.17
JD협재,2016-01-25,6.11
JD협재,2016-01-26,5.95
JD협재,2016-01-27,5.92
JD협재,2016-01-28,6.0
JD협재,2016-01-29,6.03
JD협재,2016-01-30,5.98
JD협재,2016-01-31,5.93
JD협재,2016-02-01,5.91
JD협재,2016-02-02,5.91
JD협재,2016-02-03,5.9
JD협재,2016-02-04,5.9
JD협재,2016-02-05,5.89
JD협재,2016-02-06,5.9
JD협재,2016-02-07,5.91
JD협재,2016-02-08,5.94
JD협재,2016-02-09,5.93
JD협재,2016-02-10,5.95
JD협재,2016-02-11,5.98
JD협재,2016-02-12,6.03
JD협재,2016-02-13,6.09
JD협재,2016-02-14,6.05
JD협재,2016-02-15,6.02
JD협재,2016-02-16,6.02
JD협재,2016-02-17,6.01
JD협재,2016-02-18,6.02
JD협재,2016-02-19,6.02
JD협재,2016-02-20,6.02
JD협재,2016-02-21,6.0
JD협재,2016-02-22,6.02
JD협재,2016-02-23,6.03
JD협재,2016-02-24,6.0
JD협재,2016-02-25,5.97
JD협재,2016-02-26,6.0
JD협재,2016-02-27,6.03
JD협재,2016-02-28,6.01
JD협재,2016-02-29,5.98
JD협재,2016-03-01,5.93
JD협재,2016-03-02,5.93
JD협재,2016-03-03,5.94
JD협재,2016-03-04,5.97
JD협재,2016-03-05,5.96
JD협재,2016-03-06,6.0
JD협재,2016-03-07,6.02
JD협재,2016-03-08,6.01
JD협재,2016-03-09,6.02
JD협재,2016-03-10,5.99
JD협재,2016-03-11,5.99
JD협재,2016-03-12,5.99
JD협재,2016-03-13,6.02
JD협재,2016-03-14,6.04
JD협재,2016-03-15,6.02
JD협재,2016-03-16,6.01
JD협재,2016-03-17,5.97
JD협재,2016-03-18,6.04
JD협재,2016-03-19,6.02
JD협재,2016-03-20,5.97
JD협재,2016-03-21,5.9
JD협재,2016-03-22,5.9
JD협재,2016-03-23,5.87
JD협재,2016-03-24,5.86
JD협재,2016-03-25,5.86
JD협재,2016-03-26,5.86
JD협재,2016-03-27,5.9
JD협재,2016-03-28,5.93
JD협재,2016-03-29,5.98
JD협재,2016-03-30,5.97
JD협재,2016-03-31,5.98
JD협재,2016-04-01,5.95
JD협재,2016-04-02,5.97
JD협재,2016-04-03,6.02
JD협재,2016-04-04,6.05
JD협재,2016-04-05,6.03
JD협재,2016-04-06,6.04
JD협재,2016-04-07,6.08
JD협재,2016-04-08,6.03
JD협재,2016-04-09,6.04
JD협재,2016-04-10,6.07
JD협재,2016-04-11,6.07
JD협재,2016-04-12,6.09
JD협재,2016-04-13,6.15
JD협재,2016-04-14,6.14
JD협재,2016-04-15,6.1
JD협재,2016-04-16,6.17
JD협재,2016-04-17,6.19
JD협재,2016-04-18,6.17
JD협재,2016-04-19,6.14
JD협재,2016-04-20,6.18
JD협재,2016-04-21,6.26
JD협재,2016-04-22,6.23
JD협재,2016-04-23,6.23
JD협재,2016-04-24,6.23
JD협재,2016-04-25,6.21
JD협재,2016-04-26,6.22
JD협재,2016-04-27,6.29
JD협재,2016-04-28,6.25
JD협재,2016-04-29,6.24
JD협재,2016-04-30,6.24
JD협재,2016-05-01,6.24
JD협재,2016-05-02,6.29
JD협재,2016-05-03,6.38
JD협재,2016-05-04,6.36
JD협재,2016-05-05,6.35
JD협재,2016-05-06,6.41
JD협재,2016-05-07,6.38
JD협재,2016-05-08,6.4
JD협재,2016-05-09,6.45
JD협재,2016-05-10,6.48
JD협재,2016-05-11,6.46
JD협재,2016-05-12,6.44
JD협재,2016-05-13,6.41
JD협재,2016-05-14,6.4
JD협재,2016-05-15,6.44
JD협재,2016-05-16,6.45
JD협재,2016-05-17,6.42
JD협재,2016-05-18,6.42
JD협재,2016-05-19,6.41
JD협재,2016-05-20,6.38
JD협재,2016-05-21,6.38
JD협재,2016-05-22,6.4
JD협재,2016-05-23,6.39
JD협재,2016-05-24,6.45
JD협재,2016-05-25,6.38
JD협재,2016-05-26,6.39
JD협재,2016-05-27,6.42
JD협재,2016-05-28,6.45
JD협재,2016-05-29,6.49
JD협재,2016-05-30,6.48
JD협재,2016-05-31,6.44
JD협재,2016-06-01,6.42
JD협재,2016-06-02,6.38
JD협재,2016-06-03,6.36
JD협재,2016-06-04,6.42
JD협재,2016-06-05,6.38
JD협재,2016-06-06,6.36
JD협재,2016-06-07,6.31
JD협재,2016-06-08,6.34
JD협재,2016-06-09,6.31
JD협재,2016-06-10,6.23
JD협재,2016-06-11,6.26
JD협재,2016-06-12,6.32
JD협재,2016-06-13,6.34
JD협재,2016-06-14,6.3
JD협재,2016-06-15,6.32
JD협재,2016-06-16,6.25
JD협재,2016-06-17,6.18
JD협재,2016-06-18,6.21
JD협재,2016-06-19,6.23
JD협재,2016-06-20,6.24
JD협재,2016-06-21,6.23
JD협재,2016-06-22,6.31
JD협재,2016-06-23,6.33
JD협재,2016-06-24,6.36
JD협재,2016-06-25,6.3
JD협재,2016-06-26,6.28
JD협재,2016-06-27,6.3
JD협재,2016-06-28,6.31
JD협재,2016-06-29,6.35
JD협재,2016-06-30,6.37
JD협재,2016-07-01,6.4
JD협재,2016-07-02,6.46
JD협재,2016-07-03,6.46
JD협재,2016-07-04,6.48
JD협재,2016-07-05,6.47
JD협재,2016-07-06,6.46
JD협재,2016-07-07,6.43
JD협재,2016-07-08,6.48
JD협재,2016-07-09,6.48
JD협재,2016-07-10,6.54
JD협재,2016-07-11,6.56
JD협재,2016-07-12,6.58
JD협재,2016-07-13,6.61
JD협재,2016-07-14,6.61
JD협재,2016-07-15,6.62
JD협재,2016-07-16,6.61
JD협재,2016-07-17,6.53
JD협재,2016-07-18,6.56
JD협재,2016-07-19,6.64
JD협재,2016-07-20,6.63
JD협재,2016-07-21,6.61
JD협재,2016-07-22,6.58
JD협재,2016-07-23,6.52
JD협재,2016-07-24,6.44
JD협재,2016-07-25,6.48
JD협재,2016-07-26,6.51
JD협재,2016-07-27,6.47
JD협재,2016-07-28,6.4
JD협재,2016-07-29,6.37
JD협재,2016-07-30,6.32
JD협재,2016-07-31,6.29
JD협재,2016-08-01,6.26
JD협재,2016-08-02,6.24
JD협재,2016-08-03,6.35
JD협재,2016-08-04,6.41
JD협재,2016-08-05,6.41
JD협재,2016-08-06,6.46
JD협재,2016-08-07,6.49
JD협재,2016-08-08,6.49
JD협재,2016-08-09,6.47
JD협재,2016-08-10,6.47
JD협재,2016-08-11,6.46
JD협재,2016-08-12,6.47
JD협재,2016-08-13,6.48
JD협재,2016-08-14,6.48
JD협재,2016-08-15,6.4
JD협재,2016-08-16,6.4
JD협재,2016-08-17,6.38
JD협재,2016-08-18,6.31
JD협재,2016-08-19,6.36
JD협재,2016-08-20,6.35
JD협재,2016-08-21,6.34
JD협재,2016-08-22,6.24
JD협재,2016-08-23,6.18
JD협재,2016-08-24,6.13
JD협재,2016-08-25,6.09
JD협재,2016-08-26,6.07
JD협재,2016-08-27,6.06
JD협재,2016-08-28,6.21
JD협재,2016-08-29,6.23
JD협재,2016-08-30,6.2
JD협재,2016-08-31,6.19
JD협재,2016-09-01,6.2
JD협재,2016-09-02,6.25
JD협재,2016-09-03,6.25
JD협재,2016-09-04,6.22
JD협재,2016-09-05,6.22
JD협재,2016-09-06,6.14
JD협재,2016-09-07,6.12
JD협재,2016-09-08,6.13
JD협재,2016-09-09,6.04
JD협재,2016-09-10,5.98
JD협재,2016-09-11,5.96
JD협재,2016-09-12,6.02
JD협재,2016-09-13,6.03
JD협재,2016-09-14,6.04
JD협재,2016-09-15,6.07
JD협재,2016-09-16,6.11
JD협재,2016-09-17,6.17
JD협재,2016-09-18,6.18
JD협재,2016-09-19,6.15
JD협재,2016-09-20,6.07
JD협재,2016-09-21,6.02
JD협재,2016-09-22,5.99
JD협재,2016-09-23,5.85
JD협재,2016-09-24,5.85
JD협재,2016-09-25,5.81
JD협재,2016-09-26,5.85
JD협재,2016-09-27,5.89
JD협재,2016-09-28,5.95
JD협재,2016-09-29,5.97
JD협재,2016-09-30,5.98
JD협재,2016-10-01,5.97
JD협재,2016-10-02,5.99
JD협재,2016-10-03,6.01
JD협재,2016-10-04,6.01
JD협재,2016-10-05,6.28
JD협재,2016-10-06,6.21
JD협재,2016-10-07,6.21
JD협재,2016-10-08,6.25
JD협재,2016-10-09,6.27
JD협재,2016-10-10,6.25
JD협재,2016-10-11,6.33
JD협재,2016-10-12,6.31
JD협재,2016-10-13,6.32
JD협재,2016-10-14,6.32
JD협재,2016-10-15,6.33
JD협재,2016-10-16,6.4
JD협재,2016-10-17,6.42
JD협재,2016-10-18,6.34
JD협재,2016-10-19,6.34
JD협재,2016-10-20,6.38
JD협재,2016-10-21,6.41
JD협재,2016-10-22,6.46
JD협재,2016-10-23,6.48
JD협재,2016-10-24,6.48
JD협재,2016-10-25,6.5
JD협재,2016-10-26,6.48
JD협재,2016-10-27,6.48
JD협재,2016-10-28,6.52
JD협재,2016-10-29,6.47
JD협재,2016-10-30,6.46
JD협재,2016-10-31,6.49
JD협재,2016-11-01,6.46
JD협재,2016-11-02,6.45
JD협재,2016-11-03,6.47
JD협재,2016-11-04,6.49
JD협재,2016-11-05,6.48
JD협재,2016-11-06,6.49
JD협재,2016-11-07,6.51
JD협재,2016-11-08,6.53
JD협재,2016-11-09,6.51
JD협재,2016-11-10,6.55
JD협재,2016-11-11,6.55
JD협재,2016-11-12,6.57
JD협재,2016-11-13,6.57
JD협재,2016-11-14,6.63
JD협재,2016-11-15,6.59
JD협재,2016-11-16,6.56
JD협재,2016-11-17,6.56
JD협재,2016-11-18,6.58
JD협재,2016-11-19,6.57
JD협재,2016-11-20,6.53
JD협재,2016-11-21,6.55
JD협재,2016-11-22,6.52
JD협재,2016-11-23,6.49
JD협재,2016-11-24,6.47
JD협재,2016-11-25,6.45
JD협재,2016-11-26,6.48
JD협재,2016-11-27,6.49
JD협재,2016-11-28,6.44
JD협재,2016-11-29,6.39
JD협재,2016-11-30,6.4
JD협재,2016-12-01,6.36
JD협재,2016-12-02,6.33
JD협재,2016-12-03,6.32
JD협재,2016-12-04,6.33
JD협재,2016-12-05,6.32
JD협재,2016-12-06,6.27
JD협재,2016-12-07,6.24
JD협재,2016-12-08,6.3
JD협재,2016-12-09,6.27
JD협재,2016-12-10,6.25
JD협재,2016-12-11,6.19
JD협재,2016-12-12,6.21
JD협재,2016-12-13,6.21
JD협재,2016-12-14,6.17
JD협재,2016-12-15,6.13
JD협재,2016-12-16,6.1
JD협재,2016-12-17,6.03
JD협재,2016-12-18,6.02
JD협재,2016-12-19,6.09
JD협재,2016-12-20,6.09
JD협재,2016-12-21,6.09
JD협재,2016-12-22,6.11
JD협재,2016-12-23,6.07
JD협재,2016-12-24,6.03
JD협재,2016-12-25,6.03
JD협재,2016-12-26,6.08
JD협재,2016-12-27,6.05
JD협재,2016-12-28,6.0
JD협재,2016-12-29,5.98
JD협재,2016-12-30,5.97
JD협재,2016-12-31,5.97
JD협재,2017-01-01,5.98
JD협재,2017-01-02,6.01
JD협재,2017-01-03,5.98
JD협재,2017-01-04,5.96
JD협재,2017-01-05,5.96
JD협재,2017-01-06,5.93
JD협재,2017-01-07,5.93
JD협재,2017-01-08,5.96
JD협재,2017-01-09,5.92
JD협재,2017-01-10,5.85
JD협재,2017-01-11,5.82
JD협재,2017-01-12,5.83
JD협재,2017-01-13,5.83
JD협재,2017-01-14,5.78
JD협재,2017-01-15,5.75
JD협재,2017-01-16,5.76
JD협재,2017-01-17,5.74
JD협재,2017-01-18,5.72
JD협재,2017-01-19,5.73
JD협재,2017-01-20,5.73
JD협재,2017-01-21,5.68
JD협재,2017-01-22,5.67
JD협재,2017-01-23,5.75
JD협재,2017-01-24,5.71
JD협재,2017-01-25,5.66
JD협재,2017-01-26,5.65
JD협재,2017-01-27,5.66
JD협재,2017-01-28,5.67
JD협재,2017-01-29,5.72
JD협재,2017-01-30,5.67
JD협재,2017-01-31,5.63
JD협재,2017-02-01,5.62
JD협재,2017-02-02,5.56
JD협재,2017-02-03,5.57
JD협재,2017-02-04,5.6
JD협재,2017-02-05,5.61
JD협재,2017-02-06,5.56
JD협재,2017-02-07,5.53
JD협재,2017-02-08,5.54
JD협재,2017-02-09,5.54
JD협재,2017-02-10,5.52
JD협재,2017-02-11,5.48
JD협재,2017-02-12,5.44
JD협재,2017-02-13,5.42
JD협재,2017-02-14,5.36
JD협재,2017-02-15,5.35
JD협재,2017-02-16,5.37
JD협재,2017-02-17,5.34
JD협재,2017-02-18,5.27
JD협재,2017-02-19,5.3
JD협재,2017-02-20,5.33
JD협재,2017-02-21,5.26
JD협재,2017-02-22,5.32
JD협재,2017-02-23,5.28
JD협재,2017-02-24,5.2
JD협재,2017-02-25,5.2
JD협재,2017-02-26,5.21
JD협재,2017-02-27,5.19
JD협재,2017-02-28,5.2
JD협재,2017-03-01,5.22
JD협재,2017-03-02,5.21
JD협재,2017-03-03,5.12
JD협재,2017-03-04,5.08
JD협재,2017-03-05,5.08
JD협재,2017-03-06,5.06
JD협재,2017-03-07,5.07
JD협재,2017-03-08,5.06
JD협재,2017-03-09,5.0
JD협재,2017-03-10,4.96
JD협재,2017-03-11,4.93
JD협재,2017-03-12,4.92
JD협재,2017-03-13,4.95
JD협재,2017-03-14,4.9
JD협재,2017-03-15,4.82
JD협재,2017-03-16,4.8
JD협재,2017-03-17,4.8
JD협재,2017-03-18,4.8
JD협재,2017-03-19,4.8
JD협재,2017-03-20,4.85
JD협재,2017-03-21,4.84
JD협재,2017-03-22,4.82
JD협재,2017-03-23,4.81
JD협재,2017-03-24,4.81
JD협재,2017-03-25,4.81
JD협재,2017-03-26,4.81
JD협재,2017-03-27,4.78
JD협재,2017-03-28,4.73
JD협재,2017-03-29,4.73
JD협재,2017-03-30,4.7
JD협재,2017-03-31,4.74
JD협재,2017-04-01,4.74
JD협재,2017-04-02,4.69
JD협재,2017-04-03,4.67
JD협재,2017-04-04,4.66
JD협재,2017-04-05,4.7
JD협재,2017-04-06,4.73
JD협재,2017-04-07,4.74
JD협재,2017-04-08,4.72
JD협재,2017-04-09,4.72
JD협재,2017-04-10,4.75
JD협재,2017-04-11,4.72
JD협재,2017-04-12,4.63
JD협재,2017-04-13,4.57
JD협재,2017-04-14,4.61
JD협재,2017-04-15,4.59
JD협재,2017-04-16,4.62
JD협재,2017-04-17,4.71
JD협재,2017-04-18,4.71
JD협재,2017-04-19,4.62
JD협재,2017-04-20,4.59
JD협재,2017-04-21,4.62
JD협재,2017-04-22,4.59
JD협재,2017-04-23,4.56
JD협재,2017-04-24,4.55
JD협재,2017-04-25,4.53
JD협재,2017-04-26,4.54
JD협재,2017-04-27,4.53
JD협재,2017-04-28,4.54
JD협재,2017-04-29,4.54
JD협재,2017-04-30,4.51
JD협재,2017-05-01,4.48
JD협재,2017-05-02,4.42
JD협재,2017-05-03,4.44
JD협재,2017-05-04,4.45
JD협재,2017-05-05,4.47
JD협재,2017-05-06,4.42
JD협재,2017-05-07,4.4
JD협재,2017-05-08,4.41
JD협재,2017-05-09,4.46
JD협재,2017-05-10,4.41
JD협재,2017-05-11,4.37
JD협재,2017-05-12,4.43
JD협재,2017-05-13,4.44
JD협재,2017-05-14,4.39
JD협재,2017-05-15,4.35
JD협재,2017-05-16,4.36
JD협재,2017-05-17,4.31
JD협재,2017-05-18,4.24
JD협재,2017-05-19,4.18
JD협재,2017-05-20,4.21
JD협재,2017-05-21,4.2
JD협재,2017-05-22,4.22
JD협재,2017-05-23,4.22
JD협재,2017-05-24,4.22
JD협재,2017-05-25,4.15
JD협재,2017-05-26,4.09
JD협재,2017-05-27,4.04
JD협재,2017-05-28,4.01
JD협재,2017-05-29,4.0
JD협재,2017-05-30,4.03
JD협재,2017-05-31,4.04
JD협재,2017-06-01,4.03
JD협재,2017-06-02,3.98
JD협재,2017-06-03,3.94
JD협재,2017-06-04,3.96
JD협재,2017-06-05,3.97
JD협재,2017-06-06,4.06
JD협재,2017-06-07,4.1
JD협재,2017-06-08,4.06
JD협재,2017-06-09,3.99
JD협재,2017-06-10,4.0
JD협재,2017-06-11,3.99
JD협재,2017-06-12,3.89
JD협재,2017-06-13,3.9
JD협재,2017-06-14,3.88
JD협재,2017-06-15,3.83
JD협재,2017-06-16,3.75
JD협재,2017-06-17,3.75
JD협재,2017-06-18,3.71
JD협재,2017-06-19,3.67
JD협재,2017-06-20,3.79
JD협재,2017-06-21,3.85
JD협재,2017-06-22,3.86
JD협재,2017-06-23,3.87
JD협재,2017-06-24,3.91
JD협재,2017-06-25,3.91
JD협재,2017-06-26,3.88
JD협재,2017-06-27,3.83
JD협재,2017-06-28,3.82
JD협재,2017-06-29,3.88
JD협재,2017-06-30,3.91
JD협재,2017-07-01,3.89
JD협재,2017-07-02,3.88
JD협재,2017-07-03,3.89
JD협재,2017-07-04,3.87
JD협재,2017-07-05,3.83
JD협재,2017-07-06,3.83
JD협재,2017-07-07,3.8
JD협재,2017-07-08,3.75
JD협재,2017-07-09,3.72
JD협재,2017-07-10,3.74
JD협재,2017-07-11,3.77
JD협재,2017-07-12,3.79
JD협재,2017-07-13,3.78
JD협재,2017-07-14,3.73
JD협재,2017-07-15,3.69
JD협재,2017-07-16,3.68
JD협재,2017-07-17,3.65
JD협재,2017-07-18,3.66
JD협재,2017-07-19,3.65
JD협재,2017-07-20,3.58
JD협재,2017-07-21,3.52
JD협재,2017-07-22,3.46
JD협재,2017-07-23,3.43
JD협재,2017-07-24,3.42
JD협재,2017-07-25,3.39
JD협재,2017-07-26,3.39
JD협재,2017-07-27,3.38
JD협재,2017-07-28,3.35
JD협재,2017-07-29,3.34
JD협재,2017-07-30,3.36
JD협재,2017-07-31,3.4
JD협재,2017-08-01,3.39
JD협재,2017-08-02,3.39
JD협재,2017-08-03,3.38
JD협재,2017-08-04,3.36
JD협재,2017-08-05,3.33
JD협재,2017-08-06,3.27
JD협재,2017-08-07,3.28
JD협재,2017-08-08,3.26
JD협재,2017-08-09,3.38
JD협재,2017-08-10,3.32
JD협재,2017-08-11,3.23
JD협재,2017-08-12,3.27
JD협재,2017-08-13,3.32
JD협재,2017-08-14,3.34
JD협재,2017-08-15,3.36
JD협재,2017-08-16,3.33
JD협재,2017-08-17,3.35
JD협재,2017-08-18,3.34
JD협재,2017-08-19,3.41
JD협재,2017-08-20,3.5
JD협재,2017-08-21,3.59
JD협재,2017-08-22,3.6
JD협재,2017-08-23,3.6
JD협재,2017-08-24,3.61
JD협재,2017-08-25,3.58
JD협재,2017-08-26,3.47
JD협재,2017-08-27,3.34
JD협재,2017-08-28,3.37
JD협재,2017-08-29,3.32
JD협재,2017-08-30,3.27
JD협재,2017-08-31,3.28
JD협재,2017-09-01,3.28
JD협재,2017-09-02,3.25
JD협재,2017-09-03,3.34
JD협재,2017-09-04,3.35
JD협재,2017-09-05,3.36
JD협재,2017-09-06,3.38
JD협재,2017-09-07,3.5
JD협재,2017-09-08,3.5
JD협재,2017-09-09,3.51
JD협재,2017-09-10,3.48
JD협재,2017-09-11,3.59
JD협재,2017-09-12,3.58
JD협재,2017-09-13,3.54
JD협재,2017-09-14,3.57
JD협재,2017-09-15,3.6
JD협재,2017-09-16,3.63
JD협재,2017-09-17,3.58
JD협재,2017-09-18,3.44
JD협재,2017-09-19,3.41
JD협재,2017-09-20,3.44
JD협재,2017-09-21,3.38
JD협재,2017-09-22,3.29
JD협재,2017-09-23,3.32
JD협재,2017-09-24,3.36
JD협재,2017-09-25,3.33
JD협재,2017-09-26,3.44
JD협재,2017-09-27,3.44
JD협재,2017-09-28,3.32
JD협재,2017-09-29,3.22
JD협재,2017-09-30,3.17
JD협재,2017-10-01,3.34
JD협재,2017-10-02,3.57
JD협재,2017-10-03,3.58
JD협재,2017-10-04,3.58
JD협재,2017-10-05,3.62
JD협재,2017-10-06,3.66
JD협재,2017-10-07,3.67
JD협재,2017-10-08,3.64
JD협재,2017-10-09,3.65
JD협재,2017-10-10,3.66
JD협재,2017-10-11,3.68
JD협재,2017-10-12,3.68
JD협재,2017-10-13,3.68
JD협재,2017-10-14,3.68
JD협재,2017-10-15,3.7
JD협재,2017-10-16,3.74
JD협재,2017-10-17,3.75
JD협재,2017-10-18,3.77
JD협재,2017-10-19,3.74
JD협재,2017-10-20,3.75
JD협재,2017-10-21,3.76
JD협재,2017-10-22,3.78
JD협재,2017-10-23,3.71
JD협재,2017-10-24,3.62
JD협재,2017-10-25,3.6
JD협재,2017-10-26,3.62
JD협재,2017-10-27,3.67
JD협재,2017-10-28,3.67
JD협재,2017-10-29,3.61
JD협재,2017-10-30,3.51
JD협재,2017-10-31,3.45
JD협재,2017-11-01,3.48
JD협재,2017-11-02,3.49
JD협재,2017-11-03,3.5
JD협재,2017-11-04,3.45
JD협재,2017-11-05,3.43
JD협재,2017-11-06,3.45
JD협재,2017-11-07,3.48
JD협재,2017-11-08,3.47
JD협재,2017-11-09,3.41
JD협재,2017-11-10,3.42
JD협재,2017-11-11,3.41
JD협재,2017-11-12,3.35
JD협재,2017-11-13,3.38
JD협재,2017-11-14,3.35
JD협재,2017-11-15,3.31
JD협재,2017-11-16,3.3
JD협재,2017-11-17,3.38
JD협재,2017-11-18,3.43
JD협재,2017-11-19,3.34
JD협재,2017-11-20,3.28
JD협재,2017-11-21,3.25
JD협재,2017-11-22,3.32
JD협재,2017-11-23,3.31
JD협재,2017-11-24,3.28
JD협재,2017-11-25,3.24
JD협재,2017-11-26,3.21
JD협재,2017-11-27,3.18
JD협재,2017-11-28,3.18
JD협재,2017-11-29,3.26
JD협재,2017-11-30,3.28
JD협재,2017-12-01,3.26
JD협재,2017-12-02,3.25
JD협재,2017-12-03,3.27
JD협재,2017-12-04,3.3
JD협재,2017-12-05,3.32
JD협재,2017-12-06,3.29
JD협재,2017-12-07,3.27
JD협재,2017-12-08,3.28
JD협재,2017-12-09,3.23
JD협재,2017-12-10,3.27
JD협재,2017-12-11,3.22
JD협재,2017-12-12,3.23
JD협재,2017-12-13,3.21
JD협재,2017-12-14,3.19
JD협재,2017-12-15,3.19
JD협재,2017-12-16,3.21
JD협재,2017-12-17,3.2
JD협재,2017-12-18,3.16
JD협재,2017-12-19,3.1
JD협재,2017-12-20,3.08
JD협재,2017-12-21,3.04
JD협재,2017-12-22,3.05
JD협재,2017-12-23,3.08
JD협재,2017-12-24,3.16
JD협재,2017-12-25,3.16
JD협재,2017-12-26,3.11
JD협재,2017-12-27,3.07
JD협재,2017-12-28,3.06
JD협재,2017-12-29,3.03
JD협재,2017-12-30,3.02
JD협재,2017-12-31,3.05
JD협재,2018-01-01,3.06
JD협재,2018-01-02,3.02
JD협재,2018-01-03,3.02
JD협재,2018-01-04,3.04
JD협재,2018-01-05,3.13
JD협재,2018-01-06,3.13
JD협재,2018-01-07,3.15
JD협재,2018-01-08,3.19
JD협재,2018-01-09,3.15
JD협재,2018-01-10,3.12
JD협재,2018-01-11,3.08
JD협재,2018-01-12,3.06
JD협재,2018-01-13,3.03
JD협재,2018-01-14,3.05
JD협재,2018-01-15,3.1
JD협재,2018-01-16,3.14
JD협재,2018-01-17,3.1
JD협재,2018-01-18,3.08
JD협재,2018-01-19,3.06
JD협재,2018-01-20,3.06
JD협재,2018-01-21,3.06
JD협재,2018-01-22,3.1
JD협재,2018-01-23,3.09
JD협재,2018-01-24,3.06
JD협재,2018-01-25,3.05
JD협재,2018-01-26,3.06
JD협재,2018-01-27,3.02
JD협재,2018-01-28,2.97
JD협재,2018-01-29,2.93
JD협재,2018-01-30,2.91
JD협재,2018-01-31,2.9
JD협재,2018-02-01,2.9
JD협재,2018-02-02,2.89
JD협재,2018-02-03,2.89
JD협재,2018-02-04,2.88
JD협재,2018-02-05,2.88
JD협재,2018-02-06,2.88
JD협재,2018-02-07,2.88
JD협재,2018-02-08,2.88
JD협재,2018-02-09,2.87
JD협재,2018-02-10,2.86
JD협재,2018-02-11,2.83
JD협재,2018-02-12,2.82
JD협재,2018-02-13,2.79
JD협재,2018-02-14,2.8
JD협재,2018-02-15,2.8
JD협재,2018-02-16,2.82
JD협재,2018-02-17,2.76
JD협재,2018-02-18,2.73
JD협재,2018-02-19,2.78
JD협재,2018-02-20,2.77
JD협재,2018-02-21,2.76
JD협재,2018-02-22,2.72
JD협재,2018-02-23,2.69
JD협재,2018-02-24,2.69
JD협재,2018-02-25,2.69
JD협재,2018-02-26,2.67
JD협재,2018-02-27,2.67
JD협재,2018-02-28,2.81
JD협재,2018-03-01,2.81
JD협재,2018-03-02,2.78
JD협재,2018-03-03,2.8
JD협재,2018-03-04,2.81
JD협재,2018-03-05,2.8
JD협재,2018-03-06,2.73
JD협재,2018-03-07,2.75
JD협재,2018-03-08,2.82
JD협재,2018-03-09,2.8
JD협재,2018-03-10,2.79
JD협재,2018-03-11,2.79
JD협재,2018-03-12,2.8
JD협재,2018-03-13,2.82
JD협재,2018-03-14,2.82
JD협재,2018-03-15,2.86
JD협재,2018-03-16,2.85
JD협재,2018-03-17,2.83
JD협재,2018-03-18,2.86
JD협재,2018-03-19,2.94
JD협재,2018-03-20,2.95
JD협재,2018-03-21,2.97
JD협재,2018-03-22,2.96
JD협재,2018-03-23,2.91
JD협재,2018-03-24,2.87
JD협재,2018-03-25,2.88
JD협재,2018-03-26,2.92
JD협재,2018-03-27,2.95
JD협재,2018-03-28,2.97
JD협재,2018-03-29,2.96
JD협재,2018-03-30,2.95
JD협재,2018-03-31,2.95
JD협재,2018-04-01,2.94
JD협재,2018-04-02,2.98
JD협재,2018-04-03,2.99
JD협재,2018-04-04,2.99
JD협재,2018-04-05,2.98
JD협재,2018-04-06,2.99
JD협재,2018-04-07,2.95
JD협재,2018-04-08,2.97
JD협재,2018-04-09,2.98
JD협재,2018-04-10,2.99
JD협재,2018-04-11,2.98
JD협재,2018-04-12,2.93
JD협재,2018-04-13,2.93
JD협재,2018-04-14,3.01
JD협재,2018-04-15,2.97
JD협재,2018-04-16,2.94
JD협재,2018-04-17,2.94
JD협재,2018-04-18,2.96
JD협재,2018-04-19,2.95
JD협재,2018-04-20,2.94
JD협재,2018-04-21,2.95
JD협재,2018-04-22,3.0
JD협재,2018-04-23,3.1
JD협재,2018-04-24,3.19
JD협재,2018-04-25,3.17
JD협재,2018-04-26,3.16
JD협재,2018-04-27,3.16
JD협재,2018-04-28,3.14
JD협재,2018-04-29,3.16
JD협재,2018-04-30,3.18
JD협재,2018-05-01,3.21
JD협재,2018-05-02,3.25
JD협재,2018-05-03,3.19
JD협재,2018-05-04,3.14
JD협재,2018-05-05,3.16
JD협재,2018-05-06,3.28
JD협재,2018-05-07,3.37
JD협재,2018-05-08,3.38
JD협재,2018-05-09,3.37
JD협재,2018-05-10,3.36
JD협재,2018-05-11,3.38
JD협재,2018-05-12,3.45
JD협재,2018-05-13,3.58
JD협재,2018-05-14,3.62
JD협재,2018-05-15,3.65
JD협재,2018-05-16,3.65
JD협재,2018-05-17,3.7
JD협재,2018-05-18,3.73
JD협재,2018-05-19,3.72
JD협재,2018-05-20,3.71
JD협재,2018-05-21,3.72
JD협재,2018-05-22,3.73
JD협재,2018-05-23,3.79
JD협재,2018-05-24,3.77
JD협재,2018-05-25,3.82
JD협재,2018-05-26,3.85
JD협재,2018-05-27,3.85
JD협재,2018-05-28,3.88
JD협재,2018-05-29,3.85
JD협재,2018-05-30,3.85
JD협재,2018-05-31,3.85
JD협재,2018-06-01,3.82
JD협재,2018-06-02,3.81
JD협재,2018-06-03,3.86
JD협재,2018-06-04,3.86
JD협재,2018-06-05,3.91
JD협재,2018-06-06,3.9
JD협재,2018-06-07,3.89
JD협재,2018-06-08,3.91
JD협재,2018-06-09,3.92
JD협재,2018-06-10,3.92
JD협재,2018-06-11,3.96
JD협재,2018-06-12,3.96
JD협재,2018-06-13,3.93
JD협재,2018-06-14,3.93
JD협재,2018-06-15,3.93
JD협재,2018-06-16,3.9
JD협재,2018-06-17,3.9
JD협재,2018-06-18,3.92
JD협재,2018-06-19,3.96
JD협재,2018-06-20,4.0
JD협재,2018-06-21,3.97
JD협재,2018-06-22,3.94
JD협재,2018-06-23,3.96
JD협재,2018-06-24,3.93
JD협재,2018-06-25,3.89
JD협재,2018-06-26,3.91
JD협재,2018-06-27,3.96
JD협재,2018-06-28,4.03
JD협재,2018-06-29,4.12
JD협재,2018-06-30,4.12
JD협재,2018-07-01,4.14
JD협재,2018-07-02,4.15
JD협재,2018-07-03,4.2
JD협재,2018-07-04,4.16
JD협재,2018-07-05,4.16
JD협재,2018-07-06,4.18
JD협재,2018-07-07,4.17
JD협재,2018-07-08,4.19
JD협재,2018-07-09,4.17
JD협재,2018-07-10,4.14
JD협재,2018-07-11,4.13
JD협재,2018-07-12,4.12
JD협재,2018-07-13,4.14
JD협재,2018-07-14,4.15
JD협재,2018-07-15,4.14
JD협재,2018-07-16,4.12
JD협재,2018-07-17,4.09
JD협재,2018-07-18,4.07
JD협재,2018-07-19,4.06
JD협재,2018-07-20,4.06
JD협재,2018-07-21,4.06
JD협재,2018-07-22,4.08
JD협재,2018-07-23,4.08
JD협재,2018-07-24,4.09
JD협재,2018-07-25,4.09
JD협재,2018-07-26,4.08
JD협재,2018-07-27,4.07
JD협재,2018-07-28,4.06
JD협재,2018-07-29,4.06
JD협재,2018-07-30,4.06
JD협재,2018-07-31,4.05
JD협재,2018-08-01,4.04
JD협재,2018-08-02,4.02
JD협재,2018-08-03,4.02
JD협재,2018-08-04,4.02
JD협재,2018-08-05,3.98
JD협재,2018-08-06,3.97
JD협재,2018-08-07,3.98
JD협재,2018-08-08,3.97
JD협재,2018-08-09,3.96
JD협재,2018-08-10,3.96
JD협재,2018-08-11,4.01
JD협재,2018-08-12,4.03
JD협재,2018-08-13,3.99
JD협재,2018-08-14,3.96
JD협재,2018-08-15,3.95
JD협재,2018-08-16,4.02
JD협재,2018-08-17,4.06
JD협재,2018-08-18,4.01
JD협재,2018-08-19,3.94
JD협재,2018-08-20,3.92
JD협재,2018-08-21,3.93
JD협재,2018-08-22,3.96
JD협재,2018-08-23,4.34
JD협재,2018-08-24,4.45
JD협재,2018-08-25,4.37
JD협재,2018-08-26,4.34
JD협재,2018-08-27,4.28
JD협재,2018-08-28,4.23
JD협재,2018-08-29,4.24
JD협재,2018-08-30,4.23
JD협재,2018-08-31,4.22
JD협재,2018-09-01,4.36
JD협재,2018-09-02,4.46
JD협재,2018-09-03,4.54
JD협재,2018-09-04,4.59
JD협재,2018-09-05,4.57
JD협재,2018-09-06,4.56
JD협재,2018-09-07,4.64
JD협재,2018-09-08,4.64
JD협재,2018-09-09,4.65
JD협재,2018-09-10,4.63
JD협재,2018-09-11,4.65
JD협재,2018-09-12,4.68
JD협재,2018-09-13,4.73
JD협재,2018-09-14,4.82
JD협재,2018-09-15,4.83
JD협재,2018-09-16,4.83
JD협재,2018-09-17,4.85
JD협재,2018-09-18,4.82
JD협재,2018-09-19,4.87
JD협재,2018-09-20,4.92
JD협재,2018-09-21,4.95
JD협재,2018-09-22,4.94
JD협재,2018-09-23,4.93
JD협재,2018-09-24,4.96
JD협재,2018-09-25,4.98
JD협재,2018-09-26,4.98
JD협재,2018-09-27,4.99
JD협재,2018-09-28,4.99
JD협재,2018-09-29,5.01
JD협재,2018-09-30,5.0
JD협재,2018-10-01,4.9
JD협재,2018-10-02,4.81
JD협재,2018-10-03,4.84
JD협재,2018-10-04,4.87
JD협재,2018-10-05,5.02
JD협재,2018-10-06,5.24
JD협재,2018-10-07,5.19
JD협재,2018-10-08,5.19
JD협재,2018-10-09,5.23
JD협재,2018-10-10,5.31
JD협재,2018-10-11,5.29
JD협재,2018-10-12,5.2
JD협재,2018-10-13,5.17
JD협재,2018-10-14,5.19
JD협재,2018-10-15,5.18
JD협재,2018-10-16,5.22
JD협재,2018-10-17,5.24
JD협재,2018-10-18,5.21
JD협재,2018-10-19,5.19
JD협재,2018-10-20,5.15
JD협재,2018-10-21,5.16
JD협재,2018-10-22,5.14
JD협재,2018-10-23,5.16
JD협재,2018-10-24,5.18
JD협재,2018-10-25,5.19
JD협재,2018-10-26,5.21
JD협재,2018-10-27,5.21
JD협재,2018-10-28,5.18
JD협재,2018-10-29,5.16
JD협재,2018-10-30,5.08
JD협재,2018-10-31,5.05
JD협재,2018-11-01,5.02
JD협재,2018-11-02,5.01
JD협재,2018-11-03,4.99
JD협재,2018-11-04,4.97
JD협재,2018-11-05,5.0
JD협재,2018-11-06,5.02
JD협재,2018-11-07,5.05
JD협재,2018-11-08,5.13
JD협재,2018-11-09,5.13
JD협재,2018-11-10,5.11
JD협재,2018-11-11,5.14
JD협재,2018-11-12,5.17
JD협재,2018-11-13,5.15
JD협재,2018-11-14,5.14
JD협재,2018-11-15,5.11
JD협재,2018-11-16,5.13
JD협재,2018-11-17,5.14
JD협재,2018-11-18,5.13
JD협재,2018-11-19,5.13
JD협재,2018-11-20,5.11
JD협재,2018-11-21,5.11
JD협재,2018-11-22,5.12
JD협재,2018-11-23,5.1
JD협재,2018-11-24,5.12
JD협재,2018-11-25,5.1
JD협재,2018-11-26,5.08
JD협재,2018-11-27,5.07
JD협재,2018-11-28,5.06
JD협재,2018-11-29,5.02
JD협재,2018-11-30,5.05
JD협재,2018-12-01,5.06
JD협재,2018-12-02,5.09
JD협재,2018-12-03,5.12
JD협재,2018-12-04,5.12
JD협재,2018-12-05,5.1
JD협재,2018-12-06,5.12
JD협재,2018-12-07,5.08
JD협재,2018-12-08,5.06
JD협재,2018-12-09,5.04
JD협재,2018-12-10,5.07
JD협재,2018-12-11,5.09
JD협재,2018-12-12,5.07
JD협재,2018-12-13,5.05
JD협재,2018-12-14,5.03
JD협재,2018-12-15,5.03
JD협재,2018-12-16,5.06
JD협재,2018-12-17,5.06
JD협재,2018-12-18,5.04
JD협재,2018-12-19,5.04
JD협재,2018-12-20,5.04
JD협재,2018-12-21,5.04
JD협재,2018-12-22,5.03
JD협재,2018-12-23,5.03
JD협재,2018-12-24,5.01
JD협재,2018-12-25,5.02
JD협재,2018-12-26,5.03
JD협재,2018-12-27,4.99
JD협재,2018-12-28,4.95
JD협재,2018-12-29,4.93
JD협재,2018-12-30,4.92
JD협재,2018-12-31,4.92
JD협재,2019-01-01,4.9
JD협재,2019-01-02,4.88
JD협재,2019-01-03,4.87
JD협재,2019-01-04,4.88
JD협재,2019-01-05,4.89
JD협재,2019-01-06,4.88
JD협재,2019-01-07,4.86
JD협재,2019-01-08,4.84
JD협재,2019-01-09,4.81
JD협재,2019-01-10,4.79
JD협재,2019-01-11,4.79
JD협재,2019-01-12,4.8
JD협재,2019-01-13,4.77
JD협재,2019-01-14,4.74
JD협재,2019-01-15,4.73
JD협재,2019-01-16,4.7
JD협재,2019-01-17,4.71
JD협재,2019-01-18,4.66
JD협재,2019-01-19,4.7
JD협재,2019-01-20,4.7
JD협재,2019-01-21,4.66
JD협재,2019-01-22,4.66
JD협재,2019-01-23,4.63
JD협재,2019-01-24,4.6
JD협재,2019-01-25,4.58
JD협재,2019-01-26,4.58
JD협재,2019-01-27,4.55
JD협재,2019-01-28,4.56
JD협재,2019-01-29,4.53
JD협재,2019-01-30,4.53
JD협재,2019-01-31,4.57
JD협재,2019-02-01,4.53
JD협재,2019-02-02,4.54
JD협재,2019-02-03,4.58
JD협재,2019-02-04,4.55
JD협재,2019-02-05,4.56
JD협재,2019-02-06,4.58
JD협재,2019-02-07,4.57
JD협재,2019-02-08,4.53
JD협재,2019-02-09,4.51
JD협재,2019-02-10,4.49
JD협재,2019-02-11,4.47
JD협재,2019-02-12,4.44
JD협재,2019-02-13,4.43
JD협재,2019-02-14,4.42
JD협재,2019-02-15,4.43
JD협재,2019-02-16,4.42
JD협재,2019-02-17,4.42
JD협재,2019-02-18,4.43
JD협재,2019-02-19,4.47
JD협재,2019-02-20,4.43
JD협재,2019-02-21,4.41
JD협재,2019-02-22,4.42
JD협재,2019-02-23,4.41
JD협재,2019-02-24,4.37
JD협재,2019-02-25,4.36
JD협재,2019-02-26,4.34
JD협재,2019-02-27,4.34
JD협재,2019-02-28,4.33
JD협재,2019-03-01,4.3
JD협재,2019-03-02,4.31
JD협재,2019-03-03,4.33
JD협재,2019-03-04,4.32
JD협재,2019-03-05,4.27
JD협재,2019-03-06,4.29
JD협재,2019-03-07,4.26
JD협재,2019-03-08,4.23
JD협재,2019-03-09,4.23
JD협재,2019-03-10,4.25
JD협재,2019-03-11,4.24
JD협재,2019-03-12,4.22
JD협재,2019-03-13,4.18
JD협재,2019-03-14,4.16
JD협재,2019-03-15,4.15
JD협재,2019-03-16,4.13
JD협재,2019-03-17,4.1
JD협재,2019-03-18,4.12
JD협재,2019-03-19,4.13
JD협재,2019-03-20,4.14
JD협재,2019-03-21,4.21
JD협재,2019-03-22,4.21
JD협재,2019-03-23,4.18
JD협재,2019-03-24,4.15
JD협재,2019-03-25,4.15
JD협재,2019-03-26,4.15
JD협재,2019-03-27,4.12
JD협재,2019-03-28,4.12
JD협재,2019-03-29,4.12
JD협재,2019-03-30,4.1
JD협재,2019-03-31,4.08
JD협재,2019-04-01,4.05
JD협재,2019-04-02,4.04
JD협재,2019-04-03,3.99
JD협재,2019-04-04,4.02
JD협재,2019-04-05,4.05
JD협재,2019-04-06,4.08
JD협재,2019-04-07,4.09
JD협재,2019-04-08,4.07
JD협재,2019-04-09,4.09
JD협재,2019-04-10,4.11
JD협재,2019-04-11,4.07
JD협재,2019-04-12,4.03
JD협재,2019-04-13,4.0
JD협재,2019-04-14,4.02
JD협재,2019-04-15,3.98
JD협재,2019-04-16,3.98
JD협재,2019-04-17,3.98
JD협재,2019-04-18,3.94
JD협재,2019-04-19,3.9
JD협재,2019-04-20,3.87
JD협재,2019-04-21,3.87
JD협재,2019-04-22,3.89
JD협재,2019-04-23,3.97
JD협재,2019-04-24,3.98
JD협재,2019-04-25,3.95
JD협재,2019-04-26,3.93
JD협재,2019-04-27,3.88
JD협재,2019-04-28,3.87
JD협재,2019-04-29,3.91
JD협재,2019-04-30,3.94
JD협재,2019-05-01,3.91
JD협재,2019-05-02,3.84
JD협재,2019-05-03,3.79
JD협재,2019-05-04,3.78
JD협재,2019-05-05,3.77
JD협재,2019-05-06,3.75
JD협재,2019-05-07,3.73
JD협재,2019-05-08,3.72
JD협재,2019-05-09,3.71
JD협재,2019-05-10,3.66
JD협재,2019-05-11,3.62
JD협재,2019-05-12,3.59
JD협재,2019-05-13,3.62
JD협재,2019-05-14,3.63
JD협재,2019-05-15,3.6
JD협재,2019-05-16,3.59
JD협재,2019-05-17,3.71
JD협재,2019-05-18,3.78
JD협재,2019-05-19,3.78
JD협재,2019-05-20,3.76
JD협재,2019-05-21,3.74
JD협재,2019-05-22,3.71
JD협재,2019-05-23,3.68
JD협재,2019-05-24,3.62
JD협재,2019-05-25,3.57
JD협재,2019-05-26,3.58
JD협재,2019-05-27,3.71
JD협재,2019-05-28,3.73
JD협재,2019-05-29,3.68
JD협재,2019-05-30,3.66
JD협재,2019-05-31,3.7
JD협재,2019-06-01,3.67
JD협재,2019-06-02,3.68
JD협재,2019-06-03,3.66
JD협재,2019-06-04,3.64
JD협재,2019-06-05,3.64
JD협재,2019-06-06,3.68
JD협재,2019-06-07,3.74
JD협재,2019-06-08,3.7
JD협재,2019-06-09,3.7
JD협재,2019-06-10,3.69
JD협재,2019-06-11,3.66
JD협재,2019-06-12,3.62
JD협재,2019-06-13,3.62
JD협재,2019-06-14,3.7
JD협재,2019-06-15,3.75
JD협재,2019-06-16,3.7
JD협재,2019-06-17,3.66
JD협재,2019-06-18,3.7
JD협재,2019-06-19,3.72
JD협재,2019-06-20,3.7
JD협재,2019-06-21,3.69
JD협재,2019-06-22,3.69
JD협재,2019-06-23,3.67
JD협재,2019-06-24,3.66
JD협재,2019-06-25,3.64
JD협재,2019-06-26,3.79
JD협재,2019-06-27,3.92
JD협재,2019-06-28,3.89
JD협재,2019-06-29,3.92
JD협재,2019-06-30,3.9
JD협재,2019-07-01,3.87
JD협재,2019-07-02,3.86
JD협재,2019-07-03,3.88
JD협재,2019-07-04,3.87
JD협재,2019-07-05,3.86
JD협재,2019-07-06,3.87
JD협재,2019-07-07,3.87
JD협재,2019-07-08,3.92
JD협재,2019-07-09,3.93
JD협재,2019-07-10,3.96
JD협재,2019-07-11,3.93
JD협재,2019-07-12,3.91
JD협재,2019-07-13,3.96
JD협재,2019-07-14,3.95
JD협재,2019-07-15,3.95
JD협재,2019-07-16,3.93
JD협재,2019-07-17,3.91
JD협재,2019-07-18,3.97
JD협재,2019-07-19,4.07
JD협재,2019-07-20,4.27
JD협재,2019-07-21,4.39
JD협재,2019-07-22,4.51
JD협재,2019-07-23,4.63
JD협재,2019-07-24,4.63
JD협재,2019-07-25,4.58
JD협재,2019-07-26,4.57
JD협재,2019-07-27,4.55
JD협재,2019-07-28,4.56
JD협재,2019-07-29,4.55
JD협재,2019-07-30,4.56
JD협재,2019-07-31,4.55
JD협재,2019-08-01,4.56
JD협재,2019-08-02,4.56
JD협재,2019-08-03,4.57
JD협재,2019-08-04,4.64
JD협재,2019-08-05,4.68
JD협재,2019-08-06,4.67
JD협재,2019-08-07,4.63
JD협재,2019-08-08,4.58
JD협재,2019-08-09,4.59
JD협재,2019-08-10,4.69
JD협재,2019-08-11,4.77
JD협재,2019-08-12,4.83
JD협재,2019-08-13,4.83
JD협재,2019-08-14,4.85
JD협재,2019-08-15,4.87
JD협재,2019-08-16,4.85
JD협재,2019-08-17,4.81
JD협재,2019-08-18,4.78
JD협재,2019-08-19,4.76
JD협재,2019-08-20,4.77
JD협재,2019-08-21,4.81
JD협재,2019-08-22,4.81
JD협재,2019-08-23,4.78
JD협재,2019-08-24,4.77
JD협재,2019-08-25,4.77
JD협재,2019-08-26,4.81
JD협재,2019-08-27,4.89
JD협재,2019-08-28,5.01
JD협재,2019-08-29,5.13
JD협재,2019-08-30,5.22
JD협재,2019-08-31,5.23
JD협재,2019-09-01,5.23
JD협재,2019-09-02,5.3
JD협재,2019-09-03,5.42
JD협재,2019-09-04,5.71
JD협재,2019-09-05,5.74
JD협재,2019-09-06,5.75
JD협재,2019-09-09,6.28
JD협재,2019-09-10,6.19
JD협재,2019-09-11,6.14
JD협재,2019-09-12,6.16
JD협재,2019-09-13,6.18
JD협재,2019-09-14,6.19
JD협재,2019-09-15,6.17
JD협재,2019-09-16,6.18
JD협재,2019-09-17,6.16
JD협재,2019-09-18,6.14
JD협재,2019-09-19,6.16
JD협재,2019-09-20,6.25
JD협재,2019-09-21,6.34
JD협재,2019-09-22,6.66
JD협재,2019-09-23,7.03
JD협재,2019-09-24,6.78
JD협재,2019-09-25,6.75
JD협재,2019-09-26,6.75
JD협재,2019-09-27,6.76
JD협재,2019-09-28,6.78
JD협재,2019-09-29,6.81
JD협재,2019-09-30,6.84
JD협재,2019-10-01,6.89
JD협재,2019-10-02,7.45
JD협재,2019-10-03,7.74
JD협재,2019-10-04,7.56
JD협재,2019-10-05,7.51
JD협재,2019-10-06,7.47
JD협재,2019-10-07,7.48
JD협재,2019-10-08,7.48
JD협재,2019-10-09,7.45
JD협재,2019-10-10,7.47
JD협재,2019-10-11,7.48
JD협재,2019-10-12,7.47
JD협재,2019-10-13,7.44
JD협재,2019-10-14,7.41
JD협재,2019-10-15,7.38
JD협재,2019-10-16,7.39
JD협재,2019-10-17,7.39
JD협재,2019-10-18,7.47
JD협재,2019-10-19,7.49
JD협재,2019-10-20,7.48
JD협재,2019-10-21,7.49
JD협재,2019-10-22,7.48
JD협재,2019-10-23,7.48
JD협재,2019-10-24,7.52
JD협재,2019-10-25,7.5
JD협재,2019-10-26,7.47
JD협재,2019-10-27,7.49
JD협재,2019-10-28,7.48
JD협재,2019-10-29,7.47
JD협재,2019-10-30,7.45
JD협재,2019-10-31,7.44
JD협재,2019-11-01,7.43
JD협재,2019-11-02,7.43
JD협재,2019-11-03,7.42
JD협재,2019-11-04,7.4
JD협재,2019-11-05,7.4
JD협재,2019-11-06,7.42
JD협재,2019-11-07,7.38
JD협재,2019-11-08,7.34
JD협재,2019-11-09,7.34
JD협재,2019-11-10,7.36
JD협재,2019-11-11,7.37
JD협재,2019-11-12,7.34
JD협재,2019-11-13,7.32
JD협재,2019-11-14,7.3
JD협재,2019-11-15,7.25
JD협재,2019-11-16,7.23
JD협재,2019-11-17,7.23
JD협재,2019-11-18,7.28
JD협재,2019-11-19,7.25
JD협재,2019-11-20,7.2
JD협재,2019-11-21,7.2
JD협재,2019-11-22,7.21
JD협재,2019-11-23,7.21
JD협재,2019-11-24,7.22
JD협재,2019-11-25,7.19
JD협재,2019-11-26,7.19
JD협재,2019-11-27,7.2
JD협재,2019-11-28,7.19
JD협재,2019-11-29,7.19
JD협재,2019-11-30,7.18
JD협재,2019-12-01,7.21
JD협재,2019-12-02,7.19
JD협재,2019-12-03,7.15
JD협재,2019-12-04,7.1
JD협재,2019-12-05,7.04
JD협재,2019-12-06,7.0
JD협재,2019-12-07,7.0
JD협재,2019-12-08,6.99
JD협재,2019-12-09,6.99
JD협재,2019-12-10,6.97
JD협재,2019-12-11,6.94
JD협재,2019-12-12,6.88
JD협재,2019-12-13,6.87
JD협재,2019-12-14,6.85
JD협재,2019-12-15,6.85
JD협재,2019-12-16,6.87
JD협재,2019-12-17,6.9
JD협재,2019-12-18,6.86
JD협재,2019-12-19,6.84
JD협재,2019-12-20,6.8
JD협재,2019-12-21,6.8
JD협재,2019-12-22,6.82
JD협재,2019-12-23,6.81
JD협재,2019-12-24,6.77
JD협재,2019-12-25,6.78
JD협재,2019-12-26,6.8
JD협재,2019-12-27,6.75
JD협재,2019-12-28,6.7
JD협재,2019-12-29,6.71
JD협재,2019-12-30,6.71
JD협재,2019-12-31,6.64
JD협재,2020-01-01,6.62
JD협재,2020-01-02,6.62
JD협재,2020-01-03,6.61
JD협재,2020-01-04,6.6
JD협재,2020-01-05,6.57
JD협재,2020-01-06,6.58
JD협재,2020-01-07,6.61
JD협재,2020-01-08,6.58
JD협재,2020-01-09,6.54
JD협재,2020-01-10,6.54
JD협재,2020-01-11,6.54
JD협재,2020-01-12,6.52
JD협재,2020-01-13,6.49
JD협재,2020-01-14,6.47
JD협재,2020-01-15,6.44
JD협재,2020-01-16,6.43
JD협재,2020-01-17,6.41
JD협재,2020-01-18,6.39
JD협재,2020-01-19,6.37
JD협재,2020-01-20,6.33
JD협재,2020-01-21,6.3
JD협재,2020-01-22,6.33
JD협재,2020-01-23,6.34
JD협재,2020-01-24,6.29
JD협재,2020-01-25,6.29
JD협재,2020-01-26,6.3
JD협재,2020-01-27,6.37
JD협재,2020-01-28,6.36
JD협재,2020-01-29,6.33
JD협재,2020-01-30,6.32
JD협재,2020-01-31,6.27
JD협재,2020-02-01,6.23
JD협재,2020-02-02,6.22
JD협재,2020-02-03,6.2
JD협재,2020-02-04,6.18
JD협재,2020-02-05,6.16
JD협재,2020-02-06,6.13
JD협재,2020-02-07,6.14
JD협재,2020-02-08,6.13
JD협재,2020-02-09,6.13
JD협재,2020-02-10,6.14
JD협재,2020-02-11,6.12
JD협재,2020-02-12,6.16
JD협재,2020-02-13,6.14
JD협재,2020-02-14,6.12
JD협재,2020-02-15,6.12
JD협재,2020-02-16,6.12
JD협재,2020-02-17,6.08
JD협재,2020-02-18,6.04
JD협재,2020-02-19,6.04
JD협재,2020-02-20,6.01
JD협재,2020-02-21,6.01
JD협재,2020-02-22,6.0
JD협재,2020-02-23,5.98
JD협재,2020-02-24,5.98
JD협재,2020-02-25,6.01
JD협재,2020-02-26,5.96
JD협재,2020-02-27,5.93
JD협재,2020-02-28,5.93
JD협재,2020-02-29,5.96
JD협재,2020-03-01,5.94
JD협재,2020-03-02,5.9
JD협재,2020-03-03,5.87
JD협재,2020-03-04,5.85
JD협재,2020-03-05,5.82
JD협재,2020-03-06,5.84
JD협재,2020-03-07,5.87
JD협재,2020-03-08,5.86
JD협재,2020-03-09,5.89
JD협재,2020-03-10,5.91
JD협재,2020-03-11,5.85
JD협재,2020-03-12,5.87
JD협재,2020-03-13,5.87
JD협재,2020-03-14,5.85
JD협재,2020-03-15,5.85
JD협재,2020-03-16,5.79
JD협재,2020-03-17,5.77
JD협재,2020-03-18,5.8
JD협재,2020-03-19,5.8
JD협재,2020-03-20,5.75
JD협재,2020-03-21,5.76
JD협재,2020-03-22,5.77
JD협재,2020-03-23,5.71
JD협재,2020-03-24,5.68
JD협재,2020-03-25,5.69
JD협재,2020-03-26,5.74
JD협재,2020-03-27,5.74
JD협재,2020-03-28,5.7
JD협재,2020-03-29,5.69
JD협재,2020-03-30,5.68
JD협재,2020-03-31,5.66
JD협재,2020-04-01,5.64
JD협재,2020-04-02,5.59
JD협재,2020-04-03,5.57
JD협재,2020-04-04,5.56
JD협재,2020-04-05,5.54
JD협재,2020-04-06,5.53
JD협재,2020-04-07,5.51
JD협재,2020-04-08,5.48
JD협재,2020-04-09,5.45
JD협재,2020-04-10,5.44
JD협재,2020-04-11,5.47
JD협재,2020-04-12,5.51
JD협재,2020-04-13,5.48
JD협재,2020-04-14,5.44
JD협재,2020-04-15,5.44
JD협재,2020-04-16,5.42
JD협재,2020-04-17,5.46
JD협재,2020-04-18,5.44
JD협재,2020-04-19,5.48
JD협재,2020-04-20,5.46
JD협재,2020-04-21,5.41
JD협재,2020-04-22,5.37
JD협재,2020-04-23,5.35
JD협재,2020-04-24,5.32
JD협재,2020-04-25,5.29
JD협재,2020-04-26,5.25
JD협재,2020-04-27,5.24
JD협재,2020-04-28,5.21
JD협재,2020-04-29,5.2
JD협재,2020-04-30,5.19
JD협재,2020-05-01,5.19
JD협재,2020-05-02,5.19
JD협재,2020-05-03,5.26
JD협재,2020-05-04,5.24
JD협재,2020-05-05,5.22
JD협재,2020-05-06,5.2
JD협재,2020-05-07,5.15
JD협재,2020-05-08,5.14
JD협재,2020-05-09,5.22
JD협재,2020-05-10,5.22
JD협재,2020-05-11,5.21
JD협재,2020-05-12,5.2
JD협재,2020-05-13,5.12
JD협재,2020-05-14,5.11
JD협재,2020-05-15,5.18
JD협재,2020-05-16,5.19
JD협재,2020-05-17,5.2
JD협재,2020-05-18,5.21
JD협재,2020-05-19,5.19
JD협재,2020-05-20,5.15
JD협재,2020-05-21,5.12
JD협재,2020-05-22,5.1
JD협재,2020-05-23,5.09
JD협재,2020-05-24,5.06
JD협재,2020-05-25,5.03
JD협재,2020-05-26,5.02
JD협재,2020-05-27,5.03
JD협재,2020-05-28,5.01
JD협재,2020-05-29,4.95
JD협재,2020-05-30,4.97
JD협재,2020-05-31,5.01
JD협재,2020-06-01,4.98
JD협재,2020-06-02,4.97
JD협재,2020-06-03,4.96
JD협재,2020-06-04,4.94
JD협재,2020-06-05,4.91
JD협재,2020-06-06,4.9
JD협재,2020-06-07,4.86
JD협재,2020-06-08,4.84
JD협재,2020-06-09,4.84
JD협재,2020-06-10,4.9
JD협재,2020-06-11,4.92
JD협재,2020-06-12,4.89
JD협재,2020-06-13,4.95
JD협재,2020-06-14,4.99
JD협재,2020-06-15,4.99
JD협재,2020-06-16,4.97
JD협재,2020-06-17,4.98
JD협재,2020-06-18,5.04
JD협재,2020-06-19,5.05
JD협재,2020-06-20,5.02
JD협재,2020-06-21,5.05
JD협재,2020-06-22,5.02
JD협재,2020-06-23,5.03
JD협재,2020-06-24,5.11
JD협재,2020-06-25,5.18
JD협재,2020-06-26,5.17
JD협재,2020-06-27,5.2
JD협재,2020-06-28,5.22
JD협재,2020-06-29,5.27
JD협재,2020-06-30,5.34
JD협재,2020-07-01,5.31
JD협재,2020-07-02,5.31
JD협재,2020-07-03,5.37
JD협재,2020-07-04,5.4
JD협재,2020-07-05,5.42
JD협재,2020-07-06,5.47
JD협재,2020-07-07,5.52
JD협재,2020-07-08,5.59
JD협재,2020-07-09,5.63
JD협재,2020-07-10,5.69
JD협재,2020-07-11,5.68
JD협재,2020-07-12,5.69
JD협재,2020-07-13,5.74
JD협재,2020-07-14,5.74
JD협재,2020-07-15,5.74
JD협재,2020-07-16,5.75
JD협재,2020-07-17,5.74
JD협재,2020-07-18,5.79
JD협재,2020-07-19,5.83
JD협재,2020-07-20,5.85
JD협재,2020-07-21,5.84
JD협재,2020-07-22,5.84
JD협재,2020-07-23,5.92
JD협재,2020-07-24,5.96
JD협재,2020-07-25,5.93
JD협재,2020-07-26,5.92
JD협재,2020-07-27,5.97
JD협재,2020-07-28,6.0
JD협재,2020-07-29,5.97
JD협재,2020-07-30,5.95
JD협재,2020-07-31,5.95
JD협재,2020-08-01,5.97
JD협재,2020-08-02,5.98
JD협재,2020-08-03,5.97
JD협재,2020-08-04,5.94
JD협재,2020-08-05,5.95
JD협재,2020-08-06,5.96
JD협재,2020-08-07,5.96
JD협재,2020-08-08,5.98
JD협재,2020-08-09,5.96
JD협재,2020-08-10,5.98
JD협재,2020-08-11,5.94
JD협재,2020-08-12,5.91
JD협재,2020-08-13,5.9
JD협재,2020-08-14,5.91
JD협재,2020-08-15,5.89
JD협재,2020-08-16,5.88
JD협재,2020-08-17,5.86
JD협재,2020-08-18,5.86
JD협재,2020-08-19,5.85
JD협재,2020-08-20,5.84
JD협재,2020-08-21,5.83
JD협재,2020-08-22,5.83
JD협재,2020-08-23,5.84
JD협재,2020-08-24,5.9
JD협재,2020-08-25,5.93
JD협재,2020-08-26,6.02
JD협재,2020-08-27,6.02
JD협재,2020-08-28,5.98
JD협재,2020-08-29,5.97
JD협재,2020-08-30,5.93
JD협재,2020-08-31,5.93
JD협재,2020-09-01,5.96
JD협재,2020-09-02,6.26
JD협재,2020-09-03,6.92
JD협재,2020-09-04,6.45
JD협재,2020-09-05,6.38
JD협재,2020-09-06,6.39
JD협재,2020-09-07,6.69
JD협재,2020-09-08,6.65
JD협재,2020-09-09,6.61
JD협재,2020-09-10,6.64
JD협재,2020-09-11,6.64
JD협재,2020-09-12,6.83
JD협재,2020-09-13,6.75
JD협재,2020-09-14,6.78
JD협재,2020-09-15,6.91
JD협재,2020-09-16,6.99
JD협재,2020-09-17,7.05
JD협재,2020-09-18,7.09
JD협재,2020-09-19,7.14
JD협재,2020-09-20,7.21
JD협재,2020-09-21,7.26
JD협재,2020-09-22,7.31
JD협재,2020-09-23,7.35
JD협재,2020-09-24,7.41
JD협재,2020-09-25,7.44
JD협재,2020-09-26,7.45
JD협재,2020-09-27,7.44
JD협재,2020-09-28,7.45
JD협재,2020-09-29,7.48
JD협재,2020-09-30,7.49
JD협재,2020-10-01,7.51
JD협재,2020-10-02,7.53
JD협재,2020-10-03,7.52
JD협재,2020-10-04,7.55
JD협재,2020-10-05,7.54
JD협재,2020-10-06,7.5
JD협재,2020-10-07,7.48
JD협재,2020-10-08,7.49
JD협재,2020-10-09,7.49
JD협재,2020-10-10,7.49
JD협재,2020-10-11,7.51
JD협재,2020-10-12,7.51
JD협재,2020-10-13,7.48
JD협재,2020-10-14,7.47
JD협재,2020-10-15,7.47
JD협재,2020-10-16,7.48
JD협재,2020-10-17,7.5
JD협재,2020-10-18,7.49
JD협재,2020-10-19,7.49
JD협재,2020-10-20,7.49
JD협재,2020-10-21,7.55
JD협재,2020-10-22,7.6
JD협재,2020-10-23,7.58
JD협재,2020-10-24,7.55
JD협재,2020-10-25,7.54
JD협재,2020-10-26,7.54
JD협재,2020-10-27,7.5
JD협재,2020-10-28,7.48
JD협재,2020-10-29,7.46
JD협재,2020-10-30,7.44
JD협재,2020-10-31,7.43
JD협재,2020-11-01,7.42
JD협재,2020-11-02,7.44
JD협재,2020-11-03,7.44
JD협재,2020-11-04,7.39
JD협재,2020-11-05,7.37
JD협재,2020-11-06,7.36
JD협재,2020-11-07,7.33
JD협재,2020-11-08,7.29
JD협재,2020-11-09,7.26
JD협재,2020-11-10,7.21
JD협재,2020-11-11,7.19
JD협재,2020-11-12,7.17
JD협재,2020-11-13,7.13
JD협재,2020-11-14,7.12
JD협재,2020-11-15,7.13
JD협재,2020-11-16,7.17
JD협재,2020-11-17,7.17
JD협재,2020-11-18,7.18
JD협재,2020-11-19,7.19
JD협재,2020-11-20,7.14
JD협재,2020-11-21,7.09
JD협재,2020-11-22,7.08
JD협재,2020-11-23,7.06
JD협재,2020-11-24,7.04
JD협재,2020-11-25,7.09
JD협재,2020-11-26,7.53
JD협재,2020-11-27,7.32
JD협재,2020-11-28,7.25
JD협재,2020-11-29,7.25
JD협재,2020-11-30,7.23
JD협재,2020-12-01,7.22
JD협재,2020-12-02,7.22
JD협재,2020-12-03,7.2
JD협재,2020-12-04,7.14
JD협재,2020-12-05,6.97
JD협재,2020-12-06,6.91
JD협재,2020-12-07,6.87
JD협재,2020-12-08,6.82
JD협재,2020-12-09,6.79
JD협재,2020-12-10,6.77
JD협재,2020-12-11,6.74
JD협재,2020-12-12,6.73
JD협재,2020-12-13,6.7
JD협재,2020-12-14,6.65
JD협재,2020-12-15,6.62
JD협재,2020-12-16,6.6
JD협재,2020-12-17,6.58
JD협재,2020-12-18,6.57
JD협재,2020-12-19,6.52
JD협재,2020-12-20,6.49
JD협재,2020-12-21,6.47
JD협재,2020-12-22,6.45
JD협재,2020-12-23,6.44
JD협재,2020-12-24,6.44
JD협재,2020-12-25,6.39
JD협재,2020-12-26,6.37
JD협재,2020-12-27,6.39
JD협재,2020-12-28,6.37
JD협재,2020-12-29,6.37
JD협재,2020-12-30,6.32
JD협재,2020-12-31,6.29
JD협재,2021-01-01,6.28
JD협재,2021-01-02,6.28
JD협재,2021-01-03,6.24
JD협재,2021-01-04,6.25
JD협재,2021-01-05,6.24
JD협재,2021-01-06,6.2
JD협재,2021-01-07,6.17
JD협재,2021-01-08,6.15
JD협재,2021-01-09,6.14
JD협재,2021-01-10,6.12
JD협재,2021-01-11,6.11
JD협재,2021-01-12,6.13
JD협재,2021-01-13,6.13
JD협재,2021-01-14,6.1
JD협재,2021-01-15,6.1
JD협재,2021-01-16,6.05
JD협재,2021-01-17,6.01
JD협재,2021-01-18,6.02
JD협재,2021-01-19,5.98
JD협재,2021-01-20,6.05
JD협재,2021-01-21,6.03
JD협재,2021-01-22,5.99
JD협재,2021-01-23,5.99
JD협재,2021-01-24,5.95
JD협재,2021-01-25,5.93
JD협재,2021-01-26,5.94
JD협재,2021-01-27,5.91
JD협재,2021-01-28,5.9
JD협재,2021-01-29,5.85
JD협재,2021-01-30,5.84
JD협재,2021-01-31,5.84
JD협재,2021-02-01,5.87
JD협재,2021-02-02,5.83
JD협재,2021-02-03,5.8
JD협재,2021-02-04,5.79
JD협재,2021-02-05,5.78
JD협재,2021-02-06,5.79
JD협재,2021-02-07,5.77
JD협재,2021-02-08,5.72
JD협재,2021-02-09,5.7
JD협재,2021-02-10,5.71
JD협재,2021-02-11,5.71
JD협재,2021-02-12,5.7
JD협재,2021-02-13,5.69
JD협재,2021-02-14,5.72
JD협재,2021-02-15,5.71
JD협재,2021-02-16,5.85
JD협재,2021-02-17,6.2
JD협재,2021-02-18,6.19
JD협재,2021-02-19,6.01
JD협재,2021-02-20,6.0
JD협재,2021-02-21,6.01
JD협재,2021-02-22,6.0
JD협재,2021-02-23,5.95
JD협재,2021-02-24,5.95
JD협재,2021-02-25,5.96
JD협재,2021-02-26,5.99
JD협재,2021-02-27,5.97
JD협재,2021-02-28,5.97
JD협재,2021-03-01,6.0
JD협재,2021-03-02,5.97
JD협재,2021-03-03,5.95
JD협재,2021-03-04,5.97
JD협재,2021-03-05,6.0
JD협재,2021-03-06,5.96
JD협재,2021-03-07,5.94
JD협재,2021-03-08,5.87
JD협재,2021-03-09,5.72
JD협재,2021-03-10,5.65
JD협재,2021-03-11,5.62
JD협재,2021-03-12,5.63
JD협재,2021-03-13,5.58
JD협재,2021-03-14,5.55
JD협재,2021-03-15,5.54
JD협재,2021-03-16,5.52
JD협재,2021-03-17,5.48
JD협재,2021-03-18,5.5
JD협재,2021-03-19,5.46
JD협재,2021-03-20,5.45
JD협재,2021-03-21,5.39
JD협재,2021-03-22,5.32
JD협재,2021-03-23,5.29
JD협재,2021-03-24,5.28
JD협재,2021-03-25,5.25
JD협재,2021-03-26,5.24
JD협재,2021-03-27,5.29
JD협재,2021-03-28,5.33
JD협재,2021-03-29,5.32
JD협재,2021-03-30,5.3
JD협재,2021-03-31,5.28
JD협재,2021-04-01,5.27
JD협재,2021-04-02,5.27
JD협재,2021-04-03,5.26
JD협재,2021-04-04,5.22
JD협재,2021-04-05,5.2
JD협재,2021-04-06,5.17
JD협재,2021-04-07,5.14
JD협재,2021-04-08,5.12
JD협재,2021-04-09,5.1
JD협재,2021-04-10,5.07
JD협재,2021-04-11,5.07
JD협재,2021-04-12,5.12
JD협재,2021-04-13,5.14
JD협재,2021-04-14,5.11
JD협재,2021-04-15,5.11
JD협재,2021-04-16,5.11
JD협재,2021-04-17,5.08
JD협재,2021-04-18,5.11
JD협재,2021-04-19,5.25
JD협재,2021-04-20,5.44
JD협재,2021-04-21,5.16
JD협재,2021-04-22,5.13
JD협재,2021-04-23,5.11
JD협재,2021-04-24,5.09
JD협재,2021-04-25,5.1
JD협재,2021-04-26,5.11
JD협재,2021-04-27,5.13
JD협재,2021-04-28,5.12
JD협재,2021-04-29,5.15
JD협재,2021-04-30,5.18
JD협재,2021-05-01,5.2
JD협재,2021-05-02,5.16
JD협재,2021-05-03,5.14
JD협재,2021-05-04,5.21
JD협재,2021-05-05,5.23
JD협재,2021-05-06,5.22
JD협재,2021-05-07,5.24
JD협재,2021-05-08,5.22
JD협재,2021-05-09,5.2
JD협재,2021-05-10,5.18
JD협재,2021-05-11,5.17
JD협재,2021-05-12,5.15
JD협재,2021-05-13,5.12
JD협재,2021-05-14,5.12
JD협재,2021-05-15,5.17
JD협재,2021-05-16,5.21
JD협재,2021-05-17,5.21
JD협재,2021-05-18,5.19
JD협재,2021-05-19,5.18
JD협재,2021-05-20,5.25
JD협재,2021-05-21,5.24
JD협재,2021-05-22,5.22
JD협재,2021-05-23,5.24
JD협재,2021-05-24,5.25
JD협재,2021-05-25,5.23
JD협재,2021-05-26,5.24
JD협재,2021-05-27,5.29
JD협재,2021-05-28,5.3
JD협재,2021-05-29,5.29
JD협재,2021-05-30,5.24
JD협재,2021-05-31,5.22
JD협재,2021-06-01,5.18
JD협재,2021-06-02,5.19
JD협재,2021-06-03,5.23
JD협재,2021-06-04,5.22
JD협재,2021-06-05,5.19
JD협재,2021-06-06,5.16
JD협재,2021-06-07,5.12
JD협재,2021-06-08,5.1
JD협재,2021-06-09,5.12
JD협재,2021-06-10,5.14
JD협재,2021-06-11,5.28
JD협재,2021-06-12,5.36
JD협재,2021-06-13,5.36
JD협재,2021-06-14,5.39
JD협재,2021-06-15,5.43
JD협재,2021-06-16,5.46
JD협재,2021-06-17,5.42
JD협재,2021-06-18,5.44
JD협재,2021-06-19,5.43
JD협재,2021-06-20,5.41
JD협재,2021-06-21,5.41
JD협재,2021-06-22,5.4
JD협재,2021-06-23,5.38
JD협재,2021-06-24,5.37
JD협재,2021-06-25,5.39
JD협재,2021-06-26,5.39
JD협재,2021-06-27,5.43
JD협재,2021-06-28,5.47
JD협재,2021-06-29,5.45
JD협재,2021-06-30,5.45
JD협재,2021-07-01,5.44
JD협재,2021-07-02,5.42
JD협재,2021-07-03,5.46
JD협재,2021-07-04,5.47
JD협재,2021-07-05,5.48
JD협재,2021-07-06,5.49
JD협재,2021-07-07,5.52
JD협재,2021-07-08,5.56
JD협재,2021-07-09,5.54
JD협재,2021-07-10,5.52
JD협재,2021-07-11,5.51
JD협재,2021-07-12,5.5
JD협재,2021-07-13,5.48
JD협재,2021-07-14,5.46
JD협재,2021-07-15,5.43
JD협재,2021-07-16,5.4
JD협재,2021-07-17,5.42
JD협재,2021-07-18,5.45
JD협재,2021-07-19,5.45
JD협재,2021-07-20,5.44
JD협재,2021-07-21,5.42
JD협재,2021-07-22,5.41
JD협재,2021-07-23,5.39
JD협재,2021-07-24,5.39
JD협재,2021-07-25,5.42
JD협재,2021-07-26,5.45
JD협재,2021-07-27,5.43
JD협재,2021-07-28,5.38
JD협재,2021-07-29,5.34
JD협재,2021-07-30,5.34
JD협재,2021-07-31,5.33
JD협재,2021-08-01,5.32
JD협재,2021-08-02,5.31
JD협재,2021-08-03,5.3
JD협재,2021-08-04,5.28
JD협재,2021-08-05,5.3
JD협재,2021-08-06,5.3
JD협재,2021-08-07,5.31
JD협재,2021-08-08,5.33
JD협재,2021-08-09,5.33
JD협재,2021-08-10,5.31
JD협재,2021-08-11,5.32
JD협재,2021-08-12,5.35
JD협재,2021-08-13,5.38
JD협재,2021-08-14,5.37
JD협재,2021-08-15,5.32
JD협재,2021-08-16,5.31
JD협재,2021-08-17,5.3
JD협재,2021-08-18,5.28
JD협재,2021-08-19,5.3
JD협재,2021-08-20,5.36
JD협재,2021-08-21,5.39
JD협재,2021-08-22,5.37
JD협재,2021-08-23,5.38
JD협재,2021-08-24,5.38
JD협재,2021-08-25,5.35
JD협재,2021-08-26,5.3
JD협재,2021-08-27,5.29
JD협재,2021-08-28,5.28
JD협재,2021-08-29,5.27
JD협재,2021-08-30,5.27
JD협재,2021-08-31,5.26
JD협재,2021-09-01,5.27
JD협재,2021-09-02,5.33
JD협재,2021-09-03,5.46
JD협재,2021-09-04,5.45
JD협재,2021-09-05,5.44
JD협재,2021-09-06,5.47
JD협재,2021-09-07,5.52
JD협재,2021-09-08,5.47
JD협재,2021-09-09,5.43
JD협재,2021-09-10,5.43
JD협재,2021-09-11,5.43
JD협재,2021-09-12,5.44
JD협재,2021-09-13,5.46
JD협재,2021-09-14,5.54
JD협재,2021-09-15,5.57
JD협재,2021-09-16,5.61
JD협재,2021-09-17,5.7
JD협재,2021-09-18,5.69
JD협재,2021-09-19,5.69
JD협재,2021-09-20,5.72
JD협재,2021-09-21,5.76
JD협재,2021-09-22,5.76
JD협재,2021-09-23,5.74
JD협재,2021-09-24,5.72
JD협재,2021-09-25,5.72
JD협재,2021-09-26,5.73
JD협재,2021-09-27,5.78
JD협재,2021-09-28,5.84
JD협재,2021-09-29,5.86
JD협재,2021-09-30,5.92
JD협재,2021-10-01,5.92
JD협재,2021-10-02,5.9
JD협재,2021-10-03,5.89
JD협재,2021-10-04,5.89
JD협재,2021-10-05,5.88
JD협재,2021-10-06,5.88
JD협재,2021-10-07,5.89
JD협재,2021-10-08,5.87
JD협재,2021-10-09,5.85
JD협재,2021-10-10,5.85
JD협재,2021-10-11,5.85
JD협재,2021-10-12,5.83
JD협재,2021-10-13,5.8
JD협재,2021-10-14,5.76
JD협재,2021-10-15,5.73
JD협재,2021-10-16,5.72
JD협재,2021-10-17,5.69
JD협재,2021-10-18,5.69
JD협재,2021-10-19,5.68
JD협재,2021-10-20,5.65
JD협재,2021-10-21,5.63
JD협재,2021-10-22,5.59
JD협재,2021-10-23,5.56
JD협재,2021-10-24,5.67
JD협재,2021-10-25,5.6
JD협재,2021-10-26,5.55
JD협재,2021-10-27,5.5
JD협재,2021-10-28,5.47
JD협재,2021-10-29,5.46
JD협재,2021-10-30,5.45
JD협재,2021-10-31,5.44
JD협재,2021-11-01,5.43
JD협재,2021-11-02,5.44
JD협재,2021-11-03,5.43
JD협재,2021-11-04,5.41
JD협재,2021-11-05,5.4
JD협재,2021-11-06,5.41
JD협재,2021-11-07,5.4
JD협재,2021-11-08,5.42
JD협재,2021-11-09,5.4
JD협재,2021-11-10,5.4
JD협재,2021-11-11,5.37
JD협재,2021-11-12,5.35
JD협재,2021-11-13,5.35
JD협재,2021-11-14,5.36
JD협재,2021-11-15,5.37
JD협재,2021-11-16,5.35
JD협재,2021-11-17,5.32
JD협재,2021-11-18,5.32
JD협재,2021-11-19,5.3
JD협재,2021-11-20,5.27
JD협재,2021-11-21,5.28
JD협재,2021-11-22,5.27
JD협재,2021-11-23,5.23
JD협재,2021-11-24,5.19
JD협재,2021-11-25,5.16
JD협재,2021-11-26,5.11
JD협재,2021-11-27,5.05
JD협재,2021-11-28,5.08
JD협재,2021-11-29,5.13
JD협재,2021-11-30,5.19
JD협재,2021-12-01,5.17
JD협재,2021-12-02,5.18
JD협재,2021-12-03,5.2
JD협재,2021-12-04,5.18
JD협재,2021-12-05,5.19
JD협재,2021-12-06,5.21
JD협재,2021-12-07,5.19
JD협재,2021-12-08,5.15
JD협재,2021-12-09,5.12
JD협재,2021-12-10,5.11
JD협재,2021-12-11,5.1
JD협재,2021-12-12,5.1
JD협재,2021-12-13,5.09
JD협재,2021-12-14,5.11
JD협재,2021-12-15,5.19
JD협재,2021-12-16,5.22
JD협재,2021-12-17,5.2
JD협재,2021-12-18,5.18
JD협재,2021-12-19,5.2
JD협재,2021-12-20,5.22
JD협재,2021-12-21,5.23
JD협재,2021-12-22,5.22
JD협재,2021-12-23,5.2
JD협재,2021-12-24,5.19
JD협재,2021-12-25,5.11
JD협재,2021-12-26,5.07
JD협재,2021-12-27,5.05
JD협재,2021-12-28,5.03
JD협재,2021-12-29,5.03
JD협재,2021-12-30,4.99
JD협재,2021-12-31,4.94
JD협재,2022-01-01,4.92
JD협재,2022-01-02,4.93
JD협재,2022-01-03,4.92
JD협재,2022-01-04,4.9
JD협재,2022-01-05,4.89
JD협재,2022-01-06,4.88
JD협재,2022-01-07,4.88
JD협재,2022-01-08,4.89
JD협재,2022-01-09,4.91
JD협재,2022-01-10,4.92
JD협재,2022-01-11,4.92
JD협재,2022-01-12,4.9
JD협재,2022-01-13,4.9
JD협재,2022-01-14,4.88
JD협재,2022-01-15,4.88
JD협재,2022-01-16,4.87
JD협재,2022-01-17,4.86
JD협재,2022-01-18,4.86
JD협재,2022-01-19,4.86
JD협재,2022-01-20,4.84
JD협재,2022-01-21,4.83
JD협재,2022-01-22,4.86
JD협재,2022-01-23,4.89
JD협재,2022-01-24,4.89
JD협재,2022-01-25,4.88
JD협재,2022-01-26,4.84
JD협재,2022-01-27,4.82
JD협재,2022-01-28,4.81
JD협재,2022-01-29,4.82
JD협재,2022-01-30,4.83
JD협재,2022-01-31,4.82
JD협재,2022-02-01,4.81
JD협재,2022-02-02,4.8
JD협재,2022-02-03,4.81
JD협재,2022-02-04,4.79
JD협재,2022-02-05,4.77
JD협재,2022-02-06,4.75
JD협재,2022-02-07,4.75
JD협재,2022-02-08,4.74
JD협재,2022-02-09,4.73
JD협재,2022-02-10,4.73
JD협재,2022-02-11,4.72
JD협재,2022-02-12,4.73
JD협재,2022-02-13,4.74
JD협재,2022-02-14,4.73
JD협재,2022-02-15,4.69
JD협재,2022-02-16,4.68
JD협재,2022-02-17,4.67
JD협재,2022-02-18,4.66
JD협재,2022-02-19,4.66
JD협재,2022-02-20,4.62
JD협재,2022-02-21,4.6
JD협재,2022-02-22,4.59
JD협재,2022-02-23,4.57
JD협재,2022-02-24,4.56
JD협재,2022-02-25,4.54
JD협재,2022-02-26,4.54
JD협재,2022-02-27,4.52
JD협재,2022-02-28,4.53
JD협재,2022-03-01,4.56
JD협재,2022-03-02,4.52
JD협재,2022-03-03,4.51
JD협재,2022-03-04,4.52
JD협재,2022-03-05,4.5
JD협재,2022-03-06,4.46
JD협재,2022-03-07,4.45
JD협재,2022-03-08,4.44
JD협재,2022-03-09,4.41
JD협재,2022-03-10,4.4
JD협재,2022-03-11,4.41
JD협재,2022-03-12,4.39
JD협재,2022-03-13,4.42
JD협재,2022-03-14,4.42
JD협재,2022-03-15,4.38
JD협재,2022-03-16,4.37
JD협재,2022-03-17,4.4
JD협재,2022-03-18,4.52
JD협재,2022-03-19,4.4
JD협재,2022-03-20,4.34
JD협재,2022-03-21,4.32
JD협재,2022-03-22,4.33
JD협재,2022-03-23,4.32
JD협재,2022-03-24,4.27
JD협재,2022-03-25,4.28
JD협재,2022-03-26,4.39
JD협재,2022-03-27,4.36
JD협재,2022-03-28,4.3
JD협재,2022-03-29,4.46
JD협재,2022-03-30,4.33
JD협재,2022-03-31,4.28
JD협재,2022-04-01,4.24
JD협재,2022-04-02,4.32
JD협재,2022-04-03,4.23
JD협재,2022-04-04,4.22
JD협재,2022-04-05,4.35
JD협재,2022-04-06,4.26
JD협재,2022-04-07,4.26
JD협재,2022-04-08,4.26
JD협재,2022-04-09,4.27
JD협재,2022-04-10,4.27
JD협재,2022-04-11,4.3
JD협재,2022-04-12,4.3
JD협재,2022-04-13,4.3
JD협재,2022-04-14,4.33
JD협재,2022-04-15,4.3
JD협재,2022-04-16,4.27
JD협재,2022-04-17,4.26
JD협재,2022-04-18,4.25
JD협재,2022-04-19,4.21
JD협재,2022-04-20,4.18
JD협재,2022-04-21,4.18
JD협재,2022-04-22,4.15
JD협재,2022-04-23,4.13
JD협재,2022-04-24,4.11
JD협재,2022-04-25,4.11
JD협재,2022-04-26,4.16
JD협재,2022-04-27,4.12
JD협재,2022-04-28,4.09
JD협재,2022-04-29,4.1
JD협재,2022-04-30,4.07
JD협재,2022-05-01,4.06
JD협재,2022-05-02,4.04
JD협재,2022-05-03,4.01
JD협재,2022-05-04,3.99
JD협재,2022-05-05,3.98
JD협재,2022-05-06,4.02
JD협재,2022-05-07,3.99
JD협재,2022-05-08,4.0
JD협재,2022-05-09,4.03
JD협재,2022-05-10,4.04
JD협재,2022-05-11,4.07
JD협재,2022-05-12,4.08
JD협재,2022-05-13,4.11
JD협재,2022-05-14,4.1
JD협재,2022-05-15,4.09
JD협재,2022-05-16,4.08
JD협재,2022-05-17,4.05
JD협재,2022-05-18,4.01
JD협재,2022-05-19,4.11
JD협재,2022-05-20,4.36
JD협재,2022-05-21,4.09
JD협재,2022-05-22,4.04
JD협재,2022-05-23,4.01
JD협재,2022-05-24,4.0
JD협재,2022-05-25,4.03
JD협재,2022-05-26,4.04
JD협재,2022-05-27,4.04
JD협재,2022-05-28,4.05
JD협재,2022-05-29,4.07
JD협재,2022-05-30,4.08
JD협재,2022-05-31,4.02
JD협재,2022-06-01,4.01
JD협재,2022-06-02,4.01
JD협재,2022-06-03,3.99
JD협재,2022-06-04,3.99
JD협재,2022-06-05,4.09
JD협재,2022-06-06,4.11
JD협재,2022-06-07,4.08
JD협재,2022-06-08,4.05
JD협재,2022-06-09,4.05
JD협재,2022-06-10,4.05
JD협재,2022-06-11,4.07
JD협재,2022-06-12,4.07
JD협재,2022-06-13,4.11
JD협재,2022-06-14,4.13
JD협재,2022-06-15,4.1
JD협재,2022-06-16,4.06
JD협재,2022-06-17,4.04
JD협재,2022-06-18,4.01
JD협재,2022-06-19,4.0
JD협재,2022-06-20,3.99
JD협재,2022-06-21,3.96
JD협재,2022-06-22,3.88
JD협재,2022-06-23,3.87
JD협재,2022-06-24,3.96
JD협재,2022-06-25,3.97
JD협재,2022-06-26,4.01
JD협재,2022-06-27,4.1
JD협재,2022-06-28,3.96
JD협재,2022-06-29,3.92
JD협재,2022-06-30,3.88
JD협재,2022-07-01,3.86
JD협재,2022-07-02,3.88
JD협재,2022-07-03,3.89
JD협재,2022-07-04,3.87
JD협재,2022-07-05,3.82
JD협재,2022-07-06,3.81
JD협재,2022-07-07,3.83
JD협재,2022-07-08,3.84
JD협재,2022-07-09,3.81
JD협재,2022-07-10,3.79
JD협재,2022-07-11,3.85
JD협재,2022-07-12,3.87
JD협재,2022-07-13,3.89
JD협재,2022-07-14,3.92
JD협재,2022-07-15,3.96
JD협재,2022-07-16,4.0
JD협재,2022-07-17,3.99
JD협재,2022-07-18,4.03
JD협재,2022-07-19,4.02
JD협재,2022-07-20,4.0
JD협재,2022-07-21,4.0
JD협재,2022-07-22,3.97
JD협재,2022-07-23,3.97
JD협재,2022-07-24,3.99
JD협재,2022-07-25,3.97
JD협재,2022-07-26,3.97
JD협재,2022-07-27,3.97
JD협재,2022-07-28,3.94
JD협재,2022-07-29,3.94
JD협재,2022-07-30,4.0
JD협재,2022-07-31,4.05
JD협재,2022-08-01,4.06
JD협재,2022-08-02,4.06
JD협재,2022-08-03,4.08
JD협재,2022-08-04,4.05
JD협재,2022-08-05,4.02
JD협재,2022-08-06,4.0
JD협재,2022-08-07,3.96
JD협재,2022-08-08,3.91
JD협재,2022-08-09,3.9
JD협재,2022-08-10,3.91
JD협재,2022-08-11,3.94
JD협재,2022-08-12,3.96
JD협재,2022-08-13,3.97
JD협재,2022-08-14,3.97
JD협재,2022-08-15,3.99
JD협재,2022-08-16,4.02
JD협재,2022-08-17,4.09
JD협재,2022-08-18,4.15
JD협재,2022-08-19,4.17
JD협재,2022-08-20,4.2
JD협재,2022-08-21,4.2
JD협재,2022-08-22,4.18
JD협재,2022-08-23,4.19
JD협재,2022-08-24,4.18
JD협재,2022-08-25,4.15
JD협재,2022-08-26,4.12
JD협재,2022-08-27,4.12
JD협재,2022-08-28,4.08
JD협재,2022-08-29,4.09
JD협재,2022-08-30,4.11
JD협재,2022-08-31,4.14
JD협재,2022-09-01,4.16
JD협재,2022-09-02,4.21
JD협재,2022-09-03,4.22
JD협재,2022-09-04,4.26
JD협재,2022-09-05,4.35
JD협재,2022-09-06,4.48
JD협재,2022-09-07,4.36
JD협재,2022-09-08,4.34
JD협재,2022-09-09,4.37
JD협재,2022-09-10,4.41
JD협재,2022-09-11,4.44
JD협재,2022-09-12,4.45
JD협재,2022-09-13,4.48
JD협재,2022-09-14,4.5
JD협재,2022-09-15,4.51
JD협재,2022-09-16,4.51
JD협재,2022-09-17,4.54
JD협재,2022-09-18,4.55
JD협재,2022-09-19,4.6
JD협재,2022-09-20,4.5
JD협재,2022-09-21,4.45
JD협재,2022-09-22,4.41
JD협재,2022-09-23,4.43
JD협재,2022-09-24,4.42
JD협재,2022-09-25,4.41
JD협재,2022-09-26,4.43
JD협재,2022-09-27,4.42
JD협재,2022-09-28,4.37
JD협재,2022-09-29,4.35
JD협재,2022-09-30,4.55
JD협재,2022-10-01,4.58
JD협재,2022-10-02,4.66
JD협재,2022-10-03,4.69
JD협재,2022-10-04,4.7
JD협재,2022-10-05,4.7
JD협재,2022-10-06,4.7
JD협재,2022-10-07,4.44
JD협재,2022-10-08,4.39
JD협재,2022-10-09,4.35
JD협재,2022-10-10,4.35
JD협재,2022-10-11,4.29
JD협재,2022-10-12,4.26
JD협재,2022-10-13,4.27
JD협재,2022-10-14,4.28
JD협재,2022-10-15,4.28
JD협재,2022-10-16,4.27
JD협재,2022-10-17,4.22
JD협재,2022-10-18,4.18
JD협재,2022-10-19,4.44
JD협재,2022-10-20,4.19
JD협재,2022-10-21,4.17
JD협재,2022-10-22,4.38
JD협재,2022-10-23,4.2
JD협재,2022-10-24,4.16
JD협재,2022-10-25,4.36
JD협재,2022-10-26,4.17
JD협재,2022-10-27,4.15
JD협재,2022-10-28,4.15
JD협재,2022-10-29,4.44
JD협재,2022-10-30,4.19
JD협재,2022-10-31,4.15
JD협재,2022-11-01,4.38
JD협재,2022-11-02,4.16
JD협재,2022-11-03,4.16
JD협재,2022-11-04,4.14
JD협재,2022-11-05,4.13
JD협재,2022-11-06,4.12
JD협재,2022-11-07,4.14
JD협재,2022-11-08,4.12
JD협재,2022-11-09,4.11
JD협재,2022-11-10,4.14
JD협재,2022-11-11,4.15
JD협재,2022-11-12,4.16
JD협재,2022-11-13,4.16
JD협재,2022-11-14,4.15
JD협재,2022-11-15,4.14
JD협재,2022-11-16,4.1
JD협재,2022-11-17,4.09
JD협재,2022-11-18,4.07
JD협재,2022-11-19,4.08
JD협재,2022-11-20,4.11
JD협재,2022-11-21,4.12
JD협재,2022-11-22,4.13
JD협재,2022-11-23,4.12
JD협재,2022-11-24,4.11
JD협재,2022-11-25,4.11
JD협재,2022-11-26,4.11
JD협재,2022-11-27,4.1
JD협재,2022-11-28,4.13
JD협재,2022-11-29,4.18
JD협재,2022-11-30,4.09
JD협재,2022-12-01,4.07
JD협재,2022-12-02,4.07
JD협재,2022-12-03,4.08
JD협재,2022-12-04,4.08
JD협재,2022-12-05,4.07
JD협재,2022-12-06,4.07
JD협재,2022-12-07,4.07
JD협재,2022-12-08,4.06
JD협재,2022-12-09,4.07
JD협재,2022-12-10,4.08
JD협재,2022-12-11,4.06
JD협재,2022-12-12,4.06
JD협재,2022-12-13,4.05
JD협재,2022-12-14,4.01
JD협재,2022-12-15,4.0
JD협재,2022-12-16,3.98
JD협재,2022-12-17,3.97
JD협재,2022-12-18,3.97
JD협재,2022-12-19,3.97
JD협재,2022-12-20,3.97
JD협재,2022-12-21,4.02
JD협재,2022-12-22,4.01
JD협재,2022-12-23,3.98
JD협재,2022-12-24,3.96
JD협재,2022-12-25,3.95
JD협재,2022-12-26,3.95
JD협재,2022-12-27,3.93
JD협재,2022-12-28,3.91
JD협재,2022-12-29,3.89
JD협재,2022-12-30,3.88
JD협재,2022-12-31,3.87
JD협재,2023-01-01,3.88
JD협재,2023-01-02,3.87
JD협재,2023-01-03,3.86
JD협재,2023-01-04,3.85
JD협재,2023-01-05,3.84
JD협재,2023-01-06,3.87
JD협재,2023-01-07,3.87
JD협재,2023-01-08,3.84
JD협재,2023-01-09,3.84
JD협재,2023-01-10,3.82
JD협재,2023-01-11,3.82
JD협재,2023-01-12,3.84
JD협재,2023-01-13,3.91
JD협재,2023-01-14,3.93
JD협재,2023-01-15,3.88
JD협재,2023-01-16,3.84
JD협재,2023-01-17,3.84
JD협재,2023-01-18,3.83
JD협재,2023-01-19,3.84
JD협재,2023-01-20,3.83
JD협재,2023-01-21,3.82
JD협재,2023-01-22,3.86
JD협재,2023-01-23,3.87
JD협재,2023-01-24,3.83
JD협재,2023-01-25,3.81
JD협재,2023-01-26,3.8
JD협재,2023-01-27,3.78
JD협재,2023-01-28,3.75
JD협재,2023-01-29,3.76
JD협재,2023-01-30,3.76
JD협재,2023-01-31,3.77
JD협재,2023-02-01,3.77
JD협재,2023-02-02,3.72
JD협재,2023-02-03,3.72
JD협재,2023-02-04,3.71
JD협재,2023-02-05,3.71
JD협재,2023-02-06,3.74
JD협재,2023-02-07,3.75
JD협재,2023-02-08,3.72
JD협재,2023-02-09,3.72
JD협재,2023-02-10,3.75
JD협재,2023-02-11,3.73
JD협재,2023-02-12,3.76
JD협재,2023-02-13,3.8
JD협재,2023-02-14,3.75
JD협재,2023-02-15,3.72
JD협재,2023-02-16,3.69
JD협재,2023-02-17,3.71
JD협재,2023-02-18,3.74
JD협재,2023-02-19,3.94
JD협재,2023-02-20,4.32
JD협재,2023-02-21,4.43
JD협재,2023-02-22,4.41
JD협재,2023-02-23,4.02
JD협재,2023-02-24,3.93
JD협재,2023-02-25,3.84
JD협재,2023-02-26,3.79
JD협재,2023-02-27,3.77
JD협재,2023-02-28,3.77
JD협재,2023-03-01,3.77
JD협재,2023-03-02,3.71
JD협재,2023-03-03,3.68
JD협재,2023-03-04,3.68
JD협재,2023-03-05,3.68
JD협재,2023-03-06,3.69
JD협재,2023-03-07,3.68
JD협재,2023-03-08,3.69
JD협재,2023-03-09,3.69
JD협재,2023-03-10,3.65
JD협재,2023-03-11,3.63
JD협재,2023-03-12,3.64
JD협재,2023-03-13,3.62
JD협재,2023-03-14,3.62
JD협재,2023-03-15,3.62
JD협재,2023-03-16,3.54
JD협재,2023-03-17,3.61
JD협재,2023-03-18,3.6
JD협재,2023-03-19,3.58
JD협재,2023-03-20,3.6
JD협재,2023-03-21,3.64
JD협재,2023-03-22,3.63
JD협재,2023-03-23,3.61
JD협재,2023-03-24,3.55
JD협재,2023-03-25,3.52
JD협재,2023-03-26,3.51
JD협재,2023-03-27,3.49
JD협재,2023-03-28,3.46
JD협재,2023-03-29,3.41
JD협재,2023-03-30,3.42
JD협재,2023-03-31,3.41
JD협재,2023-04-01,3.41
JD협재,2023-04-02,3.39
JD협재,2023-04-03,3.39
JD협재,2023-04-04,3.43
JD협재,2023-04-05,3.55
JD협재,2023-04-06,3.58
JD협재,2023-04-07,3.55
JD협재,2023-04-08,3.52
JD협재,2023-04-09,3.52
JD협재,2023-04-10,3.53
JD협재,2023-04-11,3.6
JD협재,2023-04-12,3.62
JD협재,2023-04-13,3.54
JD협재,2023-04-14,3.59
JD협재,2023-04-15,3.64
JD협재,2023-04-16,3.64
JD협재,2023-04-17,3.59
JD협재,2023-04-18,3.61
JD협재,2023-04-19,3.62
JD협재,2023-04-20,3.61
JD협재,2023-04-21,3.6
JD협재,2023-04-22,3.58
JD협재,2023-04-23,3.53
JD협재,2023-04-24,3.52
JD협재,2023-04-25,3.56
JD협재,2023-04-26,3.55
JD협재,2023-04-27,3.53
JD협재,2023-04-28,3.56
JD협재,2023-04-29,3.61
JD협재,2023-04-30,3.59
JD협재,2023-05-01,3.57
JD협재,2023-05-02,3.56
JD협재,2023-05-03,3.58
JD협재,2023-05-04,3.73
JD협재,2023-05-05,3.95
JD협재,2023-05-06,4.08
JD협재,2023-05-07,4.11
JD협재,2023-05-08,4.06
JD협재,2023-05-09,4.02
JD협재,2023-05-10,4.01
JD협재,2023-05-11,4.0
JD협재,2023-05-12,4.01
JD협재,2023-05-13,4.06
JD협재,2023-05-14,4.1
JD협재,2023-05-15,4.14
JD협재,2023-05-16,4.14
JD협재,2023-05-17,4.15
JD협재,2023-05-18,4.25
JD협재,2023-05-19,4.28
JD협재,2023-05-20,4.26
JD협재,2023-05-21,4.27
JD협재,2023-05-22,4.3
JD협재,2023-05-23,4.29
JD협재,2023-05-24,4.27
JD협재,2023-05-25,4.29
JD협재,2023-05-26,4.29
JD협재,2023-05-27,4.3
JD협재,2023-05-28,4.34
JD협재,2023-05-29,4.37
JD협재,2023-05-30,4.42
JD협재,2023-05-31,4.47
JD협재,2023-06-01,4.51
JD협재,2023-06-02,4.67
JD협재,2023-06-03,4.68
JD협재,2023-06-04,4.67
JD협재,2023-06-05,4.68
JD협재,2023-06-06,4.77
JD협재,2023-06-07,4.8
JD협재,2023-06-08,4.84
JD협재,2023-06-09,4.86
JD협재,2023-06-10,4.86
JD협재,2023-06-11,4.89
JD협재,2023-06-12,4.91
JD협재,2023-06-13,4.92
JD협재,2023-06-14,4.92
JD협재,2023-06-15,4.9
JD협재,2023-06-16,4.86
JD협재,2023-06-17,4.89
JD협재,2023-06-18,4.95
JD협재,2023-06-19,4.98
JD협재,2023-06-20,5.0
JD협재,2023-06-21,5.08
JD협재,2023-06-22,5.05
JD협재,2023-06-23,5.04
JD협재,2023-06-24,5.01
JD협재,2023-06-25,5.05
JD협재,2023-06-26,5.1
JD협재,2023-06-27,5.12
JD협재,2023-06-28,5.13
JD협재,2023-06-29,5.15
JD협재,2023-06-30,5.25
JD협재,2023-07-01,5.34
JD협재,2023-07-02,5.31
JD협재,2023-07-03,5.33
JD협재,2023-07-04,5.35
JD협재,2023-07-05,5.41
JD협재,2023-07-06,5.41
JD협재,2023-07-07,5.43
JD협재,2023-07-08,5.46
JD협재,2023-07-09,5.5
JD협재,2023-07-10,5.53
JD협재,2023-07-11,5.54
JD협재,2023-07-12,5.56
JD협재,2023-07-13,5.57
JD협재,2023-07-14,5.6
JD협재,2023-07-15,5.61
JD협재,2023-07-16,5.62
JD협재,2023-07-17,5.62
JD협재,2023-07-18,5.68
JD협재,2023-07-19,5.72
JD협재,2023-07-20,5.82
JD협재,2023-07-21,5.77
JD협재,2023-07-22,5.78
JD협재,2023-07-23,5.8
JD협재,2023-07-24,5.83
JD협재,2023-07-25,5.82
JD협재,2023-07-26,5.82
JD협재,2023-07-27,5.84
JD협재,2023-07-28,5.84
JD협재,2023-07-29,5.87
JD협재,2023-07-30,5.87
JD협재,2023-07-31,5.9
JD협재,2023-08-01,5.92
JD협재,2023-08-02,5.94
JD협재,2023-08-03,5.95
JD협재,2023-08-04,5.95
JD협재,2023-08-05,5.96
JD협재,2023-08-06,5.98
JD협재,2023-08-07,5.98
JD협재,2023-08-08,5.98
JD협재,2023-08-09,6.01
JD협재,2023-08-10,6.03
JD협재,2023-08-11,5.97
JD협재,2023-08-12,5.96
JD협재,2023-08-13,5.96
JD협재,2023-08-14,5.99
JD협재,2023-08-15,5.98
JD협재,2023-08-16,5.97
JD협재,2023-08-17,5.96
JD협재,2023-08-18,5.94
JD협재,2023-08-19,5.92
JD협재,2023-08-20,5.9
JD협재,2023-08-21,5.91
JD협재,2023-08-22,5.94
JD협재,2023-08-23,5.99
JD협재,2023-08-24,5.99
JD협재,2023-08-25,5.97
JD협재,2023-08-26,5.97
JD협재,2023-08-27,5.98
JD협재,2023-08-28,6.0
JD협재,2023-08-29,6.03
JD협재,2023-08-30,6.14
JD협재,2023-08-31,6.2
JD협재,2023-09-01,6.21
JD협재,2023-09-02,6.27
JD협재,2023-09-03,6.29
JD협재,2023-09-04,6.28
JD협재,2023-09-05,6.31
JD협재,2023-09-06,6.33
JD협재,2023-09-07,6.31
JD협재,2023-09-08,6.31
JD협재,2023-09-09,6.33
JD협재,2023-09-10,6.34
JD협재,2023-09-11,6.34
JD협재,2023-09-12,6.34
JD협재,2023-09-13,6.37
JD협재,2023-09-14,6.39
JD협재,2023-09-15,6.39
JD협재,2023-09-16,6.41
JD협재,2023-09-17,6.44
JD협재,2023-09-18,6.44
JD협재,2023-09-19,6.43
JD협재,2023-09-20,6.45
JD협재,2023-09-21,6.44
JD협재,2023-09-22,6.42
JD협재,2023-09-23,6.4
JD협재,2023-09-24,6.4
JD협재,2023-09-25,6.4
JD협재,2023-09-26,6.39
JD협재,2023-09-27,6.38
JD협재,2023-09-28,6.37
JD협재,2023-09-29,6.38
JD협재,2023-09-30,6.42
JD협재,2023-10-01,6.42
JD협재,2023-10-02,6.4
JD협재,2023-10-03,6.4
JD협재,2023-10-04,6.39
JD협재,2023-10-05,6.36
JD협재,2023-10-06,6.34
JD협재,2023-10-07,6.33
JD협재,2023-10-08,6.35
JD협재,2023-10-09,6.34
JD협재,2023-10-10,6.31
JD협재,2023-10-11,6.28
JD협재,2023-10-12,6.26
JD협재,2023-10-13,6.26
JD협재,2023-10-14,6.28
JD협재,2023-10-15,6.28
JD협재,2023-10-16,6.26
JD협재,2023-10-17,6.22
JD협재,2023-10-18,6.2
JD협재,2023-10-19,6.2
JD협재,2023-10-20,6.19
JD협재,2023-10-21,6.15
JD협재,2023-10-22,6.13
JD협재,2023-10-23,6.12
JD협재,2023-10-24,6.12
JD협재,2023-10-25,6.12
JD협재,2023-10-26,6.12
JD협재,2023-10-27,6.09
JD협재,2023-10-28,6.07
JD협재,2023-10-29,6.05
JD협재,2023-10-30,6.03
JD협재,2023-10-31,6.01
JD협재,2023-11-01,5.99
JD협재,2023-11-02,5.97
JD협재,2023-11-03,5.97
JD협재,2023-11-04,5.96
JD협재,2023-11-05,5.96
JD협재,2023-11-06,5.97
JD협재,2023-11-07,5.91
JD협재,2023-11-08,5.89
JD협재,2023-11-09,5.89
JD협재,2023-11-10,5.86
JD협재,2023-11-11,5.81
JD협재,2023-11-12,5.81
JD협재,2023-11-13,5.8
JD협재,2023-11-14,5.79
JD협재,2023-11-15,5.93
JD협재,2023-11-16,5.86
JD협재,2023-11-17,5.84
JD협재,2023-11-18,5.8
JD협재,2023-11-19,5.78
JD협재,2023-11-20,5.76
JD협재,2023-11-21,5.74
JD협재,2023-11-22,5.73
JD협재,2023-11-23,5.72
JD협재,2023-11-24,5.65
JD협재,2023-11-25,5.63
JD협재,2023-11-26,5.65
JD협재,2023-11-27,5.68
JD협재,2023-11-28,5.69
JD협재,2023-11-29,5.72
JD협재,2023-11-30,5.67
JD협재,2023-12-01,5.66
JD협재,2023-12-02,5.64
JD협재,2023-12-03,5.62
JD협재,2023-12-04,5.63
JD협재,2023-12-05,5.64
JD협재,2023-12-06,5.63
JD협재,2023-12-07,5.61
JD협재,2023-12-08,5.63
JD협재,2023-12-09,5.62
JD협재,2023-12-10,5.62
JD협재,2023-12-11,5.66
JD협재,2023-12-12,5.63
JD협재,2023-12-13,5.58
JD협재,2023-12-14,5.57
JD협재,2023-12-15,5.58
JD협재,2023-12-16,5.52
JD협재,2023-12-17,5.48
JD협재,2023-12-18,5.48
JD협재,2023-12-19,5.48
JD협재,2023-12-20,5.45
JD협재,2023-12-21,5.43
JD협재,2023-12-22,5.39
JD협재,2023-12-23,5.38
JD협재,2023-12-24,5.4
JD협재,2023-12-25,5.4
JD협재,2023-12-26,5.39
JD협재,2023-12-27,5.37
JD협재,2023-12-28,5.37
JD협재,2023-12-29,5.35
JD협재,2023-12-30,5.37
JD협재,2023-12-31,5.35
JD협재,2024-01-01,5.31
JD협재,2024-01-02,5.33
JD협재,2024-01-03,5.37
JD협재,2024-01-04,5.34
JD협재,2024-01-05,5.33
JD협재,2024-01-06,5.32
JD협재,2024-01-07,5.29
JD협재,2024-01-08,5.28
JD협재,2024-01-09,5.26
JD협재,2024-01-10,5.23
JD협재,2024-01-11,5.22
JD협재,2024-01-12,5.21
JD협재,2024-01-13,5.18
JD협재,2024-01-14,5.18
JD협재,2024-01-15,5.15
JD협재,2024-01-16,5.11
JD협재,2024-01-17,5.12
JD협재,2024-01-18,5.14
JD협재,2024-01-19,5.14
JD협재,2024-01-20,5.16
JD협재,2024-01-21,5.13
JD협재,2024-01-22,5.08
JD협재,2024-01-23,5.07
JD협재,2024-01-24,5.07
JD협재,2024-01-25,5.05
JD협재,2024-01-26,5.04
JD협재,2024-01-27,5.04
JD협재,2024-01-28,5.02
JD협재,2024-01-29,5.0
JD협재,2024-01-30,5.01
JD협재,2024-01-31,5.01
JD협재,2024-02-01,5.0
JD협재,2024-02-02,4.98
JD협재,2024-02-03,4.98
JD협재,2024-02-04,4.99
JD협재,2024-02-05,5.01
JD협재,2024-02-06,4.96
JD협재,2024-02-07,4.95
JD협재,2024-02-08,4.95
JD협재,2024-02-09,4.94
JD협재,2024-02-10,4.93
JD협재,2024-02-11,4.92
JD협재,2024-02-12,4.9
JD협재,2024-02-13,4.9
JD협재,2024-02-14,4.91
JD협재,2024-02-15,4.91
JD협재,2024-02-16,4.87
JD협재,2024-02-17,4.87
JD협재,2024-02-18,4.88
JD협재,2024-02-19,4.9
JD협재,2024-02-20,4.87
JD협재,2024-02-21,4.9
JD협재,2024-02-22,4.88
JD협재,2024-02-23,4.86
JD협재,2024-02-24,4.87
JD협재,2024-02-25,4.88
JD협재,2024-02-26,4.85
JD협재,2024-02-27,4.85
JD협재,2024-02-28,4.85
JD협재,2024-02-29,4.87
JD협재,2024-03-01,4.83
JD협재,2024-03-02,4.82
JD협재,2024-03-03,4.83
JD협재,2024-03-04,4.83
JD협재,2024-03-05,4.89
JD협재,2024-03-06,4.86
JD협재,2024-03-07,4.82
JD협재,2024-03-08,4.8
JD협재,2024-03-09,4.78
JD협재,2024-03-10,4.76
JD협재,2024-03-11,4.8
JD협재,2024-03-12,4.82
JD협재,2024-03-13,4.77
JD협재,2024-03-14,4.75
JD협재,2024-03-15,4.73
JD협재,2024-03-16,4.73
JD협재,2024-03-17,4.75
JD협재,2024-03-18,4.72
JD협재,2024-03-19,4.7
JD협재,2024-03-20,4.67
JD협재,2024-03-21,4.69
JD협재,2024-03-22,4.71
JD협재,2024-03-23,4.71
JD협재,2024-03-24,4.71
JD협재,2024-03-25,4.73
JD협재,2024-03-26,4.71
JD협재,2024-03-27,4.66
JD협재,2024-03-28,4.73
JD협재,2024-03-29,4.74
JD협재,2024-03-30,4.72
JD협재,2024-03-31,4.72
JD협재,2024-04-01,4.7
JD협재,2024-04-02,4.7
JD협재,2024-04-03,4.73
JD협재,2024-04-04,4.68
JD협재,2024-04-05,4.65
JD협재,2024-04-06,4.65
JD협재,2024-04-07,4.66
JD협재,2024-04-08,4.68
JD협재,2024-04-09,4.66
JD협재,2024-04-10,4.64
JD협재,2024-04-11,4.65
JD협재,2024-04-12,4.65
JD협재,2024-04-13,4.64
JD협재,2024-04-14,4.65
JD협재,2024-04-15,4.67
JD협재,2024-04-16,4.64
JD협재,2024-04-17,4.64
JD협재,2024-04-18,4.64
JD협재,2024-04-19,4.61
JD협재,2024-04-20,4.62
JD협재,2024-04-21,4.72
JD협재,2024-04-22,4.61
JD협재,2024-04-23,4.61
JD협재,2024-04-24,4.68
JD협재,2024-04-25,4.67
JD협재,2024-04-26,4.59
JD협재,2024-04-27,4.58
JD협재,2024-04-28,4.75
JD협재,2024-04-29,4.82
JD협재,2024-04-30,4.82
JD협재,2024-05-01,4.76
JD협재,2024-05-02,4.61
JD협재,2024-05-03,4.58
JD협재,2024-05-04,4.64
JD협재,2024-05-05,4.79
JD협재,2024-05-06,4.92
JD협재,2024-05-07,4.9
JD협재,2024-05-08,4.87
JD협재,2024-05-09,4.84
JD협재,2024-05-10,4.77
JD협재,2024-05-11,4.97
JD협재,2024-05-12,5.14
JD협재,2024-05-13,5.14
JD협재,2024-05-14,5.07
JD협재,2024-05-15,4.95
JD협재,2024-05-16,4.93
JD협재,2024-05-17,4.91
JD협재,2024-05-18,4.91
JD협재,2024-05-19,4.94
JD협재,2024-05-20,4.95
JD협재,2024-05-21,5.09
JD협재,2024-05-22,4.99
JD협재,2024-05-23,5.12
JD협재,2024-05-24,5.01
JD협재,2024-05-25,5.0
JD협재,2024-05-26,5.15
JD협재,2024-05-27,5.08
JD협재,2024-05-28,5.06
JD협재,2024-05-29,5.02
JD협재,2024-05-30,5.17
JD협재,2024-05-31,5.05
JD협재,2024-06-01,5.15
JD협재,2024-06-02,5.05
JD협재,2024-06-03,5.07
JD협재,2024-06-04,5.33
JD협재,2024-06-05,5.07
JD협재,2024-06-06,5.24
JD협재,2024-06-07,5.09
JD협재,2024-06-08,5.14
JD협재,2024-06-09,5.14
JD협재,2024-06-10,5.19
JD협재,2024-06-11,5.12
JD협재,2024-06-12,5.09
JD협재,2024-06-13,5.08
JD협재,2024-06-14,5.06
JD협재,2024-06-15,5.13
JD협재,2024-06-16,5.35
JD협재,2024-06-17,5.62
JD협재,2024-06-18,5.18
JD협재,2024-06-19,5.21
JD협재,2024-06-20,5.3
JD협재,2024-06-21,5.33
JD협재,2024-06-22,5.38
JD협재,2024-06-23,5.46
JD협재,2024-06-24,5.48
JD협재,2024-06-25,5.46
JD협재,2024-06-26,5.45
JD협재,2024-06-27,5.51
JD협재,2024-06-28,5.61
JD협재,2024-06-29,5.68
JD협재,2024-06-30,5.78
JD협재,2024-07-01,5.81
JD협재,2024-07-02,5.82
JD협재,2024-07-03,5.79
JD협재,2024-07-04,5.82
JD협재,2024-07-05,5.88
JD협재,2024-07-06,5.91
JD협재,2024-07-07,5.94
JD협재,2024-07-08,5.94
JD협재,2024-07-09,5.99
JD협재,2024-07-10,6.04
JD협재,2024-07-11,6.07
JD협재,2024-07-12,6.07
JD협재,2024-07-13,6.08
JD협재,2024-07-14,6.12
JD협재,2024-07-15,6.11
JD협재,2024-07-16,6.12
JD협재,2024-07-17,6.09
JD협재,2024-07-18,6.15
JD협재,2024-07-19,6.19
JD협재,2024-07-20,6.17
JD협재,2024-07-21,6.24
JD협재,2024-07-22,6.26
JD협재,2024-07-23,6.2
JD협재,2024-07-24,6.2
JD협재,2024-07-25,6.13
JD협재,2024-07-26,6.19
JD협재,2024-07-27,6.17
JD협재,2024-07-28,6.13
JD협재,2024-07-29,6.12
JD협재,2024-07-30,6.06
JD협재,2024-07-31,6.05
JD협재,2024-08-01,6.04
JD협재,2024-08-02,6.02
JD협재,2024-08-03,5.99
JD협재,2024-08-04,5.98
JD협재,2024-08-05,5.97
JD협재,2024-08-06,6.11
JD협재,2024-08-07,6.12
JD협재,2024-08-08,6.0
JD협재,2024-08-09,5.98
JD협재,2024-08-10,6.19
JD협재,2024-08-11,6.0
JD협재,2024-08-12,5.96
JD협재,2024-08-13,5.91
JD협재,2024-08-14,5.9
JD협재,2024-08-15,5.97
JD협재,2024-08-16,5.9
JD협재,2024-08-17,5.93
JD협재,2024-08-18,6.17
JD협재,2024-08-19,6.34
JD협재,2024-08-20,5.99
JD협재,2024-08-21,5.99
JD협재,2024-08-22,5.95
JD협재,2024-08-23,5.92
JD협재,2024-08-24,5.81
JD협재,2024-08-25,5.78
JD협재,2024-08-26,5.78
JD협재,2024-08-27,5.78
JD협재,2024-08-28,5.83
JD협재,2024-08-29,5.83
JD협재,2024-08-30,5.79
JD협재,2024-08-31,5.75
JD협재,2024-09-01,5.73
JD협재,2024-09-02,5.72
JD협재,2024-09-03,5.7
JD협재,2024-09-04,5.7
JD협재,2024-09-05,5.69
JD협재,2024-09-06,5.66
JD협재,2024-09-07,5.67
JD협재,2024-09-08,5.71
JD협재,2024-09-09,5.71
JD협재,2024-09-10,5.73
JD협재,2024-09-11,5.72
JD협재,2024-09-12,5.65
JD협재,2024-09-13,5.64
JD협재,2024-09-14,5.66
JD협재,2024-09-15,5.66
JD협재,2024-09-16,5.64
JD협재,2024-09-17,5.63
JD협재,2024-09-18,5.63
JD협재,2024-09-19,5.64
JD협재,2024-09-20,5.65
JD협재,2024-09-21,5.72
JD협재,2024-09-22,5.74
JD협재,2024-09-23,5.71
JD협재,2024-09-24,5.65
JD협재,2024-09-25,5.75
JD협재,2024-09-26,5.65
JD협재,2024-09-27,5.62
JD협재,2024-09-28,5.61
JD협재,2024-09-29,5.6
JD협재,2024-09-30,5.61
JD협재,2024-10-01,5.62
JD협재,2024-10-02,5.59
JD협재,2024-10-03,5.58
JD협재,2024-10-04,5.56
JD협재,2024-10-05,5.57
JD협재,2024-10-06,5.57
JD협재,2024-10-07,5.57
JD협재,2024-10-08,5.57
JD협재,2024-10-09,5.57
JD협재,2024-10-10,5.57
JD협재,2024-10-11,5.55
JD협재,2024-10-12,5.6
JD협재,2024-10-13,5.65
JD협재,2024-10-14,5.64
JD협재,2024-10-15,5.66
JD협재,2024-10-16,5.65
JD협재,2024-10-17,5.65
JD협재,2024-10-18,5.69
JD협재,2024-10-19,5.69
JD협재,2024-10-20,5.65
JD협재,2024-10-21,5.7
JD협재,2024-10-22,5.7
JD협재,2024-10-23,5.7
JD협재,2024-10-24,5.64
JD협재,2024-10-25,5.66
JD협재,2024-10-26,5.63
JD협재,2024-10-27,5.69
JD협재,2024-10-28,5.66
JD협재,2024-10-29,5.65
JD협재,2024-10-30,5.62
JD협재,2024-10-31,5.61
JD협재,2024-11-01,5.7
JD협재,2024-11-02,6.0
JD협재,2024-11-03,5.9
JD협재,2024-11-04,5.89
JD협재,2024-11-05,5.9
JD협재,2024-11-06,5.84
JD협재,2024-11-07,5.82
JD협재,2024-11-08,5.83
JD협재,2024-11-09,5.77
JD협재,2024-11-10,5.82
JD협재,2024-11-11,5.89
JD협재,2024-11-12,5.89
JD협재,2024-11-13,5.89
JD협재,2024-11-14,5.86
JD협재,2024-11-15,5.94
JD협재,2024-11-16,5.93
JD협재,2024-11-17,5.94
JD협재,2024-11-18,5.92
JD협재,2024-11-19,5.92
JD협재,2024-11-20,5.94
JD협재,2024-11-21,5.94
JD협재,2024-11-22,5.93
JD협재,2024-11-23,5.92
JD협재,2024-11-24,5.91
JD협재,2024-11-25,5.94
JD협재,2024-11-26,5.95
JD협재,2024-11-27,5.94
JD협재,2024-11-28,5.95
JD협재,2024-11-29,5.93
JD협재,2024-11-30,5.91
JD협재,2024-12-01,5.93
JD협재,2024-12-02,5.87
JD협재,2024-12-03,5.89
JD협재,2024-12-04,5.88
JD협재,2024-12-05,5.89
JD협재,2024-12-06,5.88
JD협재,2024-12-07,5.86
JD협재,2024-12-08,5.79
JD협재,2024-12-09,5.85
JD협재,2024-12-10,5.79
JD협재,2024-12-11,5.78
JD협재,2024-12-12,5.76
JD협재,2024-12-13,5.76
JD협재,2024-12-14,5.74
JD협재,2024-12-15,5.75
JD협재,2024-12-16,5.75
JD협재,2024-12-17,5.73
JD협재,2024-12-18,5.71
JD협재,2024-12-19,5.69
JD협재,2024-12-20,5.7
JD협재,2024-12-21,5.7
JD협재,2024-12-22,5.66
JD협재,2024-12-23,5.65
JD협재,2024-12-24,5.64
JD협재,2024-12-25,5.63
JD협재,2024-12-26,5.62
JD협재,2024-12-27,5.6
JD협재,2024-12-28,5.59
JD협재,2024-12-29,5.58
JD협재,2024-12-30,5.61
JD협재,2024-12-31,5.59
JD협재,2025-01-01,5.57
JD협재,2025-01-02,5.57
JD협재,2025-01-03,5.55
JD협재,2025-01-04,5.52
JD협재,2025-01-05,5.54
JD협재,2025-01-06,5.54
JD협재,2025-01-07,5.5
JD협재,2025-01-08,5.48
JD협재,2025-01-09,5.45
JD협재,2025-01-10,5.41
JD협재,2025-01-11,5.42
JD협재,2025-01-12,5.43
JD협재,2025-01-13,5.41
JD협재,2025-01-14,5.41
JD협재,2025-01-15,5.37
JD협재,2025-01-16,5.36
JD협재,2025-01-17,5.35
JD협재,2025-01-18,5.34
JD협재,2025-01-19,5.36
JD협재,2025-01-20,5.35
JD협재,2025-01-21,5.3
JD협재,2025-01-22,5.28
JD협재,2025-01-23,5.26
JD협재,2025-01-24,5.25
JD협재,2025-01-25,5.23
JD협재,2025-01-26,5.23
JD협재,2025-01-27,5.25
JD협재,2025-01-28,5.23
JD협재,2025-01-29,5.2
JD협재,2025-01-30,5.19
JD협재,2025-01-31,5.2
JD협재,2025-02-01,5.24
JD협재,2025-02-02,5.22
JD협재,2025-02-03,5.19
JD협재,2025-02-04,5.16
JD협재,2025-02-05,5.14
JD협재,2025-02-06,5.12
JD협재,2025-02-07,5.1
JD협재,2025-02-08,5.05
JD협재,2025-02-09,5.03
JD협재,2025-02-10,5.02
JD협재,2025-02-11,5.01
JD협재,2025-02-12,5.04
JD협재,2025-02-13,5.04
JD협재,2025-02-14,5.27
JD협재,2025-02-15,5.58
JD협재,2025-02-16,5.72
JD협재,2025-02-17,5.77
JD협재,2025-02-18,5.71
JD협재,2025-02-19,5.39
JD협재,2025-02-20,5.31
JD협재,2025-02-21,5.24
JD협재,2025-02-22,5.23
JD협재,2025-02-23,5.19
JD협재,2025-02-24,5.22
JD협재,2025-02-25,5.14
JD협재,2025-02-26,5.17
JD협재,2025-02-27,5.09
JD협재,2025-02-28,5.13
JD협재,2025-03-01,5.15
JD협재,2025-03-02,5.19
JD협재,2025-03-03,5.21
JD협재,2025-03-04,5.21
JD협재,2025-03-05,5.17
JD협재,2025-03-06,5.1
JD협재,2025-03-07,5.07
JD협재,2025-03-08,5.09
JD협재,2025-03-09,5.03
JD협재,2025-03-10,5.07
JD협재,2025-03-11,5.06
JD협재,2025-03-12,5.03
JD협재,2025-03-13,5.04
JD협재,2025-03-14,5.01
JD협재,2025-03-15,5.05
JD협재,2025-03-16,5.04
JD협재,2025-03-17,4.99
JD협재,2025-03-18,4.98
JD협재,2025-03-19,4.93
JD협재,2025-03-20,4.9
JD협재,2025-03-21,4.83
JD협재,2025-03-22,4.86
JD협재,2025-03-23,4.87
JD협재,2025-03-24,4.81
JD협재,2025-03-25,4.8
JD협재,2025-03-26,4.77
JD협재,2025-03-27,4.77
JD협재,2025-03-28,4.68
JD협재,2025-03-29,4.63
JD협재,2025-03-30,4.6
JD협재,2025-03-31,4.61
JD협재,2025-04-01,4.61
JD협재,2025-04-02,4.61
JD협재,2025-04-03,4.58
JD협재,2025-04-04,4.56
JD협재,2025-04-05,4.57
JD협재,2025-04-06,4.54
JD협재,2025-04-07,4.52
JD협재,2025-04-08,4.51
JD협재,2025-04-09,4.52
JD협재,2025-04-10,4.52
JD협재,2025-04-11,4.49
JD협재,2025-04-12,4.5
JD협재,2025-04-13,4.49
JD협재,2025-04-14,4.51
JD협재,2025-04-15,4.45
JD협재,2025-04-16,4.55
JD협재,2025-04-17,4.61
JD협재,2025-04-18,4.45
JD협재,2025-04-19,4.42
JD협재,2025-04-20,4.42
JD협재,2025-04-21,4.4
JD협재,2025-04-22,4.44
JD협재,2025-04-23,4.42
JD협재,2025-04-24,4.38
JD협재,2025-04-25,4.34
JD협재,2025-04-26,4.32
JD협재,2025-04-27,4.34
JD협재,2025-04-28,4.37
JD협재,2025-04-29,4.34
JD협재,2025-04-30,4.33
JD협재,2025-05-01,4.35
JD협재,2025-05-02,4.36
JD협재,2025-05-03,4.37
JD협재,2025-05-04,4.33
JD협재,2025-05-05,4.34
JD협재,2025-05-06,4.36
JD협재,2025-05-07,4.32
JD협재,2025-05-08,4.3
JD협재,2025-05-09,4.44
JD협재,2025-05-10,4.49
JD협재,2025-05-11,4.47
JD협재,2025-05-12,4.39
JD협재,2025-05-13,4.42
JD협재,2025-05-14,4.36
JD협재,2025-05-15,4.37
JD협재,2025-05-16,4.41
JD협재,2025-05-17,4.46
JD협재,2025-05-18,4.5
JD협재,2025-05-19,4.53
JD협재,2025-05-20,4.47
JD협재,2025-05-21,4.56
JD협재,2025-05-22,4.54
JD협재,2025-05-23,4.49
JD협재,2025-05-24,4.55
JD협재,2025-05-25,4.51
JD협재,2025-05-26,4.49
JD협재,2025-05-27,4.63
JD협재,2025-05-28,4.64
JD협재,2025-05-29,4.58
JD협재,2025-05-30,4.51
JD협재,2025-05-31,4.5
JD협재,2025-06-01,4.49
JD협재,2025-06-02,4.51
JD협재,2025-06-03,4.57
JD협재,2025-06-04,4.48
JD협재,2025-06-05,4.43
JD협재,2025-06-06,4.41
JD협재,2025-06-07,4.43
JD협재,2025-06-08,4.44
JD협재,2025-06-09,4.43
JD협재,2025-06-10,4.42
JD협재,2025-06-11,4.4
JD협재,2025-06-12,4.38
JD협재,2025-06-13,4.37
JD협재,2025-06-14,4.44
JD협재,2025-06-15,4.46
JD협재,2025-06-16,4.59
JD협재,2025-06-17,4.63
JD협재,2025-06-18,4.6
JD협재,2025-06-19,4.6
JD협재,2025-06-20,4.62
JD협재,2025-06-21,4.65
JD협재,2025-06-22,4.66
JD협재,2025-06-23,4.69
JD협재,2025-06-24,4.73
JD협재,2025-06-25,4.63
JD협재,2025-06-26,4.66
JD협재,2025-06-27,4.64
JD협재,2025-06-28,4.63
JD협재,2025-06-29,4.62
JD협재,2025-06-30,4.58
JD협재,2025-07-01,4.56
JD협재,2025-07-02,4.54
JD협재,2025-07-03,4.54
JD협재,2025-07-04,4.55
JD협재,2025-07-05,4.56
JD협재,2025-07-06,4.56
JD협재,2025-07-07,4.57
JD협재,2025-07-08,4.56
JD협재,2025-07-09,4.54
JD협재,2025-07-10,4.54
JD협재,2025-07-11,4.53
JD협재,2025-07-12,4.52
JD협재,2025-07-13,4.54
JD협재,2025-07-14,4.56
JD협재,2025-07-15,4.73
JD협재,2025-07-16,4.76
JD협재,2025-07-17,4.59
JD협재,2025-07-18,4.59
JD협재,2025-07-19,4.62
JD협재,2025-07-20,4.61
JD협재,2025-07-21,4.6
JD협재,2025-07-22,4.6
JD협재,2025-07-23,4.6
JD협재,2025-07-24,4.62
JD협재,2025-07-25,4.88
JD협재,2025-07-26,5.23
JD협재,2025-07-27,5.28
JD협재,2025-07-28,5.22
JD협재,2025-07-29,4.93
JD협재,2025-07-30,4.81
JD협재,2025-07-31,4.74
JD협재,2025-08-01,4.67
JD협재,2025-08-02,4.63
JD협재,2025-08-03,4.63
JD협재,2025-08-04,4.63
JD협재,2025-08-05,4.6
JD협재,2025-08-06,4.59
JD협재,2025-08-07,4.57
JD협재,2025-08-08,4.56
JD협재,2025-08-09,4.57
JD협재,2025-08-10,4.56
JD협재,2025-08-11,4.56
JD협재,2025-08-12,4.55
JD협재,2025-08-13,4.51
JD협재,2025-08-14,4.49
JD협재,2025-08-15,4.47
JD협재,2025-08-16,4.47
JD협재,2025-08-17,4.46
JD협재,2025-08-18,4.44
JD협재,2025-08-19,4.43
JD협재,2025-08-20,4.44
JD협재,2025-08-21,4.43
JD협재,2025-08-22,4.41
JD협재,2025-08-23,4.4
JD협재,2025-08-24,4.38
JD협재,2025-08-25,4.37
JD협재,2025-08-26,4.36
JD협재,2025-08-27,4.34
JD협재,2025-08-28,4.32
JD협재,2025-08-29,4.3
JD협재,2025-08-30,4.28
JD협재,2025-08-31,4.3
JD협재,2025-09-01,4.3
JD협재,2025-09-02,4.28
JD협재,2025-09-03,4.28
JD협재,2025-09-04,4.3
JD협재,2025-09-05,4.28
JD협재,2025-09-06,4.27
JD협재,2025-09-07,4.27
JD협재,2025-09-08,4.27
JD협재,2025-09-09,4.27
JD협재,2025-09-10,4.37
JD협재,2025-09-11,4.34
JD협재,2025-09-12,4.33
JD협재,2025-09-13,4.27
JD협재,2025-09-14,4.26
JD협재,2025-09-15,4.28
JD협재,2025-09-16,4.26
JD협재,2025-09-17,4.25
JD협재,2025-09-18,4.56
JD협재,2025-09-19,4.67
JD협재,2025-09-20,4.39
JD협재,2025-09-21,4.32
JD협재,2025-09-22,4.29
JD협재,2025-09-23,4.28
JD협재,2025-09-24,4.28
JD협재,2025-09-25,4.54
JD협재,2025-09-26,4.29
JD협재,2025-09-27,4.27
JD협재,2025-09-28,4.33
JD협재,2025-09-29,4.34
JD협재,2025-09-30,4.39
JD협재,2025-10-01,4.33
JD협재,2025-10-02,4.3
JD협재,2025-10-03,4.32
JD협재,2025-10-04,4.37
JD협재,2025-10-05,4.34
JD협재,2025-10-06,4.34
JD협재,2025-10-07,4.35
JD협재,2025-10-08,4.35
JD협재,2025-10-09,4.35
JD협재,2025-10-10,4.35
JD협재,2025-10-11,4.35
JD협재,2025-10-12,4.34
JD협재,2025-10-13,4.34
JD협재,2025-10-14,4.32
JD협재,2025-10-15,4.3
JD협재,2025-10-16,4.3
JD협재,2025-10-17,4.31
JD협재,2025-10-18,4.38
JD협재,2025-10-19,4.31
JD협재,2025-10-20,4.29
JD협재,2025-10-21,4.28
JD협재,2025-10-22,4.28
JD협재,2025-10-23,4.28
JD협재,2025-10-24,4.28
JD협재,2025-10-25,4.29
JD협재,2025-10-26,4.29
JD협재,2025-10-27,4.27
JD협재,2025-10-28,4.24
JD협재,2025-10-29,4.43
JD협재,2025-10-30,4.3
JD협재,2025-10-31,4.3
JD협재,2025-11-01,4.3
JD협재,2025-11-02,4.29
JD협재,2025-11-03,4.27
JD협재,2025-11-04,4.28
JD협재,2025-11-05,4.29
JD협재,2025-11-06,4.26
JD협재,2025-11-07,4.24
JD협재,2025-11-08,4.23
JD협재,2025-11-09,4.24
JD협재,2025-11-10,4.21
JD협재,2025-11-11,4.19
JD협재,2025-11-12,4.17
JD협재,2025-11-13,4.29
JD협재,2025-11-14,4.68
JD협재,2025-11-15,4.73
JD협재,2025-11-16,4.59
JD협재,2025-11-17,4.31
JD협재,2025-11-18,4.24
JD협재,2025-11-19,4.21
JD협재,2025-11-20,4.19
JD협재,2025-11-21,4.19
JD협재,2025-11-22,4.17
JD협재,2025-11-23,4.18
JD협재,2025-11-24,4.2
JD협재,2025-11-25,4.17
JD협재,2025-11-26,4.12
JD협재,2025-11-27,4.11
JD협재,2025-11-28,4.08
JD협재,2025-11-29,4.08
JD협재,2025-11-30,4.08
JD협재,2025-12-01,4.05
JD협재,2025-12-02,4.03
JD협재,2025-12-03,4.0
JD협재,2025-12-04,3.99
JD협재,2025-12-05,3.98
JD협재,2025-12-06,3.99
JD협재,2025-12-07,3.98
JD협재,2025-12-08,3.95
JD협재,2025-12-09,3.92
JD협재,2025-12-10,3.92
JD협재,2025-12-11,3.92
JD협재,2025-12-12,3.86
JD협재,2025-12-13,3.88
JD협재,2025-12-14,3.86
JD협재,2025-12-15,3.98
JD협재,2025-12-16,4.46
JD협재,2025-12-17,4.5
JD협재,2025-12-18,4.07
JD협재,2025-12-19,4.0
JD협재,2025-12-20,3.97
JD협재,2025-12-21,3.91
JD협재,2025-12-22,3.91
JD협재,2025-12-23,3.94
JD협재,2025-12-24,4.41
JD협재,2025-12-25,4.32
JD협재,2025-12-26,3.98
JD협재,2025-12-27,3.92
JD협재,2025-12-28,3.9
JD협재,2025-12-29,3.91
JD협재,2025-12-30,3.88
JD협재,2025-12-31,3.85
JD협재,2026-01-01,3.83
JD협재,2026-01-02,3.82
JD협재,2026-01-03,3.81
JD협재,2026-01-04,3.82
JD협재,2026-01-05,3.92
JD협재,2026-01-06,3.84
JD협재,2026-01-07,3.8
JD협재,2026-01-08,3.76
JD협재,2026-01-09,3.76
JD협재,2026-01-10,3.77
JD협재,2026-01-11,3.72
JD협재,2026-01-12,3.72
JD협재,2026-01-13,3.72
JD협재,2026-01-14,3.7
JD협재,2026-01-15,3.71
JD협재,2026-01-16,3.69
JD협재,2026-01-17,3.67
JD협재,2026-01-18,3.67
JD협재,2026-01-19,3.65
JD협재,2026-01-20,3.64
JD협재,2026-01-21,3.62
JD협재,2026-01-22,3.61
JD협재,2026-01-23,3.61
JD협재,2026-01-24,3.61
JD협재,2026-01-25,3.59
JD협재,2026-01-26,3.6
JD협재,2026-01-27,3.6
JD협재,2026-01-28,3.58
JD협재,2026-01-29,3.58
JD협재,2026-01-30,3.57
JD협재,2026-01-31,3.57
JD협재,2026-02-01,3.58
JD협재,2026-02-02,3.57
JD협재,2026-02-03,3.56
JD협재,2026-02-04,3.58
JD협재,2026-02-05,3.59
JD협재,2026-02-06,3.56
JD협재,2026-02-07,3.52
JD협재,2026-02-08,3.49
JD협재,2026-02-09,3.49
JD협재,2026-02-10,3.52
JD협재,2026-02-11,3.49
JD협재,2026-02-12,3.47
JD협재,2026-02-13,3.48
JD협재,2026-02-14,3.49
JD협재,2026-02-15,3.47
JD협재,2026-02-16,3.45
JD협재,2026-02-17,3.44
JD협재,2026-02-18,3.43
JD협재,2026-02-19,3.42
JD협재,2026-02-20,3.44
JD협재,2026-02-21,3.45
JD협재,2026-02-22,3.45
JD협재,2026-02-23,3.39
JD협재,2026-02-24,3.42
JD협재,2026-02-25,3.42
JD협재,2026-02-26,3.41
JD협재,2026-02-27,3.42
JD협재,2026-02-28,3.39
JD협재,2026-03-01,3.4
JD협재,2026-03-02,3.44
JD협재,2026-03-03,3.41
JD협재,2026-03-04,3.37
JD협재,2026-03-05,3.37
JD협재,2026-03-06,3.37
JD협재,2026-03-07,3.33
JD협재,2026-03-08,3.33
JD협재,2026-03-09,3.32
JD협재,2026-03-10,3.32
JD협재,2026-03-11,3.31
JD협재,2026-03-12,3.31
JD협재,2026-03-13,3.29
JD협재,2026-03-14,3.28
JD협재,2026-03-15,3.28
JD협재,2026-03-16,3.29
JD협재,2026-03-17,3.3
JD협재,2026-03-18,3.33
JD협재,2026-03-19,3.31
JD협재,2026-03-20,3.29
JD협재,2026-03-21,3.28
JD협재,2026-03-22,3.29
JD협재,2026-03-23,3.29
JD협재,2026-03-24,3.29
JD협재,2026-03-25,3.3
JD협재,2026-03-26,3.26
JD협재,2026-03-27,3.27
JD협재,2026-03-28,3.22
JD협재,2026-03-29,3.27
JD협재,2026-03-30,3.32
JD협재,2026-03-31,3.26
JD협재,2026-04-01,3.23
JD협재,2026-04-02,3.2
JD협재,2026-04-03,3.26
JD협재,2026-04-04,3.35
JD협재,2026-04-05,3.26
JD협재,2026-04-06,3.28
JD협재,2026-04-07,3.32
JD협재,2026-04-08,3.28
JD협재,2026-04-09,3.34
JD협재,2026-04-10,3.41
JD협재,2026-04-11,3.38
JD협재,2026-04-12,3.39
JD협재,2026-04-13,3.41
JD협재,2026-04-14,3.43
JD협재,2026-04-15,3.42
JD협재,2026-04-16,3.39
JD협재,2026-04-17,3.42
JD협재,2026-04-18,3.44
JD협재,2026-04-19,3.46
JD협재,2026-04-20,3.42
JD협재,2026-04-21,3.32
JD협재,2026-04-22,3.32
